rank,team,conf,record,adjoe,oe Rank,adjde,de Rank,barthag,rank,proj. W,Proj. L,Pro Con W,Pro Con L,Con Rec.,sos,ncsos,consos,Proj. SOS,Proj. Noncon SOS,Proj. Con SOS,elite SOS,elite noncon SOS,Opp OE,Opp DE,Opp Proj. OE,Opp Proj DE,Con Adj OE,Con Adj DE,Qual O,Qual D,Qual Barthag,Qual Games,FUN,ConPF,ConPA,ConPoss,ConOE,ConDE,ConSOSRemain,Conf Win%,WAB,WAB Rk,Fun Rk,adjt
1,Gonzaga,WCC,28-4,120.30751669413905,4,89.88797931826124,9,0.9661735081679721,1,28.0,4.0,13.0,1.0,13-1,0.5998440777572611,0.4933112413203609,0.6153062899786762,0.5998440777572611,0.4933112413203609,0.6153062899786762,0.7388533491547656,0.772833957081498,104.80082657993091,99.28233023636054,104.80082657993091,99.28233023636054,120.36128822841192,88.21872357245779,122.03379122592054,90.25913329044359,0.9697796019898175,13.0,-0.0005217262756771479,1271.0,942.0,1063.55,1.195054299280711,0.8857129425038786,0.0,0.9285714285714286,6.707808799167418,10,176,72.64493338274393
2,Houston,Amer,32-6,116.5381679141476,10,88.50162551870471,6,0.9594870094268348,2,32.0,6.0,15.0,3.0,15-3,0.6690430884575439,0.5602986535778475,0.6774157455718464,0.6690430884575439,0.5602986535778475,0.6774157455718464,0.744211462158504,0.8209351002166377,105.82887908207624,98.25995868256796,105.82887908207624,98.25995868256796,116.40951012308683,91.28326602279537,112.63608088848954,92.7117958253791,0.9036681715011382,11.0,-0.02749210673586322,1320.0,1099.0,1188.0375,1.1110760392664374,0.9250549751165262,0.0,0.8333333333333334,6.148863034325975,13,234,63.71628324468814
3,Kansas,B12,34-6,119.79335315017137,5,91.27003090270634,13,0.9580079489459967,3,34.0,6.0,14.0,4.0,14-4,0.7797265200415435,0.6266704467453442,0.8678137160459651,0.7797265200415435,0.6266704467453442,0.8678137160459651,0.6323764445439173,0.7954306627856822,108.03915274936881,94.70246947724327,108.03915274936881,94.70246947724327,119.90472966081695,93.46736375375859,118.90170635592592,91.84575664040754,0.9511605853810454,24.0,0.06035205472328897,1352.0,1244.0,1254.3000000000002,1.0778920513433785,0.9917882484254165,0.0,0.7777777777777778,10.403359847063756,1,56,69.11401391896406
4,Texas Tech,B12,27-10,110.51260994963214,41,85.40971465347258,1,0.9508837790367457,4,27.0,10.0,12.0,6.0,12-6,0.6951775913770607,0.3922906426566742,0.8686314257358798,0.6951775913770607,0.3922906426566742,0.8686314257358798,0.6398053701797688,0.8217954285781466,107.0172909765605,96.99119146476757,107.0172909765605,96.99119146476757,110.14663865793129,86.72708010778068,106.62675088309537,83.65628122194958,0.9421388231739604,22.0,-0.02921532545147265,1231.0,1133.0,1221.2625,1.0079733063121155,0.9277284777023777,0.0,0.6666666666666666,6.5667998290134095,11,240,66.31672056685129
5,Baylor,B12,27-7,117.77623359786435,8,91.3283257216224,14,0.9490561234406814,5,27.0,7.0,14.0,4.0,14-4,0.7186707654088148,0.5065601332349884,0.8688409774244874,0.7186707654088148,0.5065601332349884,0.8688409774244874,0.6482006237032244,0.80327311651297,106.81196965060239,96.51419569988246,106.81196965060239,96.51419569988246,118.30557239818606,92.00714674941835,117.0248871855814,91.19916940158457,0.9462121697108488,20.0,0.027334639271315297,1298.0,1195.0,1220.6375,1.063378767242527,0.9789966308588749,0.0,0.7777777777777778,8.902014257940586,2,107,67.55572137820674
6,Duke,ACC,32-7,122.71633914041207,1,95.98858785495912,53,0.944008288758042,6,32.0,7.0,16.0,4.0,16-4,0.6895151993236729,0.4597044498571152,0.7599169263278991,0.6895151993236729,0.4597044498571152,0.7599169263278991,0.6977282356315759,0.8010486004240338,107.84977202000188,98.576581982447,107.84977202000188,98.576581982447,121.40223886728536,93.68617396121938,124.34804231208854,93.96796696887039,0.9616354109500465,18.0,0.027539657778775317,1544.0,1338.0,1336.7749999999999,1.1550186082175387,1.000916384582297,0.0,0.8,7.180498418186047,7,105,67.42024207325306
7,Tennessee,SEC,27-8,111.30595227753736,34,87.07342615033093,3,0.9439382210701083,7,27.0,8.0,14.0,4.0,14-4,0.7265358365830862,0.5970690099674753,0.7916766384925593,0.7265358365830862,0.5970690099674753,0.7916766384925593,0.662887243437168,0.7047201235212115,107.97669732811035,96.91035717972825,107.97669732811035,96.91035717972825,110.62529692018636,89.6673281715854,108.97954858931412,87.03567791848207,0.9299345421124195,19.0,0.00538914448906791,1296.0,1196.0,1258.3125,1.029950827000447,0.9504793125714002,0.0,0.7777777777777778,7.950017915997805,4,167,67.34888042529899
8,Villanova,BE,30-8,117.17091020001905,9,92.98180691521094,26,0.9345722580734107,8,30.0,8.0,16.0,4.0,16-4,0.7442962051506431,0.6494488063855854,0.7520644037457167,0.7442962051506431,0.6494488063855854,0.7520644037457167,0.6597826913311627,0.6550637278715941,108.83127776007105,97.04635706623996,108.83127776007105,97.04635706623996,119.28246999586027,95.37658220097907,114.9585322627782,93.57440502204909,0.914265653456103,19.0,0.051699364110988855,1474.0,1294.0,1296.7625,1.1366769165517971,0.9978696947205058,0.0,0.8,7.282655218096386,6,70,62.1964180289096
9,Arizona,P12,33-4,118.03806157142374,7,93.73374577002673,35,0.934091799837338,9,33.0,4.0,18.0,2.0,18-2,0.6480359033003488,0.5133533988977689,0.6869194185256732,0.6480359033003488,0.5133533988977689,0.6869194185256732,0.737444455802103,0.781628241192282,105.68393224294293,98.77498247298097,105.68393224294293,98.77498247298097,117.62800197179833,92.96286967695761,117.72167642015272,90.92323621966847,0.9512252009523829,10.0,0.09290280847612342,1641.0,1365.0,1442.1750000000002,1.1378646835508865,0.9464870768110665,0.0,0.9,8.755673500562802,3,22,72.25769530357734
10,UCLA,P12,27-8,115.83656861377091,12,92.24744122900161,20,0.9320501224596713,10,27.0,8.0,15.0,5.0,15-5,0.6877565576284166,0.571359350428751,0.6967464823150185,0.6877565576284166,0.571359350428751,0.6967464823150185,0.7189855581998071,0.7522347546091576,106.90648578870359,98.10935930108943,106.90648578870359,98.10935930108943,113.6888592819136,90.92096992724026,113.74592358135178,92.20890589603437,0.9178864591606769,11.0,-0.011609047354787516,1471.0,1259.0,1346.85,1.092178045068122,0.9347737312989569,0.0,0.75,5.049450609824678,15,198,65.3678932266121
11,Kentucky,SEC,26-8,119.37561333270436,6,95.39887260216815,44,0.9294580445128274,11,26.0,8.0,14.0,4.0,14-4,0.6729473806970129,0.48002606538430614,0.7899343721257749,0.6729473806970129,0.48002606538430614,0.7899343721257749,0.6792538843324382,0.7796398367794659,106.14131411081814,97.18773842696358,106.14131411081814,97.18773842696358,120.44897926355459,95.48528845819881,120.60918166576116,93.31766640996447,0.9502766590259801,16.0,0.029181529306389398,1395.0,1246.0,1248.8874999999998,1.1169941247710464,0.9976879422686192,0.0,0.7777777777777778,6.86997280333354,9,102,67.7713425893369
12,Purdue,B10,29-8,121.59191836800122,2,97.51686343669482,86,0.9267237946816506,12,29.0,8.0,14.0,6.0,14-6,0.705625500231539,0.48395067097777617,0.8087208896701978,0.705625500231539,0.48395067097777617,0.8087208896701978,0.6994528830343171,0.838726158942837,107.89902334612702,98.49584590864437,107.89902334612702,98.49584590864437,120.9847905161067,97.76960599504358,122.48264093170974,97.77837217010544,0.9302514242764773,16.0,0.029496972683804912,1514.0,1414.0,1340.8249999999998,1.1291555572129102,1.0545746089161525,0.0,0.7,7.007857362397103,8,101,66.01037473003291
13,Iowa,B10,26-10,121.15789847511866,3,97.19455952408845,80,0.9265163585020728,13,26.0,10.0,12.0,8.0,12-8,0.6706924994315228,0.4067503090344229,0.783825908983499,0.6706924994315228,0.4067503090344229,0.783825908983499,0.7206774098023755,0.8639578177724627,106.96889491795615,99.13632022252675,106.96889491795615,99.13632022252675,118.04493455241106,96.61824948399203,119.36405841901856,102.09672552979688,0.857778604787883,13.0,-0.050278840416303594,1591.0,1454.0,1408.825,1.1293098858978226,1.0320657285326424,0.0,0.6,4.543251463931174,16,283,69.79518573439567
14,Auburn,SEC,28-6,111.67489557230812,30,90.00955502706091,10,0.9227474144960433,14,28.0,6.0,15.0,3.0,15-3,0.7033396243212457,0.6223045106568434,0.7529643852982401,0.7033396243212457,0.6223045106568434,0.7529643852982401,0.725769883983764,0.7944662773205733,106.79763216097727,97.70766823758308,106.79763216097727,97.70766823758308,112.77641886164737,89.58399883640283,111.44288836708024,89.06168539880518,0.9294390772649673,16.0,0.05263257399530674,1398.0,1231.0,1307.0625,1.0695739492181897,0.9418065318223114,0.0,0.8333333333333334,7.412964027091019,5,68,69.99058437839136
15,Texas,B12,22-12,112.50744446355249,24,91.48991382803399,15,0.9151414245364752,15,22.0,12.0,10.0,8.0,10-8,0.6949117837994523,0.4014549031280571,0.8727133472810304,0.6949117837994523,0.4014549031280571,0.8727133472810304,0.6375951828272166,0.8317325264170422,107.09080487884194,97.18995712245155,107.09080487884194,97.18995712245155,113.37989082302066,92.13624866576102,115.19035128283622,95.17013229709946,0.8998517168771651,20.0,-0.019563429240708308,1210.0,1176.0,1187.175,1.0192263145703035,0.9905868974666752,0.0,0.5555555555555556,3.352664848466695,25,216,63.53340514888288
16,North Carolina,ACC,29-10,114.43081917672853,17,93.4523432525497,33,0.9112477936881017,16,29.0,10.0,15.0,5.0,15-5,0.7205653603447925,0.5953566062951455,0.7304383133898742,0.7205653603447925,0.5953566062951455,0.7304383133898742,0.6690432500815707,0.7532510197706227,109.2704347969067,98.00798333534763,109.2704347969067,98.00798333534763,115.01511363866578,96.70968833286337,111.73053269770978,96.64278876488828,0.8413472824264991,17.0,0.052699800544364295,1572.0,1457.0,1413.1000000000001,1.1124478097799164,1.0310664496497062,0.0,0.75,4.253761802436311,19,67,70.07180183264603
17,Memphis,Amer,22-11,112.44292490042707,25,92.63117699548062,23,0.9028175087469746,17,22.0,11.0,13.0,5.0,13-5,0.6934089945113522,0.6271282978788206,0.6854483553270432,0.6934089945113522,0.6271282978788206,0.6854483553270432,0.7207928506824848,0.7874335578934584,106.67202869425905,97.59046217006828,106.67202869425905,97.59046217006828,112.4500632213601,93.9994233517137,114.14155107323252,91.5084225472988,0.9270068849021544,10.0,-0.05908801672053354,1353.0,1225.0,1267.4499999999996,1.0674977316659437,0.9665075545386409,0.0,0.7222222222222222,1.3479770704611544,45,296,70.03474250622426
18,Virginia Tech,ACC,23-13,115.5624580181473,14,95.20836373052359,43,0.9027401570490461,18,23.0,13.0,11.0,9.0,11-9,0.6826333535570792,0.5093906531305824,0.7285823897610205,0.6826333535570792,0.5093906531305824,0.7285823897610205,0.7084037296484555,0.8010934776194606,107.29007142180188,98.7623456016295,107.29007142180188,98.7623456016295,114.90871863660391,99.09935623806676,110.72763820341765,93.64131668188693,0.8729636203978309,13.0,-0.07458270812543533,1361.0,1301.0,1235.8750000000002,1.1012440578537472,1.052695458683119,0.0,0.55,1.730841542156242,40,316,63.29095939624004
19,Saint Mary's,WCC,26-8,109.79095273530845,47,90.48367917312068,11,0.9024016651083433,19,26.0,8.0,12.0,3.0,12-3,0.6332796002528196,0.5686007854585903,0.6323565238067512,0.6332796002528196,0.5686007854585903,0.6323565238067512,0.7339896158309028,0.803848395570222,106.82729278233384,98.92881481949388,106.82729278233384,98.92881481949388,109.33785045870671,89.24534344798653,107.93125264378216,91.47924543261165,0.8701060862172934,12.0,0.02690927427408296,1056.0,910.0,981.5875000000001,1.0758083207049804,0.9270696703044812,0.0,0.8,3.932186864054544,22,110,63.66401421916942
20,Illinois,B10,23-10,111.93433555424558,27,92.96602680558672,25,0.8942871338629202,20,23.0,10.0,15.0,5.0,15-5,0.7305133855145755,0.5396501594667855,0.806503874589645,0.7305133855145755,0.5396501594667855,0.806503874589645,0.6811078374405255,0.8143759193306513,108.79257603084208,97.97249942356105,108.79257603084208,97.97249942356105,114.27543219935635,92.36937913602307,115.1600172197829,93.83205517726621,0.913361297183388,13.0,0.027014684149735846,1485.0,1379.0,1366.7,1.086558864417941,1.0089997804931587,0.0,0.75,4.149447513145183,20,109,67.08645430715654
21,Arkansas,SEC,28-9,108.70292308675252,60,90.68404089904024,12,0.8893608378008193,21,28.0,9.0,13.0,5.0,13-5,0.6991491189740703,0.50022555556533,0.7868532257188225,0.6991491189740703,0.50022555556533,0.7868532257188225,0.703580354056017,0.8750862426598481,107.29987932874633,97.83079260376637,107.29987932874633,97.83079260376637,109.82369929553687,89.06104824702926,108.98687265808336,93.01842095056811,0.8607991996683197,16.0,0.07193432569752767,1341.0,1208.0,1297.1875,1.0337749939773548,0.9312454830161407,0.0,0.7222222222222222,4.4637300943054745,17,39,70.62696922453756
22,LSU,SEC,22-12,106.3119935638941,96,89.64872408877086,8,0.8765881457894031,22,22.0,12.0,9.0,9.0,9-9,0.6891717297032759,0.5129886021274713,0.8056792030658565,0.6891717297032759,0.5129886021274713,0.8056792030658565,0.6975697411101806,0.8493453566927877,106.64535008756835,97.67836866416026,106.64535008756835,97.67836866416026,106.28885794537422,90.62424012778176,106.44237312827569,90.46365021751387,0.8665207132537808,17.0,-0.012000569473064271,1247.0,1224.0,1262.3125,0.9878694855671635,0.9696489577660049,0.0,0.5,2.2803284130686077,32,201,68.67523944626531
23,San Francisco,WCC,24-10,110.17281808901316,44,93.03719480904361,27,0.8748002118821318,23,24.0,10.0,10.0,6.0,10-6,0.6075419363864092,0.5521726104271811,0.613681805408884,0.6075419363864092,0.5521726104271811,0.613681805408884,0.7629874743413665,0.8339324022270626,105.52880811530484,99.07133081044557,105.52880811530484,99.07133081044557,111.72425837408339,93.3306440841534,111.3524276016999,97.72438376569568,0.8177704511248036,8.0,-0.022051227115369998,1258.0,1106.0,1149.925,1.093984390286323,0.9618018566428246,0.0,0.625,1.6299273808407946,42,220,68.95338523276226
24,Michigan,B10,19-15,113.89347516697393,19,96.23068962136252,62,0.8741240565681089,24,19.0,15.0,11.0,9.0,11-9,0.7682632659432017,0.6440996325858708,0.805863344774133,0.7682632659432017,0.6440996325858708,0.805863344774133,0.6426730778663923,0.7469970147601577,109.83897287051421,96.88466541822318,109.83897287051421,96.88466541822318,115.96644339103526,98.98487073254958,112.40859370554688,95.99093144425396,0.8600489615102953,18.0,-0.035029974476981085,1483.0,1440.0,1341.1374999999998,1.1057777446384134,1.0737154094938066,0.0,0.55,0.15886954722230945,56,253,66.42682286745054
25,Connecticut,BE,23-10,113.19830415012254,22,95.88684287412937,52,0.8708710834378778,25,23.0,10.0,13.0,6.0,13-6,0.6601120409686532,0.4553638225503853,0.7517267485584196,0.6601120409686532,0.4553638225503853,0.7517267485584196,0.7284320735888455,0.8161806113649913,104.97655597703783,97.97684958500989,104.97655597703783,97.97684958500989,113.66816365923954,96.27392812352277,113.04993318898302,97.11780933431592,0.851562085642366,11.0,0.016622797504152853,1384.0,1287.0,1276.4624999999999,1.084246501561934,1.0082552366403243,0.0,0.6842105263157895,3.076163915138945,26,136,65.03280762430866
26,TCU,B12,21-13,108.60336692305293,63,92.07178966011708,18,0.8697827060979213,26,21.0,13.0,8.0,10.0,8-10,0.7252675376247919,0.4375520546840481,0.8778477275790828,0.7252675376247919,0.4375520546840481,0.8778477275790828,0.6328001712629224,0.8776175359849633,107.57592261058159,96.00465027106355,107.57592261058159,96.00465027106355,108.79854625797788,92.28039553993327,109.17476210673571,90.98844765877676,0.8904650095414751,19.0,0.03623411067641402,1160.0,1198.0,1198.7375,0.9676847516658151,0.9993847693927987,0.0,0.4444444444444444,2.919009377109053,27,93,65.89315868773463
27,San Diego St.,MWC,23-9,102.35114639397,173,86.92135945832234,2,0.8675152730905573,27,23.0,9.0,13.0,4.0,13-4,0.6509492562784687,0.5759530109294536,0.6602745918224291,0.6509492562784687,0.5759530109294536,0.6602745918224291,0.7576292931602608,0.7945254869567114,105.29851110832941,98.71632791086952,105.29851110832941,98.71632791086952,103.47658242898625,86.31940976635701,101.75491745684931,87.07329585906005,0.8571593820248304,8.0,0.01277113370885774,1144.0,988.0,1126.4375000000002,1.0155911890362312,0.8771014814403816,0.0,0.7647058823529411,2.612180607243106,30,147,65.30124859058849
28,Indiana,B10,21-14,107.68329541822972,74,91.60976839418211,16,0.8651862325631605,28,21.0,14.0,9.0,11.0,9-11,0.6953052048242664,0.42807094320684325,0.7845798809708721,0.6953052048242664,0.42807094320684325,0.7845798809708721,0.7015406525958086,0.8692333931052305,108.10381602136484,98.71615876041301,108.10381602136484,98.71615876041301,107.38721261347072,91.76538868231393,105.34152168724876,92.66154798215322,0.8138043299167568,15.0,-0.042758723851946456,1344.0,1343.0,1333.7250000000001,1.0077039869538322,1.0069542072016344,0.0,0.45,0.21919476603365223,54,268,67.24390941616876
29,Oklahoma,B12,19-16,110.58457592650238,40,94.09586550781324,36,0.8649311076016671,29,19.0,16.0,7.0,11.0,7-11,0.7307442428464807,0.5009852685544771,0.8783941036820302,0.7307442428464807,0.5009852685544771,0.8783941036820302,0.6319311451816602,0.8171037307528578,107.15417678268085,95.50846374401242,107.15417678268085,95.50846374401242,111.12358207773838,95.16780213453248,110.5241420197332,94.44710896179805,0.8590874111595769,18.0,-0.031248617377543475,1168.0,1213.0,1184.3500000000001,0.9861949592603537,1.024190484231857,0.0,0.3888888888888889,1.08305840416986,48,244,65.1633222688153
30,Ohio St.,B10,20-12,115.45930988199711,15,98.51245013094109,109,0.8612194214955565,30,20.0,12.0,12.0,8.0,12-8,0.7278597650878865,0.5758235212893257,0.78130073231035,0.7278597650878865,0.5758235212893257,0.78130073231035,0.690998215604937,0.7874041269516626,107.97555521153392,97.84368286090678,107.97555521153392,97.84368286090678,117.07423768587537,98.9845657277713,109.74848483643676,94.51418674572064,0.8479451879679748,12.0,0.002404458286221711,1455.0,1390.0,1313.1875,1.107991052305935,1.0584931702441578,0.0,0.6,1.3223614224925733,46,172,65.1476668307701
31,Alabama,SEC,19-14,115.16887389259072,16,98.2648409071909,100,0.8612166628486525,31,19.0,14.0,9.0,9.0,9-9,0.771513771515286,0.7343228359297472,0.7922833880518971,0.771513771515286,0.7343228359297472,0.7922833880518971,0.6503391034127958,0.6779858318493606,109.18314911990083,96.15182266407737,109.18314911990083,96.15182266407737,115.1213127176187,100.7157030374341,116.18111482007845,96.73426548785064,0.8915430234499194,19.0,-0.0032284256175906245,1401.0,1405.0,1320.8375,1.0606906602818287,1.0637190418957667,0.0,0.5,1.9562909673511872,34,182,71.82811587682227
32,Texas A&M,SEC,27-13,109.20069032157858,54,93.2734961783039,30,0.8597229712256665,32,27.0,13.0,9.0,9.0,9-9,0.6451317598777058,0.4074736387813959,0.7499223710012776,0.6451317598777058,0.4074736387813959,0.7499223710012776,0.7248350022113723,0.870139594646876,105.91056513695047,98.3211303947236,105.91056513695047,98.3211303947236,109.57602045706969,96.75388850780408,108.13452919246895,92.35339245093857,0.8598647398296282,17.0,0.01065161918662505,1275.0,1275.0,1247.9249999999997,1.0216960153855401,1.0216960153855401,0.0,0.5,1.2364880343294413,47,153,66.49935353630549
33,Oklahoma St.,B12,15-15,102.8748629979741,164,88.01175924384277,4,0.8574772827940904,33,15.0,15.0,8.0,10.0,8-10,0.7445394030627184,0.5424996985320308,0.8792325394165097,0.7445394030627184,0.5424996985320308,0.8792325394165097,0.6331546166263831,0.823012252210135,108.35189899267793,95.7874509438483,108.35189899267793,95.7874509438483,103.29141416736013,87.03157162177598,101.30341252007598,85.92804437164669,0.8690987144649391,17.0,-0.06386428090131158,1155.0,1158.0,1231.3000000000002,0.9380329732802728,0.9404694225615202,0.0,0.4444444444444444,-0.7894252120651213,65,305,67.95671064560446
34,Providence,BE,27-6,111.43505088808371,33,95.47954329084331,46,0.8553376438603657,34,27.0,6.0,14.0,3.0,14-3,0.682661753607221,0.5447051025106863,0.7452865986749077,0.682661753607221,0.5447051025106863,0.7452865986749077,0.7297848812011954,0.8099263909320481,106.37408433735871,98.28207489958463,106.37408433735871,98.28207489958463,112.68261704655887,96.3390734687042,112.53790712919525,95.20919811457352,0.8724676984359498,9.0,0.15889767256814735,1251.0,1179.0,1160.6499999999999,1.0778443113772456,1.0158101064058933,0.0,0.8235294117647058,5.8719539144496835,14,2,65.33290707875922
35,Wake Forest,ACC,25-10,110.73413057251415,38,94.95131448801176,41,0.8542498685432109,35,25.0,10.0,13.0,7.0,13-7,0.6236625663263818,0.3538647960947998,0.7476747455837971,0.6236625663263818,0.3538647960947998,0.7476747455837971,0.7600718666327935,0.9180089184663754,106.49174571011383,100.70729648257324,106.49174571011383,100.70729648257324,114.92418565054086,95.26737836710528,111.28935908482003,98.63414370582571,0.8003104580700068,10.0,0.018695350796494203,1572.0,1421.0,1406.65,1.1175487861230582,1.0102015426723066,0.0,0.65,1.4484365440793565,44,131,70.3909141373095
36,Notre Dame,ACC,24-11,112.77960789021677,23,96.70973566502298,72,0.8541834737540694,36,24.0,11.0,15.0,5.0,15-5,0.6648390535481167,0.5143226174882201,0.706705389488447,0.6648390535481167,0.5143226174882201,0.706705389488447,0.7170127163633906,0.7655259226218121,107.14363646677916,98.39948765564894,107.14363646677916,98.39948765564894,113.59481724604316,96.03792972153065,111.300768178497,93.52963014206186,0.8808511970489268,14.0,0.04122927392555065,1453.0,1339.0,1329.0249999999996,1.09328266962623,1.0075055021538348,0.0,0.75,1.8500150446803654,37,85,65.40035127675236
37,Wisconsin,B10,25-8,108.68276412491477,61,93.39576253245556,31,0.851099822571824,37,25.0,8.0,15.0,5.0,15-5,0.7282680872357649,0.5849113958469732,0.7953010072526668,0.7282680872357649,0.5849113958469732,0.7953010072526668,0.6860031539988822,0.7596371013286893,108.32412255794156,97.76437003905389,108.32412255794156,97.76437003905389,109.9055747613676,93.28559072961158,109.7494325767147,88.44449597803847,0.9228691367560663,15.0,0.15606674865589476,1404.0,1368.0,1349.0999999999997,1.0406937958639095,1.0140093395597067,0.0,0.75,6.452793932578361,12,3,66.41374866403389
38,Miami FL,ACC,26-11,113.5616341141482,21,97.87850059990969,93,0.8467216186776014,38,26.0,11.0,14.0,6.0,14-6,0.7027128558436989,0.5271801148244627,0.7548894640099584,0.7027128558436989,0.5271801148244627,0.7548894640099584,0.704048056760304,0.8246496184394584,107.43070517026239,97.91062094418066,107.43070517026239,97.91062094418066,116.86430437768301,99.61319806443213,113.80764432731236,94.48565321358777,0.894703237139267,13.0,0.08569606410300767,1516.0,1418.0,1347.2,1.1252969121140142,1.0525534441805224,0.0,0.7,2.574541568781594,31,28,67.71236163332841
39,Loyola Chicago,MVC,25-8,106.91232940845116,86,92.3168671186973,22,0.8439604617072881,39,25.0,8.0,13.0,5.0,13-5,0.5626999339846837,0.5251146824412685,0.5444224831045198,0.5626999339846837,0.5251146824412685,0.5444224831045198,0.8087370901604768,0.7775596854699923,104.2092394911872,100.90267011295208,104.2092394911872,100.90267011295208,107.37340322670795,97.238632172751,103.59657171242687,89.12313433999304,0.849486703655635,5.0,0.022569125330629047,1307.0,1154.0,1193.5,1.0950984499371597,0.9669040636782572,0.0,0.7222222222222222,1.7571652686788122,39,118,64.59403553197194
40,Boise St.,MWC,27-8,107.58580461510229,78,92.93217162598542,24,0.8434092312223547,40,27.0,8.0,15.0,3.0,15-3,0.6238302820854856,0.5016149289576167,0.6758279958918859,0.6238302820854856,0.5016149289576167,0.6758279958918859,0.7822816939752286,0.8668646034379328,104.36285236949814,98.50633050715204,104.36285236949814,98.50633050715204,111.43562808596646,94.53256345301821,102.46906131953858,87.55413719300225,0.8592399308292044,8.0,0.07161442458067369,1242.0,1124.0,1159.0874999999999,1.0715325633310688,0.9697283423382619,0.0,0.8333333333333334,3.494133498135395,24,41,64.52054396650205
41,Michigan St.,B10,23-13,111.62627050181527,31,96.60609755824633,70,0.8404952287640914,41,23.0,13.0,11.0,9.0,11-9,0.7400797057450464,0.5987072486183308,0.7885666571403296,0.7400797057450464,0.5987072486183308,0.7885666571403296,0.6669633322531454,0.7433678087952519,109.29368210759048,97.76628226105026,109.29368210759048,97.76628226105026,110.88773307487165,97.48330397034712,111.02263037038342,95.9737657261873,0.8422520139776557,17.0,0.07168427331089944,1406.0,1399.0,1339.3375,1.049772742120638,1.044546277543935,0.0,0.55,2.8807609040681994,28,40,67.59329831032075
42,Washington St.,P12,22-15,107.62069753942978,77,93.14472425146229,29,0.840408822621591,42,22.0,15.0,11.0,9.0,11-9,0.6361221209034104,0.4658286725419099,0.6841743154803961,0.6361221209034104,0.4658286725419099,0.6841743154803961,0.775945868551038,0.8936414934874306,105.59719242549366,99.5953851295369,105.59719242549366,99.5953851295369,106.76943345301227,93.2408895214131,98.5032383423212,90.90663569820609,0.7156425822995841,8.0,-0.09699619648654789,1370.0,1292.0,1329.9125,1.0301429605331178,0.9714924854078747,0.0,0.55,-4.0366511963272895,112,342,66.24462006195105
43,Iowa St.,B12,22-13,101.7495275511096,184,88.39363692150422,5,0.8345485659758806,43,22.0,13.0,7.0,11.0,7-11,0.707808420723475,0.41350178703856005,0.8818043404492446,0.707808420723475,0.41350178703856005,0.8818043404492446,0.6337843039529658,0.8487368870699393,107.58686995301899,97.02956247915428,107.58686995301899,97.02956247915428,106.05919925635637,92.45534753580493,104.9911744599408,88.25478700612892,0.8804771165377115,23.0,0.09314141005947463,1142.0,1221.0,1204.3625,0.9482194937155549,1.0138143623701337,0.0,0.3888888888888889,2.821275393377368,29,21,66.30952096376386
44,Dayton,A10,24-11,108.77934552223661,58,94.52466433451477,39,0.8341456184376908,44,24.0,11.0,14.0,4.0,14-4,0.5575446599327463,0.4948011848908705,0.5737620185765053,0.5575446599327463,0.4948011848908705,0.5737620185765053,0.8060322216635565,0.8010322657206183,103.32856923287339,100.63092882064225,103.32856923287339,100.63092882064225,110.73726022701857,92.10569828345916,114.71239096386523,92.37376550162824,0.9234892477238399,7.0,-0.037900349682498224,1227.0,1041.0,1132.6000000000001,1.0833480487374183,0.9191241391488609,0.0,0.7777777777777778,-1.1857086926437101,70,259,63.05016876953694
45,Syracuse,ACC,16-17,116.14326556844112,11,101.3629585353987,153,0.8271186537815525,45,16.0,17.0,9.0,11.0,9-11,0.698037154511622,0.6046032527387225,0.7378630303156595,0.698037154511622,0.6046032527387225,0.7378630303156595,0.7034618904165496,0.77785003633763,107.76599094749528,98.12307611862558,107.76599094749528,98.12307611862558,114.56744674203034,101.57781780858599,114.24457098182324,103.66391566009423,0.7535535533338116,11.0,-0.11161036288263793,1493.0,1483.0,1368.7875,1.0907463722455093,1.0834406363295983,0.0,0.45,-3.763388298244708,105,348,67.74550647377522
46,Davidson,A10,27-7,115.78879574760705,13,101.11410189016858,148,0.826132168631688,46,27.0,7.0,15.0,3.0,15-3,0.5369910524708797,0.4429694035992022,0.5630507720751198,0.5369910524708797,0.4429694035992022,0.5630507720751198,0.8304355037248097,0.8633922281786944,102.19717853023188,99.98912885098007,102.19717853023188,99.98912885098007,116.68375077727642,104.29636179425952,119.5121432683959,103.27412658822296,0.8428194659497599,5.0,0.05180835666885786,1338.0,1204.0,1181.5249999999999,1.1324347770889318,1.019022026618142,0.0,0.8333333333333334,2.133249018647138,33,69,64.62814545002456
47,Murray St.,OVC,31-3,110.0431380401343,45,96.21466124576635,61,0.8240951952930101,47,31.0,3.0,18.0,0.0,18-0,0.4184373494422897,0.4546811638044896,0.34586412793704574,0.4184373494422897,0.4546811638044896,0.34586412793704574,0.871923096083494,0.8263788391298991,101.18458592132467,102.84147779097705,101.18458592132467,102.84147779097705,109.49497885359757,95.34385834384105,114.53638952283745,97.79896033343418,0.8601762179302043,3.0,0.10391371164400998,1375.0,1065.0,1194.5749999999998,1.1510369796789655,0.8915304606240715,0.0,1.0,3.5085349671674626,23,13,66.0399550517996
48,Xavier,BE,23-13,110.90700321360953,36,97.17716342413604,79,0.8205086548513714,48,23.0,13.0,8.0,11.0,8-11,0.6971805983506266,0.5683473272005842,0.7741710522504456,0.6971805983506266,0.5683473272005842,0.7741710522504456,0.7312644799746726,0.8075198030477222,106.29670881333352,97.56044200993442,106.29670881333352,97.56044200993442,110.00927551096517,99.88010631464367,109.40743037922873,95.87338854348583,0.8203291486353129,14.0,0.0272505989367815,1366.0,1393.0,1318.5374999999997,1.035996321682167,1.0564735549804236,0.0,0.42105263157894735,-1.056129127118986,68,108,68.56612788297979
49,Colorado St.,MWC,25-6,111.85569443714272,28,98.09597874574465,95,0.8189911083834138,49,25.0,6.0,14.0,4.0,14-4,0.6105816857965113,0.4432046106330355,0.6637961507744552,0.6105816857965113,0.4432046106330355,0.6637961507744552,0.7800793960196969,0.8649452267582489,104.51292116741563,99.22059311966096,104.51292116741563,99.22059311966096,111.83549000590567,98.60286495448597,111.84806839924052,93.88961481525921,0.8821291374303245,7.0,0.1374376657542985,1267.0,1188.0,1178.9249999999997,1.0747078906631042,1.0076976906927924,0.0,0.7777777777777778,4.297726484123616,18,5,65.56296187892241
50,St. John's,BE,17-15,110.19819057228196,43,96.70996720237122,73,0.8177960143762565,50,17.0,15.0,8.0,11.0,8-11,0.6441660022111608,0.4105406785411377,0.7660818094091588,0.6441660022111608,0.4105406785411377,0.7660818094091588,0.7324034480310438,0.8608765285769362,105.31891606160437,98.76806636210812,105.31891606160437,98.76806636210812,109.64767048995361,96.53161801790291,107.45434769167512,95.18711819045969,0.8012375138782031,12.0,-0.0904919599670807,1481.0,1445.0,1422.8249999999998,1.0408869678280885,1.0155851914325376,0.0,0.42105263157894735,-3.3063246465866323,98,333,73.56892242838462
51,Creighton,BE,23-12,104.82014594080569,123,92.13400925862976,19,0.8151038526726528,51,23.0,12.0,12.0,7.0,12-7,0.7023060253680659,0.5197228854290149,0.7615590967074031,0.7023060253680659,0.5197228854290149,0.7615590967074031,0.7078518140951572,0.8572259240807463,107.0441967821951,97.90558354559847,107.0441967821951,97.90558354559847,102.74246774000424,91.76310146264113,105.53043988728632,92.32145147157739,0.8231466529510246,14.0,0.07846780768860573,1280.0,1282.0,1309.9,0.9771738300633636,0.9787006641728375,0.0,0.631578947368421,1.7143170000696686,41,33,66.98805554531975
52,VCU,A10,22-10,100.87742356684225,202,88.94256748259565,7,0.8096944389576398,52,22.0,10.0,14.0,4.0,14-4,0.6410962562587986,0.6476324412853166,0.6234462669395795,0.6410962562587986,0.6476324412853166,0.6234462669395795,0.7754227693078148,0.7668915352367066,105.83734877206749,99.53786769674541,105.83734877206749,99.53786769674541,103.30681217037954,89.77941333375259,96.58266208873059,82.2025243569242,0.8645904654854467,8.0,0.034659389033808385,1252.0,1139.0,1240.525,1.0092501158783578,0.9181596501481227,0.0,0.7777777777777778,0.505195424627482,52,96,68.54650525245633
53,North Texas,CUSA,25-7,104.61109866598207,128,92.31506282559994,21,0.8081427004167958,53,25.0,7.0,16.0,2.0,16-2,0.49564695799874103,0.5056897793166136,0.4726698229167679,0.49564695799874103,0.5056897793166136,0.4726698229167679,0.8500125951357557,0.8048028007932132,103.79699604380184,102.389010935095,103.79699604380184,102.389010935095,106.44264675447745,94.3689658782758,101.55173369755802,91.18696288344393,0.7752242107306918,3.0,0.025353085007236542,1184.0,1006.0,1083.075,1.0931837592041178,0.9288368764859313,0.0,0.8888888888888888,0.7219579523449581,49,113,59.1643912352951
54,Utah St.,MWC,18-16,109.16913948687825,56,96.4518342841366,68,0.8060161074269855,54,18.0,16.0,8.0,10.0,8-10,0.5953069723835076,0.5317515993278952,0.6386769231978061,0.5953069723835076,0.5317515993278952,0.6386769231978061,0.7841938400974524,0.8039030981342041,104.52222325058676,99.35539928308786,104.52222325058676,99.35539928308786,107.96714629056281,96.31243112161698,107.78965438504414,95.80043075832579,0.7951115562871597,9.0,-0.13416439593597218,1257.0,1176.0,1200.7,1.0468893145665028,0.9794286666111435,0.0,0.4444444444444444,-4.718606784835361,123,355,66.70265058087955
55,Florida,SEC,20-14,109.81392306491344,46,97.04409584242308,78,0.8055971598195512,55,20.0,14.0,9.0,9.0,9-9,0.6709740956056541,0.4949895929374272,0.7780285635989939,0.6709740956056541,0.4949895929374272,0.7780285635989939,0.7222512257085428,0.8489468907137463,105.83146939095435,97.70290201556061,105.83146939095435,97.70290201556061,111.40340431737349,98.81386991858955,108.23983395195715,98.74774249205564,0.7418259030211891,14.0,-0.003760706062118535,1216.0,1241.0,1170.6375,1.0387502536011362,1.0601061387491857,0.0,0.5,-0.9245109427020864,66,184,65.52893470312685
56,SMU,Amer,24-9,107.86894947800117,71,95.4156486531796,45,0.8038852076500553,56,24.0,9.0,13.0,4.0,13-4,0.6076117497110126,0.4832902559194711,0.6875506785028552,0.6076117497110126,0.4832902559194711,0.6875506785028552,0.7799047863183279,0.8748378562753821,104.4757694409979,99.43835844749627,104.4757694409979,99.43835844749627,108.44180711469033,95.62565248235109,108.44937176567642,93.41962379255257,0.8475603399775481,7.0,0.06667865991643263,1209.0,1131.0,1167.0624999999998,1.0359342365982973,0.9690997697209877,0.0,0.7647058823529411,1.835548308540198,38,45,68.34042713222853
57,West Virginia,B12,16-17,108.55557443719077,64,96.09850676510783,55,0.8024562754289597,57,16.0,17.0,4.0,14.0,4-14,0.74456305089606,0.5291373508830052,0.8853866088103848,0.74456305089606,0.5291373508830052,0.8853866088103848,0.6259488960216251,0.8250964754653796,108.18858311334876,95.64191986697712,108.18858311334876,95.64191986697712,111.2517406019438,97.74233550651905,108.43462829415114,98.11181617178102,0.759594250770771,19.0,-0.0024387654262887914,1210.0,1327.0,1241.5249999999999,0.9746078411630859,1.068846781176376,0.0,0.2222222222222222,-1.0926810374325406,69,180,67.94914494299647
58,USC,P12,26-8,108.62663570807786,62,96.1823072230969,59,0.8020599268167629,58,26.0,8.0,14.0,6.0,14-6,0.6334197002099926,0.4430140080602897,0.7110730240710873,0.6334197002099926,0.4430140080602897,0.7110730240710873,0.7558345353884629,0.882714259824328,104.87637001612367,98.64801644237505,104.87637001612367,98.64801644237505,110.42807158645644,98.3378141015753,110.3994798605306,95.36046187873333,0.8434434827757613,9.0,0.13730723636566244,1442.0,1383.0,1355.6625,1.0636865739075914,1.0201654172775305,0.0,0.7,4.084234549714319,21,6,66.19090617788625
59,Virginia,ACC,21-14,107.37716695740988,79,95.12317627848248,42,0.8011522499838682,59,21.0,14.0,12.0,8.0,12-8,0.6668185853350576,0.46137744423447186,0.7463982577146379,0.6668185853350576,0.46137744423447186,0.7463982577146379,0.7098762104111946,0.803751523071476,107.43250094468894,99.05880025963869,107.43250094468894,99.05880025963869,111.91760664392321,97.58452850078059,110.45218109714028,95.0912024467411,0.8483967566265757,14.0,0.020995561085664582,1273.0,1262.0,1196.1999999999998,1.064203310483197,1.0550075238254475,0.0,0.6,-0.5124244817264043,61,122,59.347789048719925
60,UAB,CUSA,27-8,111.82132127421718,29,99.11605336716161,120,0.8001168071348119,60,27.0,8.0,14.0,4.0,14-4,0.4750528250898785,0.4106955472477339,0.46404813337751677,0.4750528250898785,0.4106955472477339,0.46404813337751677,0.8512390519107932,0.8703256340879799,101.77110711107099,101.78019821716745,101.77110711107099,101.78019821716745,111.88428365213613,100.38494658130777,116.27030102124874,100.99742475626684,0.8347206975502066,4.0,0.018121428188869082,1410.0,1224.0,1244.7125,1.1327917089287687,0.9833596111551863,0.0,0.7777777777777778,-0.10564188898427362,57,134,68.89312255990639
61,Seton Hall,BE,21-11,105.40910399121202,111,93.43978706307837,32,0.7999713534169733,61,21.0,11.0,11.0,8.0,11-8,0.6803184259810303,0.5040170323840699,0.7631564045203667,0.6803184259810303,0.5040170323840699,0.7631564045203667,0.7171673488974327,0.8165349538060955,107.20459272400598,98.14210098797615,107.20459272400598,98.14210098797615,108.4357018678719,95.20663724509926,107.36361718336596,94.36769541347064,0.8151397500950491,14.0,0.08240884218899902,1350.0,1322.0,1310.6375000000003,1.030033094581835,1.0086694452127303,0.0,0.5789473684210527,1.9261565305629258,36,30,67.5788660371366
62,Vanderbilt,SEC,19-17,106.69603066427283,89,94.6574018258994,40,0.7984731342588224,62,19.0,17.0,7.0,11.0,7-11,0.6841401363387409,0.5103085323206494,0.7756994049382279,0.6841401363387409,0.5103085323206494,0.7756994049382279,0.7120926025490906,0.8549628647908206,106.67038452766272,98.14512015952167,106.67038452766272,98.14512015952167,106.52345413617007,96.56466501619752,108.17266324300492,95.50070845599267,0.8073438567654091,15.0,-0.042994075555583544,1245.0,1296.0,1255.2125,0.9918639274226475,1.0324944979435753,0.0,0.3888888888888889,-3.074195650344435,92,269,67.42956446642356
63,Vermont,AE,28-6,109.68834613492919,48,97.31642364175525,84,0.7983907348632426,63,28.0,6.0,17.0,1.0,17-1,0.3443333615663245,0.4918206427163097,0.24412229639014177,0.3443333615663245,0.4918206427163097,0.24412229639014177,0.9067135914578885,0.8415183111274304,99.00646222789894,105.16600849067466,99.00646222789894,105.16600849067466,113.64097405107675,100.80702720145874,108.71029290194319,102.90941335052469,0.6526322209069727,2.0,-0.014029005204469591,1425.0,1125.0,1184.7375,1.2027980881840914,0.9495774380400722,0.0,0.9444444444444444,-0.7717544800354729,64,207,64.8326052547275
64,Mississippi St.,SEC,18-16,107.64715544793432,75,95.56256049702179,48,0.7972821224941737,64,18.0,16.0,8.0,10.0,8-10,0.6770221494805267,0.520657162479149,0.7663247044341706,0.6770221494805267,0.520657162479149,0.7663247044341706,0.7128774590335101,0.8365023362825869,106.04739977532951,97.73126297304648,106.04739977532951,97.73126297304648,108.58610727978518,96.6947943604158,107.23532689726179,96.94675013366414,0.7613208268760722,14.0,-0.045987899571675483,1267.0,1256.0,1237.575,1.0237763367876693,1.0148879865866716,0.0,0.4444444444444444,-2.3990914465881117,85,276,65.48803242321027
65,Kansas St.,B12,14-17,109.63384151727871,50,97.34997036904163,85,0.7968282099870962,65,14.0,17.0,6.0,12.0,6-12,0.7170914288081199,0.4565955104931681,0.886012882848894,0.7170914288081199,0.4565955104931681,0.886012882848894,0.6292838721056749,0.8235274537301781,106.55986537596335,95.95875533071742,106.55986537596335,95.95875533071742,114.33774522384869,98.4317813283062,112.2917298327168,97.42632782043773,0.8365860668099012,17.0,-0.03228015359948477,1236.0,1297.0,1218.775,1.0141330434247502,1.064183298804127,0.0,0.3333333333333333,-2.132792002067171,80,245,66.4467143321382
66,Fresno St.,MWC,23-13,105.07354266668493,121,93.50516146410726,34,0.7927208239607115,66,23.0,13.0,8.0,9.0,8-9,0.5318855033047108,0.40512907074329996,0.658374648999328,0.5318855033047108,0.40512907074329996,0.658374648999328,0.8183515012068262,0.8719318886663742,102.82656910569256,100.82809719915049,102.82656910569256,100.82809719915049,105.55945000604991,94.66141775684937,100.27145984502319,95.71600804281064,0.6305783670298497,6.0,-0.06035733671674115,1089.0,1038.0,1067.3,1.0203316780661482,0.9725475498922516,0.0,0.47058823529411764,-3.9617243481203537,111,298,61.5107501235745
67,Saint Louis,A10,23-12,108.50230676635881,65,96.7476909500687,74,0.7889565360974794,67,23.0,12.0,12.0,6.0,12-6,0.5764060182718225,0.539794066749929,0.5889898004585171,0.5764060182718225,0.539794066749929,0.5889898004585171,0.8111334501635695,0.8105953971469364,104.39800380543187,100.50260945333531,104.39800380543187,100.50260945333531,110.22290033771667,96.67051676837264,105.8395334696646,102.04476554988297,0.6034578715890383,6.0,-0.02310882120185287,1348.0,1222.0,1243.85,1.0837319612493468,0.9824335731800459,0.0,0.6666666666666666,-1.5152650243898345,71,223,68.02259495149431
68,Marquette,BE,19-13,107.70711788050268,73,96.54541196237186,69,0.7787031879568475,68,19.0,13.0,11.0,8.0,11-8,0.7114054266862835,0.5945497033149626,0.7630829090546613,0.7114054266862835,0.5945497033149626,0.7630829090546613,0.7012911535999357,0.7644474952659759,107.02615257306923,97.36906295204719,107.02615257306923,97.36906295204719,112.6471632882518,94.93113292361386,106.97832446461483,94.20518899687423,0.8118744574528013,13.0,0.06937337128906307,1440.0,1358.0,1353.0125,1.0642917194039228,1.0036862187156437,0.0,0.5789473684210527,0.5493172773801382,51,44,71.18157747047493
69,Tulane,Amer,14-15,110.77704626625976,37,99.38799391699396,124,0.776886748169835,69,14.0,15.0,10.0,8.0,10-8,0.6324166752765523,0.4859488065074555,0.6863944142845331,0.6324166752765523,0.4859488065074555,0.6863944142845331,0.7540138166181495,0.8774342595113709,104.5111582865443,97.9860113661694,104.5111582865443,97.9860113661694,114.10761298782846,98.72172380195587,115.00299397087805,102.7313815973284,0.7854419220221672,6.0,-0.1199638227198711,1337.0,1281.0,1254.7749999999999,1.0655296766352536,1.0209001613835151,0.0,0.5555555555555556,-5.12436595464223,130,350,67.91699252040532
70,Clemson,ACC,17-16,109.42286831489564,52,98.25225929222842,99,0.7752747690655065,70,17.0,16.0,8.0,12.0,8-12,0.6783059776131213,0.5283620438432431,0.7522212926084227,0.6783059776131213,0.5283620438432431,0.7522212926084227,0.7361301593536812,0.8502096145017961,107.20069311069442,99.10898189569417,107.20069311069442,99.10898189569417,108.99887974503238,98.83376269017855,109.92144544844545,96.5394268365922,0.816508140790519,9.0,-0.04803761336876711,1386.0,1401.0,1329.7625,1.0422913866197911,1.0535715964316936,0.0,0.4,-3.7210658141162405,104,280,66.38517081661394
71,Oregon,P12,20-15,109.64917956212129,49,98.69157749078468,112,0.7704393050509499,71,20.0,15.0,11.0,9.0,11-9,0.6590556966280972,0.5526936308210226,0.7059470281072728,0.6590556966280972,0.5526936308210226,0.7059470281072728,0.7304207042083666,0.7769053535000132,106.33724662576412,97.85288432174094,106.33724662576412,97.85288432174094,109.28259911972825,97.10277116639867,112.17132940448637,98.38160906514868,0.8188381682946041,10.0,0.004370591969431126,1452.0,1422.0,1400.3375000000003,1.036892891892133,1.0154694850348573,0.0,0.55,-2.387848949403282,84,168,67.65382214073081
72,Furman,SC,22-12,113.63312200955576,20,102.36640233025128,181,0.7686651931835774,72,22.0,12.0,12.0,6.0,12-6,0.4993202482758105,0.4921003782941507,0.4890473281061987,0.4993202482758105,0.4921003782941507,0.4890473281061987,0.8548853038948735,0.8236616331679201,103.77203380421487,102.96444845676365,103.77203380421487,102.96444845676365,113.8899702976917,99.34850063258625,109.38755948522498,103.89989590982069,0.6438002001929355,2.0,-0.07447085775732121,1385.0,1175.0,1176.8875,1.1768329598198637,0.9983961933489819,0.0,0.6666666666666666,-4.485516753872641,118,315,65.023398062732
73,Wyoming,MWC,25-9,107.85670967122468,72,97.2867654231029,83,0.7660459014539895,73,25.0,9.0,13.0,5.0,13-5,0.5856366616895388,0.4564829886408765,0.6407291014180724,0.5856366616895388,0.4564829886408765,0.6407291014180724,0.7852892115160773,0.8379463119505967,104.34942011684103,100.02614497338546,104.34942011684103,100.02614497338546,109.89891244336141,99.09218153527554,105.10745310141766,98.98291258743443,0.6660589007558466,8.0,0.11094232165125584,1280.0,1217.0,1201.4875,1.0653460814199067,1.0129110789750206,0.0,0.7222222222222222,1.9272864689848976,35,10,65.77308683505747
74,BYU,WCC,24-11,108.40332806662178,67,97.84549614138504,90,0.7646590879144934,74,24.0,11.0,9.0,6.0,9-6,0.586700772632645,0.5621892857119696,0.5996429176287545,0.586700772632645,0.5621892857119696,0.5996429176287545,0.7747717424704382,0.8178545589924114,105.04084501889608,98.86696295049242,105.04084501889608,98.86696295049242,106.54080227483246,99.54289533008748,101.94132984395317,93.04437303383703,0.740811541407177,8.0,0.06465725758651863,1094.0,1079.0,1054.6875,1.037274074074074,1.0230518518518519,0.0,0.6,0.32719790650970443,53,48,67.84513903154087
75,Rutgers,B10,18-14,106.6030704056387,91,96.3035884097338,64,0.7628696946110032,75,18.0,14.0,12.0,8.0,12-8,0.6687203729060991,0.3499138481934577,0.8059606809711231,0.6687203729060991,0.3499138481934577,0.8059606809711231,0.707292381579168,0.887675665878161,107.47940052244985,99.96881953710994,107.47940052244985,99.96881953710994,107.35394454148607,94.92744475620131,109.28492519483689,94.86633064788545,0.8357761677678123,13.0,0.03803325123083312,1335.0,1326.0,1307.0124999999998,1.0214133376689207,1.0145274050554223,0.0,0.6,-0.7052063828384825,63,91,64.98612735903158
76,New Mexico St.,WAC,27-7,106.00127178952432,100,96.01263502547388,54,0.7573434693555947,76,27.0,7.0,13.0,4.0,13-4,0.5019497325186193,0.46151281847436654,0.4679109557526003,0.5019497325186193,0.46151281847436654,0.4679109557526003,0.846371176787176,0.850628529821639,102.26118581429941,100.23090652071099,102.26118581429941,100.23090652071099,104.61096561458993,96.6550345894993,105.90651285679303,87.47245385889006,0.9001756195232352,4.0,0.09446261871319539,1211.0,1071.0,1159.5749999999998,1.0443481447944292,0.9236142552228188,0.0,0.7647058823529411,0.7024971010904921,50,20,66.12635268915591
77,Chattanooga,SC,27-8,107.29361429752454,81,97.25911414901357,82,0.7556893931645338,77,27.0,8.0,14.0,4.0,14-4,0.49684732650113655,0.4584338495145578,0.4904832113227067,0.49684732650113655,0.4584338495145578,0.4904832113227067,0.8533905053435789,0.848156991828229,104.98552670160862,103.67771648920339,104.98552670160862,103.67771648920339,105.66594242736537,98.23072685590593,107.48318451380128,90.0708255423939,0.8841661499478556,3.0,0.0645486276345909,1318.0,1197.0,1205.2375,1.0935603978468975,0.9931652475134569,0.0,0.7777777777777778,0.19545566039250217,55,49,64.61519996504438
78,South Dakota St.,Sum,30-5,114.07092062492409,18,103.47775844207099,210,0.7541430501025437,78,30.0,5.0,18.0,0.0,18-0,0.4010285229312936,0.5051454823664072,0.31138561132426545,0.4010285229312936,0.5051454823664072,0.31138561132426545,0.8879418527139484,0.8262947443532789,102.64998036197714,106.15799223844724,102.64998036197714,106.15799223844724,114.5470575761083,103.39890918827939,111.07153854924839,101.64315643526258,0.7349963881334515,3.0,0.08620063774788733,1568.0,1289.0,1276.2250000000001,1.228623479402143,1.010009990401379,0.0,1.0,1.4841783969119655,43,26,69.59707114266918
79,Santa Clara,WCC,21-12,110.64036203808104,39,100.38488646753063,136,0.7537369040967705,79,21.0,12.0,10.0,5.0,10-5,0.5684117142923464,0.49042596341414707,0.6072055970022051,0.5684117142923464,0.49042596341414707,0.6072055970022051,0.7784071597236809,0.8603544176697804,103.38673176924983,99.27917028331004,103.38673176924983,99.27917028331004,112.1003183208421,102.37322782278747,111.4985922592565,98.79803794094876,0.800710916370599,10.0,0.005864358121478341,1190.0,1150.0,1095.4,1.0863611466131093,1.0498448055504837,0.0,0.6666666666666666,-1.697221369227508,76,165,70.86350498975119
80,Missouri St.,MVC,23-11,112.09693635679541,26,101.77582632024888,170,0.7522784025805687,80,23.0,11.0,13.0,5.0,13-5,0.516890860858406,0.426294120737424,0.5546241093688912,0.516890860858406,0.426294120737424,0.5546241093688912,0.8373834530449914,0.8764014134621269,103.49291902535418,102.06823584242058,103.49291902535418,102.06823584242058,114.16063335180462,103.73578304268446,123.67784408877787,107.585916126952,0.832435816621322,3.0,-0.010940962867378556,1362.0,1252.0,1208.8750000000002,1.1266673560128215,1.0356736635301416,0.0,0.7222222222222222,-2.517665833207542,87,197,67.05435691320197
81,Towson,CAA,25-9,108.2762561974105,68,98.46446500845738,107,0.7488309281926947,81,25.0,9.0,15.0,3.0,15-3,0.47365844061622164,0.4633408538428293,0.4580562587715406,0.47365844061622164,0.4633408538428293,0.4580562587715406,0.8651771692435544,0.8544394778422432,101.66357362830342,102.50863662260052,101.66357362830342,102.50863662260052,109.41795519952294,98.5356132556274,107.52388192874999,105.45732113074094,0.5555636801553295,3.0,0.012642196775420778,1344.0,1142.0,1188.9875,1.1303735321018935,0.9604810815925315,0.0,0.8333333333333334,-1.6819599872964708,75,149,64.71248998485257
82,Drake,MVC,25-11,108.42199933207016,66,98.8871317357768,116,0.7424223058500159,82,25.0,11.0,13.0,5.0,13-5,0.5017868351044082,0.3790610691806538,0.5557125893206805,0.5017868351044082,0.3790610691806538,0.5557125893206805,0.8473793728366356,0.8863141015454956,103.27049389277451,102.16546709158445,103.27049389277451,102.16546709158445,108.20207454609772,99.84505387908342,109.71406575473918,93.29311196873624,0.8658217550397362,3.0,0.005997229971093532,1292.0,1218.0,1210.5124999999998,1.0673165291560394,1.006185396681158,0.0,0.7222222222222222,-1.9785607263861604,78,164,65.98468015203896
83,Maryland,B10,15-17,108.7104330957458,59,99.35794819608287,122,0.7377924579790788,83,15.0,17.0,7.0,13.0,7-13,0.7208837866084128,0.5400979881679494,0.8143354036680457,0.7208837866084128,0.5400979881679494,0.8143354036680457,0.7003440022556476,0.8590562769707938,108.68067889719349,98.36512730732358,108.68067889719349,98.36512730732358,111.2325928347515,101.01208242357703,109.3856278429721,101.58804932405647,0.700664984255075,13.0,-0.016245040727162763,1415.0,1464.0,1341.9625000000003,1.054425887459597,1.0909395754352298,0.0,0.35,-3.843303346943569,107,211,66.73830838358764
84,Arizona St.,P12,14-17,100.63592377402094,212,91.97918430262868,17,0.7377661893732955,84,14.0,17.0,10.0,10.0,10-10,0.7197991951471072,0.6988821736329938,0.7345652814350743,0.7197991951471072,0.6988821736329938,0.7345652814350743,0.697607722857772,0.6981763006078737,107.19581894475716,97.04291673988854,107.19581894475716,97.04291673988854,97.83046382575256,90.4786707577909,102.97751321110893,93.61807258279624,0.7494728467799161,13.0,-0.029199822516594143,1285.0,1330.0,1382.2125000000003,0.9296689184911869,0.9622254175823179,0.0,0.5,-4.153009571531388,114,239,67.28473031019142
85,Colorado,P12,21-12,105.40420001505908,112,96.42342809344933,65,0.7357729363777413,85,21.0,12.0,12.0,8.0,12-8,0.619804035095236,0.3689067389385344,0.7200108989494887,0.619804035095236,0.3689067389385344,0.7200108989494887,0.7619461312884275,0.905746847099639,105.40360791636108,99.80534561839255,105.40360791636108,99.80534561839255,106.75458191034666,96.01574273768468,100.2899110371998,94.71103461762861,0.6588554214748269,8.0,0.062032617427312364,1414.0,1364.0,1370.375,1.0318343519109732,0.9953479886892274,0.0,0.6,-0.28593793026081643,59,53,67.28355484127643
86,UNLV,MWC,18-14,106.96390362794229,83,97.85569192126454,92,0.735648353335711,86,18.0,14.0,10.0,8.0,10-8,0.6016780986705602,0.5301948495905512,0.6441733449825253,0.6016780986705602,0.5301948495905512,0.6441733449825253,0.7757121109790437,0.8023122943185382,104.09574982285552,98.79693571100637,104.09574982285552,98.79693571100637,109.6335156354215,97.43722166220631,107.74540542496509,103.7744579666846,0.6063127158845334,10.0,-0.024284375086767063,1250.0,1174.0,1184.6624999999997,1.0551528388887133,0.9909995462842796,0.0,0.5555555555555556,-3.796789259895981,106,226,66.35615105043281
87,Northwestern,B10,15-16,105.52381404122335,107,96.68666719728128,71,0.7321980037872907,87,15.0,16.0,7.0,13.0,7-13,0.6532827522484946,0.3200050112745533,0.7903215745999409,0.6532827522484946,0.3200050112745533,0.7903215745999409,0.7104190185905178,0.878603543114824,107.62922153847445,99.54119382769413,107.62922153847445,99.54119382769413,105.47507150049253,94.98290807051727,103.95330751069888,98.49653106653092,0.6502380563748248,12.0,-0.028868616102294964,1392.0,1440.0,1394.5750000000003,0.9981535593281106,1.032572647580804,0.0,0.35,-3.889628791873337,109,238,67.78827212799324
88,St. Bonaventure,A10,23-10,107.33940089954301,80,98.73370001953293,113,0.7233317373775447,88,23.0,10.0,12.0,5.0,12-5,0.6202842097807827,0.5534186833589314,0.602460752637644,0.6202842097807827,0.5534186833589314,0.602460752637644,0.7726487391156845,0.8046645446139301,104.32113047257585,99.06166916293905,104.32113047257585,99.06166916293905,107.63554822015483,98.06503992976232,102.91063213254256,99.44513787090864,0.5972285899645664,9.0,0.13484789640851869,1191.0,1112.0,1132.2125,1.0519226735263918,0.9821477858617529,0.0,0.7058823529411765,-0.5104729571406248,60,7,65.46459525956469
89,Wichita St.,Amer,15-13,103.86262169304322,150,95.54270874526232,47,0.7231620054846178,89,15.0,13.0,6.0,9.0,6-9,0.6384705465897497,0.566217184326998,0.7039677485301806,0.6384705465897497,0.566217184326998,0.7039677485301806,0.7565529448612509,0.8119181143843258,105.16137017001891,98.32226275251602,105.16137017001891,98.32226275251602,105.97030534214473,97.59047120671252,100.55452964673597,91.99665128888705,0.7355374582122788,7.0,-0.022688338200229863,1022.0,1044.0,1021.7625,1.0002324414920296,1.0217638639116233,0.0,0.4,-3.5901966124517157,101,222,67.13075822720621
90,Iona,MAAC,25-8,106.90200653699591,87,98.56386881736036,110,0.7178638375667602,90,25.0,8.0,17.0,3.0,17-3,0.4799268456113301,0.6072528106790395,0.39648656321622017,0.4799268456113301,0.6072528106790395,0.39648656321622017,0.8605458605698362,0.7807089109325663,101.47540845199106,101.69286597932044,101.47540845199106,101.69286597932044,106.90043633940546,98.11876408212002,110.84249075873916,97.44896794159702,0.8147214029643945,4.0,0.0627794256546298,1505.0,1332.0,1402.5375,1.0730550876536278,0.94970722707949,0.0,0.85,-0.699637995914809,62,52,69.35991142860397
91,Belmont,OVC,25-8,106.60754729841926,90,98.35913452353645,103,0.7162797830974548,91,25.0,8.0,15.0,3.0,15-3,0.4654834539958461,0.5730978744574936,0.35781145873146286,0.4654834539958461,0.5730978744574936,0.35781145873146286,0.850192920604328,0.7940475594405316,101.3538268994839,102.42237173499556,101.3538268994839,102.42237173499556,107.19423153040208,100.21932692049269,97.6991742562229,99.32494155632799,0.4526940471251587,5.0,0.07567105205003855,1414.0,1196.0,1264.3749999999998,1.118339100346021,0.9459218981710333,0.0,0.8333333333333334,-0.23679311354971133,58,36,69.0361965007484
92,Grand Canyon,WAC,23-8,104.08523023503233,141,96.11853648442253,56,0.7141693980764543,92,23.0,8.0,12.0,5.0,12-5,0.4253561828656377,0.33290678756788444,0.46143668882275773,0.4253561828656377,0.33290678756788444,0.46143668882275773,0.8833132731574435,0.8961952880236984,99.61045086259371,101.95270649420885,99.61045086259371,101.95270649420885,104.12819565340781,94.57832677354362,86.5586609541136,71.5314083681768,0.8996088240372161,1.0,0.013708835092497318,1196.0,1063.0,1153.8,1.0365747963251863,0.921303518807419,0.0,0.7058823529411765,-2.3730238722720287,83,146,65.59716600885547
93,Richmond,A10,24-13,106.94857084872083,85,99.05506046458403,117,0.7071806791254113,93,24.0,13.0,10.0,8.0,10-8,0.6309347317423293,0.580316487871517,0.6095835407521134,0.6309347317423293,0.580316487871517,0.6095835407521134,0.7886146083555583,0.8217185177873267,105.0657087695724,99.66014179383816,105.0657087695724,99.66014179383816,107.29394087529322,101.03511033169926,102.33527993111967,97.35588906327507,0.6396013835615282,6.0,0.09875790851098354,1263.0,1239.0,1214.5624999999998,1.0398806154479496,1.0201204137292237,0.0,0.5555555555555556,-1.6476289042007084,74,17,66.68932090290076
94,Northern Iowa,MVC,20-12,110.21189835488971,42,102.13463609882422,175,0.705847112759278,94,20.0,12.0,14.0,4.0,14-4,0.5756999084963892,0.5423225494877415,0.5597402780665206,0.5756999084963892,0.5423225494877415,0.5597402780665206,0.8040064156761646,0.8133971025382323,103.9796365498108,99.96719668832485,103.9796365498108,99.96719668832485,113.69277404624722,103.53921151247835,108.03477347225208,104.80553613790394,0.5863715170556864,4.0,0.036605069876625596,1395.0,1297.0,1244.0500000000002,1.1213375668180539,1.0425625979663196,0.0,0.7777777777777778,-2.9183533233485206,91,92,67.3383003813031
95,Penn St.,B10,14-17,104.01570436698296,144,96.4447256196105,66,0.704553426260474,95,14.0,17.0,7.0,13.0,7-13,0.7224455696771992,0.48087502238359775,0.8058694478438095,0.7224455696771992,0.48087502238359775,0.8058694478438095,0.6905800815394803,0.8676279121067351,109.51825276474936,99.04222396218807,109.51825276474936,99.04222396218807,103.85833853971346,97.06923271191638,103.67698937511305,95.96471948137379,0.7086724352329443,14.0,0.011148561470659624,1266.0,1324.0,1269.825,0.9969877739058531,1.0426633591242886,0.0,0.35,-3.8597079838782853,108,152,61.87484236504832
96,Cincinnati,Amer,18-15,104.42886679917567,134,96.87042370276859,76,0.7034991859461103,96,18.0,15.0,7.0,11.0,7-11,0.5701382380993955,0.39043884037722515,0.6820387897228842,0.5701382380993955,0.39043884037722515,0.6820387897228842,0.7688548219497171,0.8645607678304812,103.75524992940818,98.92701764730693,103.75524992940818,98.92701764730693,105.09318194024262,98.148100244497,109.39791384765464,99.1473705859906,0.7561011522772443,9.0,-0.03261757013968791,1239.0,1264.0,1250.4375,0.9908532013795172,1.0108462038286599,0.0,0.3888888888888889,-4.627267250969323,120,247,67.65066670838664
97,Middle Tennessee,CUSA,26-11,105.7768134137544,104,98.24785996267289,98,0.7003857672577449,97,26.0,11.0,13.0,5.0,13-5,0.4554975159863342,0.41483774095405745,0.45657447309783983,0.4554975159863342,0.41483774095405745,0.45657447309783983,0.867476898429578,0.8632626884455982,102.28056468891637,103.03712709833863,102.28056468891637,103.03712709833863,105.48519941676051,98.37321352306553,112.59658829294938,108.13978180822647,0.6140687435717224,3.0,0.012007648055096132,1290.0,1186.0,1207.35,1.0684557087836999,0.9823166438895101,0.0,0.7222222222222222,-3.183353426322002,95,150,67.09131457446698
98,UCF,Amer,18-12,106.29374888595821,97,98.73607104578471,114,0.70018848425881,98,18.0,12.0,9.0,9.0,9-9,0.607916846060609,0.4762525774346532,0.6792932748202807,0.607916846060609,0.4762525774346532,0.6792932748202807,0.7466884068052475,0.8024058298084127,103.86164138064076,98.23638339488835,103.86164138064076,98.23638339488835,104.6232529227862,97.43167864417215,107.79938418088845,97.96637242719343,0.7502503889324476,11.0,0.05977427771816246,1210.0,1245.0,1232.075,0.9820830712416045,1.0104904328064443,0.0,0.5,-1.7042612305099203,77,58,67.471381377353
99,Toledo,MAC,26-8,109.24023606313393,53,101.77091190073483,169,0.6930652609692225,99,26.0,8.0,17.0,3.0,17-3,0.42270651841826806,0.5119269850266832,0.358843749654232,0.42270651841826806,0.5119269850266832,0.358843749654232,0.8924330113105876,0.8386591137085847,101.9478774742639,104.60737930959301,101.9478774742639,104.60737930959301,111.96838493390204,100.61379804556006,94.86071884273268,99.17129230541653,0.3749480829412971,1.0,0.04345117493091055,1669.0,1365.0,1411.7375000000004,1.1822311159121293,0.9668936328460493,0.0,0.85,-1.5687015155500266,72,81,68.90216904367412
100,Mississippi,SEC,13-19,106.00771597128607,99,99.0575245891662,118,0.6856430809064832,100,13.0,19.0,4.0,14.0,4-14,0.66805578792482,0.5130758259237216,0.7872748641072028,0.66805578792482,0.5130758259237216,0.7872748641072028,0.7296123936851346,0.8543187278460187,105.83745318592453,98.23290555576824,105.83745318592453,98.23290555576824,109.1010099359865,101.84723479748482,107.3298371692889,98.28083850252425,0.7335858239211835,13.0,-0.07935118869635444,1208.0,1308.0,1202.1000000000001,1.0049080775309873,1.0880958322934862,0.0,0.2222222222222222,-7.1154852169865705,169,322,65.41002067982863
101,Louisiana Tech,CUSA,24-10,104.44990222778215,133,97.66001546584151,88,0.6841643864305397,101,24.0,10.0,12.0,6.0,12-6,0.4565342533902566,0.38703513844816045,0.4618757615822378,0.4565342533902566,0.38703513844816045,0.4618757615822378,0.8524640658649368,0.8495844840024543,102.67811515329699,102.4813081490276,102.67811515329699,102.4813081490276,105.31549758399179,99.18249537478479,101.01051775449584,99.4073505775768,0.5458666289417256,4.0,0.038345049503067385,1339.0,1224.0,1247.4,1.0734327400994066,0.9812409812409811,0.0,0.6666666666666666,-2.5674454952990895,89,90,68.37994133422822
102,Bradley,MVC,17-14,102.81838792517678,166,96.15086579684848,57,0.6837427767448095,102,17.0,14.0,11.0,7.0,11-7,0.5181678415555919,0.42502050909285227,0.5621664731587296,0.5181678415555919,0.42502050909285227,0.5621664731587296,0.8376690426569929,0.8752412213364482,103.14236858088638,101.78101329334312,103.14236858088638,101.78101329334312,106.33066770279996,95.23135178233909,94.30893190948593,92.19600280066004,0.5647788539460527,3.0,-0.07564282084221008,1269.0,1162.0,1202.95,1.054906687726007,0.9659586848996218,0.0,0.6111111111111112,-6.431440150999707,155,317,67.330035725585
103,Florida St.,ACC,17-14,105.1661476480163,119,98.36303820084498,104,0.6833214248806199,103,17.0,14.0,10.0,10.0,10-10,0.6937120324378149,0.5229485782581142,0.7724234285102811,0.6937120324378149,0.5229485782581142,0.7724234285102811,0.7073371405922306,0.8159560874528202,109.34375756500275,99.92633926710236,109.34375756500275,99.92633926710236,105.96916499684383,99.07869758797617,105.96033300995587,101.60168444306697,0.6184687654501194,12.0,0.09669987413668663,1377.0,1464.0,1361.475,1.0114030738720874,1.0753043574064893,0.0,0.5,-1.612043783961874,73,18,67.81001696274754
104,Saint Peter's,MAAC,22-12,99.39020532699,233,93.1350184001223,28,0.6786420439712395,104,22.0,12.0,14.0,6.0,14-6,0.4779932358142876,0.4886000777663556,0.40036257134446895,0.4779932358142876,0.4886000777663556,0.40036257134446895,0.8345372585861086,0.7684400690734611,102.68723272164793,102.10699073208656,102.68723272164793,102.10699073208656,98.48109419166238,93.63441304168323,103.656069496434,96.49079641993005,0.6950325853117403,7.0,0.003459707426017089,1336.0,1206.0,1327.7874999999997,1.0061851011551173,0.908277868258287,0.0,0.7,-5.568460754921164,137,170,65.57537197879674
105,DePaul,BE,15-16,106.38033527169411,95,99.79627457856895,128,0.6758431902947626,105,15.0,16.0,6.0,14.0,6-14,0.6521512311898625,0.3797686860533427,0.7780395581616009,0.6521512311898625,0.3797686860533427,0.7780395581616009,0.7381992690297337,0.9124332950399946,105.55919706325993,98.68748019331859,105.55919706325993,98.68748019331859,106.0196266886744,99.12415600294469,105.40370274500839,98.75181026041315,0.6791051227287968,11.0,-0.00026318119641616233,1383.0,1471.0,1386.85,0.9972239247214912,1.0606770739445506,0.0,0.3,-4.687210569986114,122,174,68.76813944427387
106,South Carolina,SEC,18-13,100.14242148222296,221,94.24032351295759,38,0.667870690997376,106,18.0,13.0,9.0,9.0,9-9,0.670568252355893,0.4813342832616281,0.789684572275963,0.670568252355893,0.4813342832616281,0.789684572275963,0.7179844693032628,0.8739533379091382,107.26539156220082,98.21448632139912,107.26539156220082,98.21448632139912,102.73419906016564,95.92759007611797,100.77594375139067,97.13587967336262,0.6042180761768069,12.0,0.12226249693734831,1245.0,1312.0,1289.5875,0.9654249905493035,1.017379588434286,0.0,0.5,-1.0551853111491192,67,8,70.57910162743941
107,Washington,P12,17-15,104.35651454462452,136,98.39752116613249,105,0.662883493962907,107,17.0,15.0,11.0,9.0,11-9,0.6429244519603775,0.4796798218592223,0.7177951353886455,0.6429244519603775,0.4796798218592223,0.7177951353886455,0.7669598075727546,0.8979873403119043,105.6258014422352,99.16821065649374,105.6258014422352,99.16821065649374,106.866415540264,99.10073613690571,104.75281549831496,106.47111301297636,0.4533589608082525,7.0,0.0290978664550402,1420.0,1467.0,1400.1875,1.0141498906396464,1.0477168236396912,0.0,0.55,-4.4156471020028,116,103,69.57215890804258
108,Temple,Amer,17-12,101.58506572532568,188,96.18926107825982,60,0.6519578573634992,108,17.0,12.0,10.0,7.0,10-7,0.6123697064159405,0.4960689346553315,0.6779456738810427,0.6123697064159405,0.4960689346553315,0.6779456738810427,0.7656467022415107,0.844576967981049,104.12198646074013,98.9156688187768,104.12198646074013,98.9156688187768,102.2692110358645,94.68443470628627,107.69643881493623,103.12583839170952,0.622157362367944,7.0,0.07961619104983775,1113.0,1131.0,1150.125,0.9677208999021846,0.9833713726768829,0.0,0.5882352941176471,-2.4918316202069035,86,31,66.2901483107269
109,Princeton,Ivy,23-7,111.54235024510142,32,105.88934762197653,252,0.6452240953704342,109,23.0,7.0,12.0,2.0,12-2,0.388668555270503,0.35062749119809783,0.3742578460287266,0.388668555270503,0.35062749119809783,0.3742578460287266,0.905610261487125,0.915979572956629,100.26930215172551,104.25744674076655,100.26930215172551,104.25744674076655,111.01975713181348,104.9170532477303,133.82254692423646,127.02710479031768,0.6454990749166396,1.0,0.055002433669476214,1108.0,963.0,966.4000000000001,1.1465231788079469,0.9964817880794701,0.0,0.8571428571428571,-2.0522136157425237,79,62,66.85273210869192
110,Minnesota,B10,13-17,106.10102280005259,98,100.79045808891311,142,0.6434803094775899,110,13.0,17.0,4.0,16.0,4-16,0.7072467337504448,0.45912897743819653,0.8190343895239032,0.7072467337504448,0.45912897743819653,0.8190343895239032,0.7074111412385561,0.8797374974812516,107.66471525704645,98.1546577294004,107.66471525704645,98.1546577294004,107.43264043295753,104.22946174307481,109.4422057032756,103.02248299496343,0.6671155119993457,12.0,0.028473390128406106,1309.0,1462.0,1299.5375000000001,1.0072814366649672,1.1250156305608725,0.0,0.2,-4.821805280560426,125,104,65.0875716895306
111,Boston College,ACC,13-20,103.91226636923275,148,98.7578973445485,115,0.6422329778878357,111,13.0,20.0,6.0,14.0,6-14,0.6396787243076515,0.3892223938465695,0.7539173470634316,0.6396787243076515,0.3892223938465695,0.7539173470634316,0.7484991299245307,0.8936844175249871,105.51874598443655,99.23293766384907,105.51874598443655,99.23293766384907,103.04007855265532,99.08358421193581,102.5009055336564,99.511146559973,0.5842931855452385,12.0,-0.07222331425986289,1325.0,1433.0,1346.9750000000001,0.9836856660294362,1.0638653278642884,0.0,0.3,-8.295456449325712,188,314,64.98005873351089
112,Hofstra,CAA,21-11,109.08737381780358,57,103.79404725889285,218,0.6392282612121712,112,21.0,11.0,13.0,5.0,13-5,0.486668396505728,0.5007887371772236,0.4700885402866805,0.486668396505728,0.5007887371772236,0.4700885402866805,0.8372211371534236,0.7735752420028194,103.81312932967747,102.6925034558637,103.81312932967747,102.6925034558637,107.6712248610554,103.34931933242135,128.35483513486622,95.88092922876771,0.9662503196773806,2.0,0.04938606799893108,1377.0,1302.0,1268.8125,1.0852667356287868,1.0261563469779813,0.0,0.7222222222222222,-3.435855531693112,99,72,68.93425192061386
113,Nebraska,B10,10-22,106.50270356329554,94,101.35221103608816,152,0.6387723683734321,113,10.0,22.0,4.0,16.0,4-16,0.6957236984580208,0.46744112550946965,0.8194553983565696,0.6957236984580208,0.46744112550946965,0.8194553983565696,0.7057409856071473,0.8660795456419236,107.6631193348729,98.42970630990206,107.6631193348729,98.42970630990206,107.59603005252981,103.05470924846756,108.89120609917555,103.74764217164153,0.6356330994731906,13.0,-0.10528693136950618,1423.0,1619.0,1429.825,0.9952266885807703,1.1323064011330057,0.0,0.2,-9.152224080948534,209,346,71.41538337160469
114,Abilene Christian,WAC,25-11,104.52202131337084,130,99.50612051725821,125,0.6377366941397441,114,25.0,11.0,11.0,7.0,11-7,0.41604739962936643,0.29185101231327387,0.41879584561505717,0.41604739962936643,0.29185101231327387,0.41879584561505717,0.8824124519492348,0.9031266570029254,99.96839510802324,101.90874933776571,99.96839510802324,101.90874933776571,102.71870409253074,101.16674066602583,111.3526713131995,95.97358387170132,0.8467374332893373,1.0,0.01866266775639791,1304.0,1246.0,1283.9625,1.0156059853772987,0.9704333265184925,0.0,0.6111111111111112,-4.113230420194079,113,132,70.18998131778358
115,Stanford,P12,16-16,103.50373431578664,156,98.68810496182944,111,0.6336476827629686,115,16.0,16.0,8.0,12.0,8-12,0.6910560521794978,0.5496701654502386,0.7472617011997932,0.6910560521794978,0.5496701654502386,0.7472617011997932,0.7050653672670008,0.7698721275780657,106.67386684437983,97.47514413868697,106.67386684437983,97.47514413868697,102.30715879955025,97.75585554279925,101.3076471393409,95.58172684924385,0.6612954994136739,10.0,0.08599551076384337,1275.0,1356.0,1320.85,0.9652875042586214,1.0266116515879926,0.0,0.4,-3.2051785616053565,96,27,65.99631857747313
116,Utah Valley,WAC,20-12,101.54122779714652,190,96.82381952050318,75,0.6334570462570432,116,20.0,12.0,10.0,8.0,10-8,0.4560354716559451,0.441714693597448,0.47376886687012054,0.4560354716559451,0.441714693597448,0.47376886687012054,0.8637230222701113,0.8453244994732986,100.88098409028316,101.88792787537265,100.88098409028316,101.88792787537265,101.89697398327104,98.64555711220903,94.47107510051327,102.16430804876062,0.2889847871962462,1.0,-0.00551500374977254,1229.0,1187.0,1231.3124999999998,0.9981219227450385,0.9640119790873561,0.0,0.5555555555555556,-5.311800694244035,134,189,65.78259731411364
117,Butler,BE,14-19,102.27571112708299,174,97.58560987172596,87,0.6317740343822323,117,14.0,19.0,6.0,14.0,6-14,0.6769997324687025,0.4561465433194362,0.7823766448945194,0.6769997324687025,0.4561465433194362,0.7823766448945194,0.6927159030356695,0.7649649408402742,107.42607071893715,97.62035316617985,107.42607071893715,97.62035316617985,103.21669241409657,98.03365800803559,97.23248396340432,97.02587387889461,0.5061153054495011,16.0,0.014995393651868527,1260.0,1402.0,1319.8500000000004,0.9546539379474938,1.0622419214304653,0.0,0.3,-5.304319770145775,133,138,63.80870226048407
118,Louisville,ACC,13-19,103.03755885075859,162,98.34199166924864,102,0.6309718323163633,118,13.0,19.0,6.0,14.0,6-14,0.6912953927884207,0.5600937780966632,0.7570107663308395,0.6912953927884207,0.5600937780966632,0.7570107663308395,0.7281513929842605,0.8283376416735344,107.68594507541266,98.91664414209448,107.68594507541266,98.91664414209448,103.98841203867957,102.59076813580305,101.70157373848828,102.07863819764076,0.4893620881386058,9.0,-0.011662383737654991,1314.0,1461.0,1325.0875,0.9916326280339977,1.1025686982935088,0.0,0.3,-6.796157687134722,160,199,67.25878049333005
119,Morehead St.,OVC,23-11,102.81185149303295,167,98.24528502089225,97,0.6277283764751582,119,23.0,11.0,13.0,5.0,13-5,0.4116123912291928,0.4245530746814563,0.36751108133803695,0.4116123912291928,0.4245530746814563,0.36751108133803695,0.8554334469548509,0.8064301738161356,100.5993853968718,102.70032852474301,100.5993853968718,102.70032852474301,102.88082398295202,98.17025646751195,97.70132066560109,103.96247036491769,0.3286446950079154,6.0,0.019713799283500255,1269.0,1139.0,1205.5874999999999,1.0525988366667705,0.9447675925637916,0.0,0.7222222222222222,-3.931725054585651,110,126,64.65950101044452
120,N.C. State,ACC,11-21,109.19424036160504,55,104.45200717927682,233,0.6249487716282297,120,11.0,21.0,4.0,16.0,4-16,0.6713635966005793,0.4776677234402531,0.7727007682548186,0.6713635966005793,0.4776677234402531,0.7727007682548186,0.7279988034803092,0.8527640475815733,107.2067450483821,99.32005085151249,107.2067450483821,99.32005085151249,112.22169806618896,105.44938785005301,113.04030206479385,104.47217337022877,0.7122776967678562,10.0,-0.09026321757392597,1420.0,1531.0,1344.0249999999996,1.0565279663696734,1.1391157158535001,0.0,0.2,-9.03127672571654,205,332,67.09140982492428
121,George Mason,A10,14-16,104.70989492186698,126,100.18300891604378,131,0.6243944342631951,121,14.0,16.0,7.0,9.0,7-9,0.5558941994433854,0.4912125015545425,0.6137841787924331,0.5558941994433854,0.4912125015545425,0.6137841787924331,0.8221543421740746,0.8300040246727309,103.63589658143393,101.012245098965,103.63589658143393,101.012245098965,106.60762902306388,103.19513741696025,107.42710773763609,98.64198654097284,0.7273321471660021,3.0,-0.08158914549423035,1133.0,1141.0,1087.725,1.041623572134501,1.0489783722907906,0.0,0.4375,-8.152062995620975,186,326,64.96819415620818
122,Liberty,ASun,22-11,104.59176110851382,129,100.22085890097054,133,0.620322453063581,122,22.0,11.0,12.0,4.0,12-4,0.3747661389820524,0.39417103071198994,0.363049569306496,0.3747661389820524,0.39417103071198994,0.363049569306496,0.9068435228810008,0.8770773730095921,100.78829752623447,104.5493957243515,100.78829752623447,104.5493957243515,109.05905753769578,102.58449366490258,101.4898863536068,93.55673311511472,0.7182905582987572,1.0,-0.04250708196271202,1234.0,1093.0,1088.8249999999998,1.133331802631277,1.0038344086515283,0.0,0.75,-6.147828875349502,148,265,65.03488395047752
123,Utah,P12,11-20,106.60058349391458,92,102.20230612486742,178,0.6188216065541747,123,11.0,20.0,4.0,16.0,4-16,0.6535609250815659,0.5123873158363776,0.7236816011652005,0.6535609250815659,0.5123873158363776,0.7236816011652005,0.7636628293406681,0.8611508288492228,105.17786092124899,98.64329589242286,105.17786092124899,98.64329589242286,104.8893405243158,103.1525559166957,103.70133109921485,101.84593720301646,0.5517187407123462,7.0,-0.09307369720464082,1354.0,1483.0,1367.5500000000002,0.9900917699535665,1.0844210449343716,0.0,0.2,-9.449816114586243,217,335,66.36955767527589
124,Nevada,MWC,13-18,105.79771885857772,103,101.69518118913322,166,0.6117831817973034,124,13.0,18.0,6.0,12.0,6-12,0.6402455671518882,0.537106008110347,0.6981372511458821,0.6402455671518882,0.537106008110347,0.6981372511458821,0.7449644877254508,0.7714291064184123,105.91508802097509,98.54659906351493,105.91508802097509,98.54659906351493,106.41445534036541,103.19906471953253,111.84937798177383,101.16131088209396,0.7604271164896418,9.0,-0.026796353351137503,1248.0,1309.0,1234.35,1.0110584518167458,1.0604771742212502,0.0,0.3333333333333333,-6.998530607538731,165,232,70.32420073875055
125,Western Kentucky,CUSA,19-13,105.4807113595878,108,101.53174398311057,155,0.6079732921605969,125,19.0,13.0,11.0,7.0,11-7,0.46200896944318437,0.4280170895451452,0.47421669277523293,0.46200896944318437,0.4280170895451452,0.47421669277523293,0.8592870168258615,0.8343019852170936,102.27025601268947,102.33371644136683,102.27025601268947,102.33371644136683,108.70505793346686,103.64392201696687,92.2655966370757,91.95073964035336,0.5098264704478862,2.0,-0.028039248543144213,1354.0,1272.0,1233.775,1.0974448339446008,1.0309821482847359,0.0,0.6111111111111112,-6.348587484346091,153,235,68.70018970003628
126,Southern Illinois,MVC,16-15,101.6712078434916,186,97.92899976626501,94,0.6061760441437585,126,16.0,15.0,9.0,9.0,9-9,0.5043930921816954,0.3851820464448275,0.570643277416655,0.5043930921816954,0.3851820464448275,0.570643277416655,0.8376048926883274,0.8721348386961716,102.6805163591749,101.81412810704083,102.6805163591749,101.81412810704083,102.59799128695566,97.71793062503934,88.62525204330422,90.4291504764966,0.4423270230432152,2.0,-0.05789555282099823,1141.0,1118.0,1121.1625000000001,1.017693688470672,0.9971792670553999,0.0,0.5,-7.516196526878392,175,294,62.133494446446385
127,Wofford,SC,19-13,105.29123765978322,116,101.42405833172424,154,0.6059521313588897,127,19.0,13.0,10.0,8.0,10-8,0.47836025652722064,0.41184116077025035,0.506903814541471,0.47836025652722064,0.41184116077025035,0.506903814541471,0.8668784303836905,0.8763520155674854,104.03257570919988,103.63831870820452,104.03257570919988,103.63831870820452,104.92965442057687,100.43813672647224,100.63531381955619,98.90437511771991,0.5497157199985543,1.0,-0.00456239323832508,1261.0,1203.0,1169.6125,1.0781348523549465,1.028545779050754,0.0,0.5555555555555556,-6.332256152084642,152,188,64.15722613365968
128,Akron,MAC,24-10,105.47124258774909,109,101.66573647255399,162,0.6041057044645446,128,24.0,10.0,14.0,6.0,14-6,0.38271323318955575,0.33092366318718147,0.34657194154099863,0.38271323318955575,0.33092366318718147,0.34657194154099863,0.8943490830104602,0.8996092174234771,100.83475758240698,104.4428446212486,100.83475758240698,104.4428446212486,104.9982854836868,104.56573215246951,108.20171079389674,90.74787059935028,0.8831898222484702,2.0,0.019969438252209204,1404.0,1295.0,1273.9,1.1021273255357562,1.0165633095219404,0.0,0.7,-4.270920242311577,115,125,61.94777490362881
129,Colgate,Pat,23-12,106.99912085952224,82,103.19234481802563,204,0.6026689859522011,129,23.0,12.0,16.0,2.0,16-2,0.3472831683712051,0.4964661845725964,0.2320126409660871,0.3472831683712051,0.4964661845725964,0.2320126409660871,0.897406153404069,0.8148626366615151,99.19710138154414,105.52158884302173,99.19710138154414,105.52158884302173,105.42661879002904,102.04409871051882,112.58242539940343,103.40533554819123,0.7266782650931088,4.0,-0.046318454988124924,1364.0,1145.0,1206.3,1.1307303324214542,0.9491834535356047,0.0,0.8888888888888888,-6.103399560691264,146,277,66.99819000994283
130,Stephen F. Austin,WAC,22-10,101.91886724821623,181,98.32059444078502,101,0.6018911162445286,130,22.0,10.0,14.0,4.0,14-4,0.4220751970215209,0.3890131950682201,0.4336184272401862,0.4220751970215209,0.3890131950682201,0.4336184272401862,0.8750457599330017,0.8560570931242127,101.6819711749251,102.68005406470307,101.6819711749251,102.68005406470307,102.0910186689599,96.85017751844745,113.47747757515393,92.83492563281487,0.9096185902573112,1.0,0.03937532949551037,1326.0,1173.0,1271.075,1.043211454870877,0.9228409023857758,0.0,0.7777777777777778,-3.136148104172558,94,88,69.02518617565931
131,Charleston,CAA,17-15,105.26679429314419,117,101.56320945289569,159,0.6015413809714915,131,17.0,15.0,8.0,10.0,8-10,0.5063442207480373,0.5419630849668665,0.47419959653627397,0.5063442207480373,0.5419630849668665,0.47419959653627397,0.8433789173723069,0.7855600078236041,102.93659494113079,102.56141150350985,102.93659494113079,102.56141150350985,104.34039911722851,103.50270793582995,108.16157762861697,98.9163763936262,0.7364388822655155,3.0,-0.03785213241506635,1391.0,1368.0,1319.575,1.0541272758274445,1.0366974215182918,0.0,0.4444444444444444,-7.453331181487217,174,258,73.6743110914634
132,Texas St.,SB,21-8,105.31929205949065,114,101.71792537683808,168,0.5987165584939521,132,21.0,8.0,12.0,3.0,12-3,0.38737501460171214,0.3413173468640674,0.38693914578978456,0.38737501460171214,0.3413173468640674,0.38693914578978456,0.8693802776969796,0.825717315671222,100.32559473109973,102.71543837607526,100.32559473109973,102.71543837607526,104.93808487507532,101.40821008795267,106.08670771550055,108.11279694284967,0.4458232950891585,4.0,0.05484327710428427,1015.0,938.0,958.3749999999999,1.0590843876353204,0.9787400547802271,0.0,0.8,-2.2617166482901436,81,63,63.675141372744974
133,Georgia St.,SB,18-11,101.89436052931772,182,98.42508423651256,106,0.5982960641351761,133,18.0,11.0,9.0,5.0,9-5,0.4387446953581353,0.39545261768614903,0.4261870875690033,0.4387446953581353,0.39545261768614903,0.4261870875690033,0.8687029734605103,0.8605780001921961,100.98057177393814,100.89065200798771,100.98057177393814,100.89065200798771,97.62673004589348,94.5922462921436,100.4361357178465,103.78363318590917,0.4068406366181261,2.0,-0.003990140387949537,932.0,871.0,950.2874999999999,0.9807558238954002,0.9165647238335768,0.0,0.6428571428571429,-5.14663039556309,131,187,67.28343081301676
134,Kent St.,MAC,23-11,102.39228569625091,172,99.07578586118049,119,0.5935480595725547,134,23.0,11.0,16.0,4.0,16-4,0.4116228688039875,0.4273159561376481,0.3853987749051554,0.4116228688039875,0.4273159561376481,0.3853987749051554,0.8930412610563689,0.8612415776552147,102.26461924198932,104.79963753331722,102.26461924198932,104.79963753331722,100.8746620613318,96.97206448284037,94.25771693521804,91.8211174925354,0.5747332734955476,2.0,0.02147951271423465,1432.0,1310.0,1371.3874999999998,1.0441979382195041,0.9552369406896302,0.0,0.8,-4.5401681597316585,119,121,65.72763812122335
135,Florida Atlantic,CUSA,19-15,104.50145917326088,132,101.21298790196337,150,0.5909031953821859,135,19.0,15.0,11.0,7.0,11-7,0.41569637643373425,0.3083001838022508,0.4882855622480883,0.41569637643373425,0.3083001838022508,0.4882855622480883,0.8851146004696235,0.9118441914606794,101.52840331866925,103.52286878800396,101.52840331866925,103.52286878800396,107.1713318459934,100.30201057511738,87.96283669174625,91.83835820817959,0.37852116430842164,2.0,-0.09010119196794364,1325.0,1228.0,1230.4750000000001,1.0768199272638614,0.9979885816452995,0.0,0.6111111111111112,-8.064016987264091,185,331,67.14745841118908
136,Delaware,CAA,22-13,106.50279761261805,93,103.15256935130463,202,0.5908702752815626,136,22.0,13.0,10.0,8.0,10-8,0.47391665453230636,0.40427976156232515,0.475362005072468,0.47391665453230636,0.40427976156232515,0.475362005072468,0.8637915810882775,0.8851762434935088,102.19861500199879,102.64427539787596,102.19861500199879,102.64427539787596,108.05798942322146,106.0602549965684,109.33976971274956,113.83268254705611,0.386250891773519,2.0,0.033534075741089686,1334.0,1305.0,1227.6374999999998,1.086639989410555,1.0630173809451082,0.0,0.5555555555555556,-5.463398917144246,136,97,66.62259032163341
137,Sam Houston St.,WAC,19-14,99.97157079190987,224,96.87822998559656,77,0.5893930342756353,137,19.0,14.0,13.0,5.0,13-5,0.44763677362537685,0.4316969885333799,0.44774104614361243,0.44763677362537685,0.4316969885333799,0.44774104614361243,0.8587081589210444,0.8198463114491692,101.16199481853909,101.76239403139049,101.16199481853909,101.76239403139049,101.68758129343155,96.69118405583843,100.76747478429034,103.40676172693848,0.42621048941484796,3.0,-0.03370191431211356,1199.0,1112.0,1178.5625,1.0173410404624277,0.9435222994113591,0.0,0.7222222222222222,-7.056941547876987,167,250,64.87340519049135
138,California,P12,12-20,100.03260114762334,222,97.19458703373772,81,0.5819985168837475,138,12.0,20.0,5.0,15.0,5-15,0.649617639057392,0.4903598417174859,0.7276698683524695,0.649617639057392,0.4903598417174859,0.7276698683524695,0.7507638697823795,0.8628848811506958,105.63984143570332,98.83769541439011,105.63984143570332,98.83769541439011,101.71393119606697,98.25374548789883,105.67406691967471,101.18644482262641,0.6222335136561348,8.0,-0.04959693727151532,1228.0,1362.0,1289.4499999999998,0.952344022645314,1.0562642987320177,0.0,0.25,-8.80207386474809,199,282,64.12845021951861
139,Georgia Tech,ACC,12-20,100.53861219704304,213,97.78575702702685,89,0.5791472131983917,139,12.0,20.0,5.0,15.0,5-15,0.6417806998588851,0.3966357553710555,0.7771508627523993,0.6417806998588851,0.3966357553710555,0.7771508627523993,0.7342108193438945,0.8799854686265419,107.10472098943733,99.57583249412764,107.10472098943733,99.57583249412764,100.73261225015591,96.66784144162503,99.00724214002844,95.87329973181386,0.5914355307571081,11.0,-0.04750194966896093,1319.0,1462.0,1387.7875,0.950433693919278,1.0534754059969555,0.0,0.25,-8.329146038812667,190,279,68.10820555131629
140,Rhode Island,A10,15-16,98.16477270826533,256,95.57927994252313,49,0.5761407768509267,140,15.0,16.0,5.0,12.0,5-12,0.5228168426279648,0.4277487176602012,0.5954153688963215,0.5228168426279648,0.4277487176602012,0.5954153688963215,0.8379797486090833,0.884267501414338,103.61720883302037,101.8755521066167,103.61720883302037,101.8755521066167,95.57725181538677,94.90908066951866,95.45476578281422,92.4899322747174,0.5897315719749321,4.0,-0.05704338282068233,1090.0,1133.0,1164.3874999999998,0.9361144807892563,0.9730437676460801,0.0,0.29411764705882354,-8.49717354161218,194,292,67.18460363620531
141,UC Santa Barbara,BW,17-11,104.27025014931232,139,101.68668853768222,164,0.5716365458629437,141,17.0,11.0,9.0,6.0,9-6,0.35215056693409835,0.2793158628985599,0.3852004103038496,0.35215056693409835,0.2793158628985599,0.3852004103038496,0.9012431102942985,0.8791387534125934,98.93136221913548,104.15347421712029,98.93136221913548,104.15347421712029,104.58296270533359,100.75495991833772,101.83296243174969,109.83753565482643,0.295215289894422,2.0,-0.08151551417396052,1079.0,984.0,1008.6875,1.0697069211227461,0.9755251254724581,0.0,0.6,-6.837894900163259,163,325,65.46556175588557
142,Seattle,WAC,23-9,98.72270194303337,248,96.30257343860274,63,0.5708766393278428,142,23.0,9.0,14.0,4.0,14-4,0.386526766110679,0.30161225660548124,0.43389780461427274,0.386526766110679,0.30161225660548124,0.43389780461427274,0.890358287757791,0.9070892562551973,100.04630611168153,104.4597721194584,100.04630611168153,104.4597721194584,99.42533965537638,96.05093860422917,106.26477164757125,110.6835480713127,0.38496519332323165,1.0,0.056052115564982574,1327.0,1208.0,1315.1000000000001,1.0090487415405671,0.9185613261348946,0.0,0.7777777777777778,-3.624442039940995,102,61,70.40569493282612
143,Drexel,CAA,15-14,103.94230649239162,147,101.53765508201239,157,0.5668896868634538,143,15.0,14.0,10.0,8.0,10-8,0.4862714312494755,0.49075024568477454,0.47797215423633166,0.4862714312494755,0.49075024568477454,0.47797215423633166,0.8597427831400007,0.8270675297428411,103.21496556720375,103.31027804029398,103.21496556720375,103.31027804029398,106.83753759882109,102.76152502795107,97.17111754295797,97.12757319350746,0.5012886317361016,1.0,-0.04086065182152199,1300.0,1243.0,1207.2124999999999,1.0768609503297888,1.0296447394307133,0.0,0.5555555555555556,-7.688048266813664,178,262,66.21021975146034
144,Jacksonville St.,ASun,21-11,104.51429285649385,131,102.20863700176378,179,0.5637850620600212,144,21.0,11.0,13.0,3.0,13-3,0.39230638408014823,0.4121418790761427,0.344751574312717,0.39230638408014823,0.4121418790761427,0.344751574312717,0.8852240826232415,0.8532839555942874,100.97368341276206,103.91886315068679,100.97368341276206,103.91886315068679,106.17407111911032,104.2304235505622,98.68640102136654,98.27497678379983,0.5120086379166279,3.0,0.008686196523355005,1175.0,1081.0,1063.1499999999999,1.1052062267789118,1.016789728636599,0.0,0.8125,-5.2228636324380115,132,158,65.10590410253788
145,Longwood,BSth,26-7,105.35474428655006,113,103.41735337263609,208,0.5531594725771517,145,26.0,7.0,15.0,1.0,15-1,0.3185751619690403,0.26775942472200964,0.3162483700910031,0.3185751619690403,0.26775942472200964,0.3162483700910031,0.9067275011959492,0.8958435048297203,99.07076635338413,104.44761489834242,99.07076635338413,104.44761489834242,106.00508540068489,105.09115727672472,101.65934055305675,119.11048021151353,0.13920886172501507,2.0,0.07876356547781649,1163.0,1063.0,1068.8,1.0881362275449102,0.9945733532934132,0.0,0.9375,-2.277399281356997,82,32,66.05294592243033
146,Buffalo,MAC,19-11,105.66486122131117,106,103.73083333867135,216,0.5529110203011619,146,19.0,11.0,13.0,6.0,13-6,0.4137874470099572,0.4813098920609306,0.36823256759751816,0.4137874470099572,0.4813098920609306,0.36823256759751816,0.8777701289874609,0.8077327884675839,101.88284738782693,104.07015905531476,101.88284738782693,104.07015905531476,105.06546020205842,104.68052498174916,113.23427500639488,104.18733641110634,0.7226381400153609,2.0,0.01879363860509764,1514.0,1403.0,1371.475,1.1039209610091325,1.0229862009879875,0.0,0.6842105263157895,-5.4393904938762,135,129,71.07568182102068
147,UC Irvine,BW,15-10,98.19962120540686,254,96.45086674809198,67,0.5514767770650338,147,15.0,10.0,10.0,5.0,10-5,0.4437984871204373,0.5093072152972162,0.3959707127413817,0.4437984871204373,0.5093072152972162,0.3959707127413817,0.8636690259954807,0.781891755937848,101.43734607726962,102.02000784475615,101.43734607726962,102.02000784475615,98.17476753981529,96.65190343415834,95.20565491784896,89.79369057704568,0.6621820163732912,2.0,0.019551203931085004,971.0,905.0,970.3125,1.000708534621578,0.9326892109500805,0.0,0.6666666666666666,-4.827745017655989,126,127,65.05447356583653
148,Saint Joseph's,A10,11-19,99.93751914437085,225,98.19090387562412,96,0.5505178889851072,148,11.0,19.0,5.0,13.0,5-13,0.5526490842085783,0.48466163068718,0.6045999229160074,0.5526490842085783,0.48466163068718,0.6045999229160074,0.816203422063932,0.8385098167387599,102.93333483145437,100.38948012177997,102.93333483145437,100.38948012177997,100.2899498075466,97.8257236900953,98.83160981689335,98.37461314770334,0.5133216569648497,4.0,-0.13151421658271173,1191.0,1238.0,1233.25,0.9657409284411109,1.0038516115953782,0.0,0.2777777777777778,-10.983878521463524,240,353,68.22126466373648
149,Ohio,MAC,25-10,102.61944035360997,169,100.82862276680389,144,0.5504425376092676,149,25.0,10.0,14.0,6.0,14-6,0.3908383660245442,0.39725540811604354,0.37102241020396,0.3908383660245442,0.39725540811604354,0.37102241020396,0.8880027075304285,0.8388049351943297,101.34461427638259,105.20786141203007,101.34461427638259,105.20786141203007,102.6801053195862,100.4328946118185,94.68888752703742,92.13526276293986,0.577958252881265,2.0,0.07015182685645238,1494.0,1357.0,1384.8124999999998,1.0788464142257528,0.9799160536173671,0.0,0.7,-3.5112100747760007,100,42,67.42937322795456
150,Yale,Ivy,19-12,99.39873721949019,232,97.85363766299622,91,0.5449198632134763,150,19.0,12.0,11.0,3.0,11-3,0.45453276562457545,0.47844577485563805,0.3883080893150918,0.45453276562457545,0.47844577485563805,0.3883080893150918,0.8440927080717864,0.7972256182993135,102.96873430365162,103.84320873972878,102.96873430365162,103.84320873972878,101.41604139183673,96.9024281874245,88.29264818640685,97.90462826814867,0.23354964493038521,5.0,0.03595145681597489,1030.0,946.0,986.8875000000003,1.0436853238084378,0.9585692391483323,0.0,0.7857142857142857,-4.867940475186622,127,94,68.84897784383053
151,Gardner Webb,BSth,18-13,97.12368734090093,273,95.75075709993558,51,0.5408394953695067,151,18.0,13.0,11.0,5.0,11-5,0.37256164749614185,0.41440238007168756,0.32817945789172265,0.37256164749614185,0.41440238007168756,0.32817945789172265,0.8827081669546883,0.8168964527197559,101.34413374269509,104.60688314207799,101.34413374269509,104.60688314207799,98.02042734027322,96.85288062931058,99.33610506557216,105.53303223526748,0.3327171240937522,2.0,-0.06089864667580247,1084.0,1003.0,1071.5625,1.0116068824730242,0.9360163312919219,0.0,0.6875,-7.693657282713881,179,301,67.47450436691743
152,Jacksonville,ASun,21-10,100.50254695118073,214,99.13068195075448,121,0.5394321461142955,152,21.0,10.0,11.0,5.0,11-5,0.34913923560107923,0.29085907144446005,0.37362705504845056,0.34913923560107923,0.29085907144446005,0.37362705504845056,0.9132693756092329,0.9159939002121521,101.57318985515323,105.73246713973246,101.57318985515323,105.73246713973246,102.69114122507347,101.95423697790508,0.0,0.0,0.0,0.0,0.0143621814529864,1049.0,992.0,980.6124999999998,1.0697395760302875,1.011612640059147,0.0,0.6875,-5.633932547122334,139,142,61.42671431137732
153,Missouri,SEC,12-21,102.0932418557773,177,100.79060888588185,143,0.5368519219240653,153,12.0,21.0,5.0,13.0,5-13,0.6939075857323825,0.5234864111819865,0.807299764235488,0.6939075857323825,0.5234864111819865,0.807299764235488,0.6849105816913901,0.7793464089811923,106.47405458407265,96.63284724500738,106.47405458407265,96.63284724500738,105.41918992110784,99.54408125655169,103.45889088613013,103.4772031860232,0.4994911680884737,16.0,0.02628767214494404,1160.0,1286.0,1198.625,0.9677755761810408,1.0728960266972574,0.0,0.2777777777777778,-7.022439634650184,166,112,65.69335991059619
154,Appalachian St.,SB,19-15,100.65163331789755,211,99.55538721123236,126,0.5314432522460755,154,19.0,15.0,12.0,6.0,12-6,0.45102009829570333,0.5000074980287349,0.42652064422444913,0.45102009829570333,0.5000074980287349,0.42652064422444913,0.8579111962009156,0.7763575990514642,102.6030193129141,102.22903008366265,102.6030193129141,102.22903008366265,101.59888354881667,100.49205308028478,98.80233656147527,99.52407397468332,0.47908706514749305,2.0,-0.013746775175078274,1184.0,1135.0,1165.3,1.0160473697760233,0.973998112074144,0.0,0.6666666666666666,-6.994671353710526,164,206,64.43011795854942
155,Montana St.,BSky,27-8,103.58322854519773,153,102.47994742031926,184,0.5307474743377395,155,27.0,8.0,16.0,4.0,16-4,0.3486882391412643,0.3969701306957898,0.2931884813116375,0.3486882391412643,0.3969701306957898,0.2931884813116375,0.9075071768881037,0.882387099887429,101.28394702093875,106.69954696963208,101.28394702093875,106.69954696963208,102.76421237006586,102.1671143502343,108.76389669627244,132.14603122462182,0.09627000444055561,1.0,0.10698638115438586,1503.0,1373.0,1384.575,1.0855316613401225,0.9916400339454345,0.0,0.8,-2.833251070340204,90,12,67.05165748541673
156,UC Riverside,BW,16-12,101.1807237739747,198,100.12680210315933,130,0.5300673959131018,156,16.0,12.0,10.0,7.0,10-7,0.4067022331311038,0.49599601429317086,0.34994555990803544,0.4067022331311038,0.49599601429317086,0.34994555990803544,0.873508357151272,0.7665441540836149,99.55441841087514,101.8954289748967,99.55441841087514,101.8954289748967,100.5209948516784,101.3458750977641,107.01884546529978,101.97402360939704,0.6353640298412956,3.0,-0.039749423803145945,1153.0,1119.0,1134.6875,1.016138804736987,0.9861746075461305,0.0,0.5882352941176471,-6.802862457235087,161,260,65.36947022477975
157,New Mexico,MWC,13-19,105.40933252148085,110,104.32959612151143,231,0.5295667371790471,157,13.0,19.0,5.0,12.0,5-12,0.5818176728104336,0.4773339012611795,0.6661004545998506,0.5818176728104336,0.4773339012611795,0.6661004545998506,0.8000732974154728,0.8609548556620176,104.38654284915182,99.43180115015433,104.38654284915182,99.43180115015433,105.40181705743,104.9098050911465,99.43495186959291,104.8963496826262,0.35094363881257074,4.0,-0.045476911454492175,1192.0,1286.0,1184.65,1.0062043641581901,1.0855526948887857,0.0,0.29411764705882354,-9.626250394192137,222,275,71.21100634699643
158,UTEP,CUSA,20-14,100.7826021472249,206,99.78299507952627,127,0.5286265568445108,158,20.0,14.0,11.0,7.0,11-7,0.45568819840831865,0.41466931979624894,0.48503455153332986,0.45568819840831865,0.41466931979624894,0.48503455153332986,0.8537681680101724,0.8400010614609504,102.13834400852953,102.62530602735933,102.13834400852953,102.62530602735933,100.72584283643147,100.54778542973442,95.93575588997038,100.47805961825382,0.37005117370946833,3.0,0.020338275476295853,1230.0,1218.0,1217.3374999999996,1.0104017990080814,1.0005442204811734,0.0,0.6111111111111112,-5.871649714389724,143,123,66.50454148375874
159,UNC Wilmington,CAA,27-9,104.401406662554,135,103.50985189374184,211,0.5246370483887487,159,27.0,9.0,15.0,3.0,15-3,0.4435772788670929,0.3139887666792149,0.4825662185113991,0.4435772788670929,0.3139887666792149,0.4825662185113991,0.8910192182431371,0.9323050555233207,102.0998571456366,103.54231815473936,102.0998571456366,103.54231815473936,107.16427592892617,105.19504287234115,0.0,0.0,0.0,0.0,0.17733578665444139,1334.0,1278.0,1226.5625,1.087592356687898,1.041936305732484,0.0,0.8333333333333334,-3.6248419531695344,103,1,65.41170123078528
160,Wagner,NEC,21-6,101.19288243678218,197,100.35181162133523,135,0.5239771921320022,160,21.0,6.0,13.0,3.0,15-3,0.2992203952601291,0.44918271837464757,0.22198777525875002,0.2992203952601291,0.44918271837464757,0.22198777525875002,0.9158698421049346,0.8158627973634657,97.44867809887867,106.23167744326126,97.44867809887867,106.23167744326126,102.33578658716095,104.42597431487965,100.22049888527863,90.93506557294322,0.7536381951247313,2.0,0.07530603873655273,1213.0,1104.0,1126.1875,1.0770852988512125,0.9802985737277319,0.0,0.8333333333333334,-2.518900388909993,88,37,66.50419407327506
161,Tulsa,Amer,11-20,103.46928277949806,158,102.64235946444711,188,0.5230528631577048,161,11.0,20.0,4.0,14.0,4-14,0.5956707091980513,0.4127043704045489,0.688833149742544,0.5956707091980513,0.4127043704045489,0.688833149742544,0.7899369685567682,0.8917420705605171,103.55747451079279,99.36457306996888,103.55747451079279,99.36457306996888,103.30408972138595,102.15724409482094,106.05612466092201,101.7125266446303,0.6179619288193747,6.0,-0.07698718067042776,1197.0,1282.0,1227.2749999999999,0.9753315271638386,1.044590658165448,0.0,0.2222222222222222,-10.60910667944002,234,318,66.44361515663334
162,Mercer,SC,16-17,105.81983350706287,102,105.19349705005231,243,0.5170607566203026,162,16.0,17.0,8.0,10.0,8-10,0.48873764177816137,0.4494372860320315,0.5165744580964147,0.48873764177816137,0.4494372860320315,0.5165744580964147,0.8540254777250245,0.8455203927237425,104.56618508505808,103.6176333976608,104.56618508505808,103.6176333976608,105.36408352681661,105.62448948886144,103.75267445324599,98.34923124022538,0.6490987224961574,2.0,-0.034896501688390424,1245.0,1288.0,1172.925,1.0614489417481936,1.0981094272864846,0.0,0.4444444444444444,-9.676350301606341,224,252,64.91135202978933
163,Coastal Carolina,SB,19-14,101.10715018652661,201,100.57734122233651,138,0.5151002297098898,163,19.0,14.0,8.0,8.0,8-8,0.40297640801127593,0.3699220807030244,0.4187974975744681,0.40297640801127593,0.3699220807030244,0.4187974975744681,0.9088762149659956,0.9095770098429167,100.51740003235967,102.2561549421367,100.51740003235967,102.2561549421367,101.80575942046674,101.53633735008835,0.0,0.0,0.0,0.0,-0.04263957849190125,1108.0,1051.0,1077.4625,1.028342053667761,0.9754399805097624,0.0,0.5,-8.77068182187277,197,266,66.59562255888353
164,South Alabama,SB,21-12,101.73732138152927,185,101.23611329669924,151,0.5141948522608097,164,21.0,12.0,9.0,7.0,9-7,0.37518441275002035,0.33447704938399536,0.43533992436277463,0.37518441275002035,0.33447704938399536,0.43533992436277463,0.9049177674046033,0.8865204667653916,99.76983521098894,102.68566088093287,99.76983521098894,102.68566088093287,102.4729407636435,102.45646757293107,90.02442709001365,78.1503025253358,0.8357090868477386,1.0,0.001311596192781539,1095.0,1027.0,1051.7875000000001,1.0410848198899492,0.976432977193587,0.0,0.5625,-6.251279747124436,149,173,66.49285926869564
165,Portland,WCC,19-15,103.34681319894517,159,102.83938286001634,193,0.5141471718922014,165,19.0,15.0,7.0,7.0,7-7,0.44948805103293415,0.3344720098723884,0.56737177883975,0.44948805103293415,0.3344720098723884,0.56737177883975,0.8411186653240087,0.9070374198484482,102.18193268302959,102.61832817859326,102.18193268302959,102.61832817859326,104.6897137051411,100.48207882518135,103.88267290415801,102.62995778459455,0.5348237207028078,5.0,0.008239749924332518,1017.0,1037.0,1002.6249999999998,1.014337364418402,1.0342850018700913,0.0,0.5,-6.649414823939169,157,160,68.71831885587675
166,North Dakota St.,Sum,23-10,101.55099412311172,189,101.06550557870706,147,0.513774091245775,166,23.0,10.0,13.0,5.0,13-5,0.37031845432409405,0.3926918751449922,0.33766307742652524,0.37031845432409405,0.3926918751449922,0.33766307742652524,0.8866687233540675,0.8347317167452974,102.61108697780679,107.17976446333081,102.61108697780679,107.17976446333081,102.72079813917352,102.0830020749351,92.93163046481915,116.14197154409136,0.07149710149632495,2.0,0.06516753337678716,1391.0,1286.0,1265.5000000000002,1.099170288423548,1.0161991307783482,0.0,0.7222222222222222,-4.478452814389966,117,46,66.24736139637571
167,East Tennessee St.,SC,15-17,107.64648237277537,76,107.13919404965131,271,0.5135772377632827,167,15.0,17.0,7.0,11.0,7-11,0.5063570702783763,0.5050659893389616,0.5169530148121587,0.5063570702783763,0.5050659893389616,0.5169530148121587,0.840530252592431,0.8047190965982141,105.00488124922758,103.03698347374453,105.00488124922758,103.03698347374453,109.53257456074826,109.5838538001798,99.84457699248279,93.70997125018432,0.6746333559220846,3.0,-0.03244841150260325,1308.0,1344.0,1183.7375,1.1049747093422317,1.1353868573057795,0.0,0.3888888888888889,-9.415088702023215,214,246,65.45844800289038
168,Samford,SC,21-11,104.07495100097859,142,103.93091872182458,221,0.5039814656850732,168,21.0,11.0,10.0,8.0,10-8,0.4492617079648606,0.31804792689415645,0.5179957533019512,0.4492617079648606,0.31804792689415645,0.5179957533019512,0.8700280247927581,0.8932434949393161,104.10516373502745,104.1891707885543,104.10516373502745,104.1891707885543,103.24083933989311,104.76746556269433,86.80282693956521,92.66410860492961,0.32050906213192876,1.0,0.10363734071996256,1336.0,1363.0,1262.5624999999998,1.0581654373545866,1.079550517301124,0.0,0.5555555555555556,-4.636269404746682,121,14,69.16682095720398
169,East Carolina,Amer,15-15,101.77736328550307,183,101.68282569180296,163,0.502671707089414,169,15.0,15.0,6.0,11.0,6-11,0.5638236583810257,0.3778612452873496,0.6868750365510531,0.5638236583810257,0.3778612452873496,0.6868750365510531,0.799060103736574,0.9000625196119242,102.63170664938858,99.54760060575157,102.63170664938858,99.54760060575157,100.56720995378821,101.82939834563525,98.63237241455523,101.72120279824345,0.41226332744152516,6.0,0.04707417776148709,1129.0,1233.0,1180.625,0.9562731604023292,1.0443620963472737,0.0,0.35294117647058826,-6.429655144290355,154,77,67.83491044618766
170,Cleveland St.,Horz,20-11,104.01844944851372,143,104.15717015800374,225,0.49616848223737614,170,20.0,11.0,15.0,6.0,15-6,0.3414394978186082,0.3594027071841925,0.31429053709520904,0.3414394978186082,0.3594027071841925,0.31429053709520904,0.9072828107745116,0.8503510506679107,99.55713649158916,105.56998073964141,99.55713649158916,105.56998073964141,104.63347221788575,104.49692163787793,116.08590576594735,99.92350024608318,0.8486618740720681,2.0,-0.013280003702725085,1601.0,1473.0,1461.6125000000004,1.0953655637181534,1.0077910526900937,0.0,0.7142857142857143,-6.264419602297871,150,205,67.62890055151057
171,Monmouth,MAAC,21-13,101.34790089459635,193,101.71134091310918,167,0.4897099622213438,171,21.0,13.0,11.0,9.0,11-9,0.48166056377764443,0.5941753354691979,0.41888894351140155,0.48166056377764443,0.5941753354691979,0.41888894351140155,0.8706741539488988,0.8048563210975644,101.33076763298675,101.99335395917899,101.33076763298675,101.99335395917899,98.34064572095518,102.66145912760726,110.49945626372946,103.40384994105213,0.6820560353160897,1.0,0.11490065070842437,1336.0,1348.0,1349.2500000000002,0.9901797294793402,0.9990735593848432,0.0,0.55,-6.087162505514122,145,9,66.24958811955227
172,Georgetown,BE,6-25,104.21667604443664,140,104.60190982938121,235,0.4893938344135536,172,6.0,25.0,0.0,19.0,0-19,0.6910463537115615,0.4971136036069168,0.7975903143698015,0.6910463537115615,0.4971136036069168,0.7975903143698015,0.7226905086407681,0.8590174005819453,106.07258539429674,97.60223293799511,106.07258539429674,97.60223293799511,104.29435586187483,106.75523810529795,111.50945645425094,110.93817650756118,0.5147626303400489,12.0,-0.12585630110820883,1292.0,1528.0,1337.2375000000002,0.9661709307434168,1.142654165770852,0.0,0.0,-12.988600901043297,278,351,70.04067516439133
173,VMI,SC,16-16,109.45741140806933,51,110.01191813337209,316,0.48547622346321784,173,16.0,16.0,9.0,9.0,9-9,0.45833985846636444,0.3480139017767065,0.5200066372282013,0.45833985846636444,0.3480139017767065,0.5200066372282013,0.871918365017924,0.8908582501545691,103.34492289583747,102.97303634906741,103.34492289583747,102.97303634906741,111.75653900138224,111.77484925337185,112.05964806327529,93.12124031001139,0.893688467898897,1.0,-0.021820708292111246,1432.0,1426.0,1255.4625,1.140615510220337,1.1358363949540506,0.0,0.5,-8.811949741815566,200,219,68.67171536555793
174,Louisiana,SB,16-15,101.11243952001445,199,101.68845620933823,165,0.4836739997957745,174,16.0,15.0,8.0,9.0,8-9,0.4230344227440888,0.37582430071100015,0.43495848980049134,0.4230344227440888,0.37582430071100015,0.43495848980049134,0.8725039201451092,0.8119450606212455,100.30328842691405,101.71493337851541,100.30328842691405,101.71493337851541,102.90590940026333,103.08258028502352,82.02447137899917,93.15729641580971,0.18791342849041015,2.0,-0.042704125996238074,1208.0,1186.0,1178.6750000000002,1.0248796317899334,1.006214605383163,0.0,0.47058823529411764,-9.174912412043453,210,267,69.61939422523264
175,Hawaii,BW,17-11,100.27070794605697,218,101.0193342803417,145,0.4786278629372513,175,17.0,11.0,12.0,5.0,12-5,0.3759267595968411,0.34854431085564774,0.3759732846678283,0.3759267595968411,0.34854431085564774,0.3759732846678283,0.914261248204196,0.9100020902590303,99.61840882970377,103.54001527474026,99.61840882970377,103.54001527474026,102.72102945174501,99.41665330921585,0.0,0.0,0.0,0.0,-0.0018745305303435877,1140.0,1044.0,1090.8,1.0451045104510452,0.9570957095709571,0.0,0.7058823529411765,-7.0793728383143595,168,178,65.06591315781021
176,Northern Kentucky,Horz,20-12,100.76587030610798,207,101.53798549908629,158,0.4780684596247292,176,20.0,12.0,14.0,6.0,14-6,0.3319677122055054,0.33490931697699045,0.3215475546902534,0.3319677122055054,0.33490931697699045,0.3215475546902534,0.9212918088545573,0.8826353292331319,99.96134604352874,106.18576261943444,99.96134604352874,106.18576261943444,100.84119984327252,103.59687480877434,100.06316812543434,114.74888169930132,0.17152452027645826,1.0,-0.024776118765296506,1377.0,1289.0,1291.6250000000002,1.0660989064163358,0.9979676763766572,0.0,0.7,-7.999696883506002,183,227,64.01510312225734
177,Winthrop,BSth,23-9,104.344200820993,137,105.15529713645526,241,0.4777529405348214,177,23.0,9.0,14.0,2.0,14-2,0.40944604699756393,0.4873223777804017,0.3319436765351781,0.40944604699756393,0.4873223777804017,0.3319436765351781,0.8827554591372109,0.8166799002500599,100.71486379677127,102.70460604736218,100.71486379677127,102.70460604736218,103.77035667780628,105.36001887441665,108.03697388585458,109.19020471463067,0.46951158292505574,2.0,0.15117279978542375,1195.0,1099.0,1106.4375,1.0800429305767385,0.9932779754843811,0.0,0.875,-3.2243645868116,97,4,68.36790709936814
178,Oakland,Horz,20-12,102.46527789608069,171,103.3389455722895,207,0.47560967386939024,178,20.0,12.0,12.0,7.0,12-7,0.40003537103810866,0.5595100502999198,0.3204891228975311,0.40003537103810866,0.5595100502999198,0.3204891228975311,0.8770079480004148,0.7624581456797537,101.45805012626222,104.93395008441367,101.45805012626222,104.93395008441367,103.49423930179438,104.7044148523149,98.5459684843905,97.2497614393848,0.537993332100156,4.0,0.04950056038655093,1418.0,1330.0,1310.6625,1.081895606229674,1.0147539889178183,0.0,0.631578947368421,-6.128710092002419,147,71,67.70390799874878
179,Southern Utah,BSky,23-12,104.97045452926,122,105.93928124902791,255,0.4736113812397408,179,23.0,12.0,14.0,6.0,14-6,0.37369319960213093,0.43987555224013936,0.29877666382895124,0.37369319960213093,0.43987555224013936,0.29877666382895124,0.893175383396244,0.8202935674267277,100.30263767074888,104.51006134009548,100.30263767074888,104.51006134009548,106.18129058352429,107.85100180885554,82.44020471872172,100.34390142617936,0.09448218076482565,3.0,0.054451619020605135,1582.0,1457.0,1403.0499999999997,1.1275435658030721,1.0384519439791884,0.0,0.7,-6.536649068318877,156,64,68.33936432341109
180,Fordham,A10,16-16,93.13796821103932,333,94.09914191407923,37,0.47051660497707826,180,16.0,16.0,8.0,10.0,8-10,0.5007320637696238,0.3714545812029182,0.5619691370176975,0.5007320637696238,0.3714545812029182,0.5619691370176975,0.8401811919460656,0.8867409707803681,103.2513658053389,103.34579879326432,103.2513658053389,103.34579879326432,93.23231320156398,94.18928842906723,86.74883738236018,90.73411599554048,0.3736619516300511,6.0,0.018412284944911872,1128.0,1189.0,1226.6375,0.9195870825732948,0.9693165258684819,0.0,0.4444444444444444,-8.401024339188577,193,133,67.75610931190687
181,Cal St. Fullerton,BW,21-11,101.95692434829266,179,103.1199267737863,201,0.46743722916052793,181,21.0,11.0,12.0,5.0,12-5,0.40760591646051936,0.36990139439666464,0.3933193730535641,0.40760591646051936,0.36990139439666464,0.3933193730535641,0.8809487279099582,0.871860354180139,100.27943685427034,102.69246846663201,100.27943685427034,102.69246846663201,101.71173665055049,104.33536157546217,100.62643159551584,100.37106174274273,0.5073049317136701,2.0,0.09535488002819259,1183.0,1136.0,1139.7625,1.0379355348153672,0.9966988736688565,0.0,0.7058823529411765,-5.047599908880149,129,19,66.01736063078665
182,UNC Greensboro,SC,17-15,100.0286376453117,223,101.17764762355469,149,0.4672107793846636,182,17.0,15.0,9.0,9.0,9-9,0.47424959212923873,0.4092948950469529,0.5219917420314439,0.47424959212923873,0.4092948950469529,0.5219917420314439,0.8592720704238517,0.8504245388313221,104.25224226504743,104.43283733534948,104.25224226504743,104.43283733534948,101.12293531573265,99.64686954308824,80.84744277948414,105.43806752026119,0.0450477825332985,1.0,0.03002293844790016,1178.0,1173.0,1138.375,1.0348083891512023,1.0304161633907982,0.0,0.5,-7.3522917543246145,171,100,62.320039865482336
183,Cornell,Ivy,15-11,103.06281590093975,161,104.29843554992787,229,0.4657901534638149,183,15.0,11.0,7.0,7.0,7-7,0.39900955684732337,0.37617406151543337,0.3993649793423066,0.39900955684732337,0.37617406151543337,0.3993649793423066,0.8791567608145842,0.8423592560429913,101.22625987332879,104.06104826629172,101.22625987332879,104.06104826629172,100.67011682711968,103.29445980583965,96.95564267037102,104.0985297036186,0.30630116313310124,2.0,0.0069385795841854225,1037.0,1040.0,1021.1625,1.0155092847612401,1.0184471129717356,0.0,0.5,-6.312289100525042,151,163,71.97176383744436
184,Bryant,NEC,22-10,102.86983563410273,165,104.12631560946619,224,0.46515328468004424,184,22.0,10.0,15.0,2.0,16-2,0.3159576159189573,0.44185574221232976,0.23723709160787448,0.3159576159189573,0.44185574221232976,0.23723709160787448,0.9069150669931259,0.8116555095415925,97.9806440175567,105.64783121206926,97.9806440175567,105.64783121206926,105.60376734705335,105.11317393747485,97.67356051852774,120.64230809759874,0.081003494259784,2.0,0.031007542328202353,1411.0,1260.0,1274.2375,1.107328892769205,0.9888266512325999,0.0,0.8888888888888888,-4.790427248032204,124,98,72.27935429590543
185,Bellarmine,ASun,20-13,107.96942483302186,70,109.31258418916426,303,0.4645148696060835,185,20.0,13.0,11.0,5.0,11-5,0.4267091241981872,0.4887058544738325,0.35645896491250745,0.4267091241981872,0.4887058544738325,0.35645896491250745,0.833707910169581,0.7124656845571354,103.87018025135751,103.13021029101819,103.87018025135751,103.13021029101819,107.84271813043377,108.77931989859434,100.85861993799499,103.74519941665483,0.419577321228916,6.0,0.06092916117576308,1129.0,1079.0,1014.1375000000002,1.1132612688121677,1.0639582896796538,0.0,0.6875,-5.585360403714188,138,55,62.29040591779161
186,Wright St.,Horz,22-14,104.80697331979621,124,106.22971649352591,258,0.4613122023713148,186,22.0,14.0,15.0,7.0,15-7,0.37620838270054285,0.4526215371898754,0.3042868090439396,0.37620838270054285,0.4526215371898754,0.3042868090439396,0.8987613080325924,0.8447509828664227,100.70575078724983,105.5022348590212,100.70575078724983,105.5022348590212,107.00730584282164,108.4860330032924,88.77085387983318,102.2415802096097,0.16455483835633922,2.0,0.018721915021753688,1692.0,1534.0,1493.775,1.1327007079379423,1.02692841960804,0.0,0.6818181818181818,-8.396357330757695,192,130,68.77233505227248
187,Long Beach St.,BW,20-13,101.47150695821702,191,102.95898576964315,196,0.45825844407835903,187,20.0,13.0,14.0,3.0,14-3,0.470026347141722,0.563468283143772,0.3922272730338646,0.470026347141722,0.563468283143772,0.3922272730338646,0.836798654635869,0.721739277114478,102.28790937781294,101.77206525799411,102.28790937781294,101.77206525799411,101.4855537485103,100.52766322089758,95.71387718882788,103.3551339884897,0.29249685645735896,5.0,0.1024542519572561,1256.0,1147.0,1204.2624999999998,1.042961978804455,0.952450151026043,0.0,0.8235294117647058,-4.925799313173421,128,15,71.06195627396345
188,Navy,Pat,21-11,94.19978255226172,321,95.59878463137703,50,0.4577173049681359,188,21.0,11.0,12.0,6.0,12-6,0.35430339113120785,0.5279765810481236,0.24777476630623316,0.35430339113120785,0.5279765810481236,0.24777476630623316,0.8988861733534843,0.8077792035450283,100.09367342380064,106.1290871932395,100.09367342380064,106.1290871932395,92.55165626875376,95.13468268858557,102.2599145845472,97.68085560577063,0.6287457680423717,2.0,0.049079542054189185,1143.0,1058.0,1156.5624999999998,0.9882734396109162,0.9147797892461499,0.0,0.6666666666666666,-6.00489131660156,144,74,64.77834717228848
189,Oral Roberts,Sum,19-12,108.07159329318046,69,109.68037180203494,312,0.4576194476498093,189,19.0,12.0,13.0,6.0,13-6,0.3731361791972951,0.4140674318688612,0.34203714267041757,0.3731361791972951,0.4140674318688612,0.34203714267041757,0.8883770426203488,0.8291898304538613,102.36516675643337,106.2061287390831,102.36516675643337,106.2061287390831,108.88396568455619,108.89737817238448,112.08523818754902,113.42555316062044,0.46587780805644213,2.0,0.017901101208537162,1619.0,1481.0,1384.1499999999999,1.169670917169382,1.0699707401654446,0.0,0.6842105263157895,-6.816103592085156,162,135,70.24363052147933
190,Florida Gulf Coast,ASun,22-12,104.74128587510936,125,106.35227767432565,262,0.4562294989290297,190,22.0,12.0,10.0,6.0,10-6,0.3658235641957224,0.33651954872696627,0.3831608221494702,0.3658235641957224,0.33651954872696627,0.3831608221494702,0.9145265459498862,0.9147054770570069,100.39879312097862,104.83156308050563,100.39879312097862,104.83156308050563,103.33487731876707,105.65880864785558,118.40513946121817,119.10621842355663,0.48303378790515206,1.0,0.04604134269156801,1229.0,1198.0,1157.2250000000001,1.0620233748838817,1.0352351530601223,0.0,0.625,-6.681453929485382,158,79,70.08759567200221
191,Charlotte,CUSA,17-14,104.70576660268084,127,106.40391137671315,265,0.45387807530734975,191,17.0,14.0,10.0,8.0,10-8,0.4855445332044358,0.5137374815224475,0.474996033256633,0.4855445332044358,0.5137374815224475,0.474996033256633,0.8603171014266421,0.8315758700600023,102.16076074245451,102.63920128950217,102.16076074245451,102.63920128950217,103.25493984517622,106.02714347157942,111.51856849056817,113.88021551602698,0.4400412840609058,3.0,0.06447446313792926,1233.0,1249.0,1187.625,1.0382065045784654,1.0516787706557205,0.0,0.5555555555555556,-7.421319861784577,173,50,65.42392968925607
192,Massachusetts,A10,15-17,110.91710845670076,35,112.80529057745818,343,0.45162157028529876,192,15.0,17.0,7.0,11.0,7-11,0.5458020625899344,0.46543522001630744,0.5924784698738229,0.5458020625899344,0.46543522001630744,0.5924784698738229,0.835204154475669,0.8951676433159174,101.65360085606426,99.59559543829022,101.65360085606426,99.59559543829022,107.29961445089658,111.81864207827142,110.08538290473086,112.88807668591116,0.42822012577180396,4.0,0.04196126253770438,1296.0,1399.0,1257.125,1.0309237347121407,1.112856716714726,0.0,0.3888888888888889,-9.042377492770138,206,83,69.06063396443207
193,Georgia,SEC,6-26,106.95271224821735,84,108.78688602482168,296,0.451268686921429,193,6.0,26.0,1.0,17.0,1-17,0.6887165796290335,0.5110275388541832,0.8109499671317806,0.6887165796290335,0.5110275388541832,0.8109499671317806,0.7230609363644281,0.8670016875143376,105.60184840086114,97.04463230078395,105.60184840086114,97.04463230078395,111.21764890908385,109.80711543009251,113.24304148037777,107.71787838574558,0.6399710703878141,13.0,-0.11474520104016944,1274.0,1484.0,1263.6375,1.008200532193766,1.1743874331048263,0.0,0.05555555555555555,-13.723185696263087,290,349,68.76121128254071
194,Weber St.,BSky,21-12,101.33570543571697,194,103.15995023671607,203,0.4488838076352886,194,21.0,12.0,13.0,7.0,13-7,0.34860622637283806,0.4201010143375656,0.3011959541829078,0.34860622637283806,0.4201010143375656,0.3011959541829078,0.9192066929019913,0.8769171399652148,100.68193287677256,106.18300934977874,100.68193287677256,106.18300934977874,102.15376414338466,102.28507918366029,100.98103064874614,114.40275252604383,0.1923032327513215,1.0,0.026723959533000552,1552.0,1417.0,1432.2999999999997,1.0835718773999863,0.9893178803323328,0.0,0.65,-7.696711314688709,180,111,69.59212648858178
195,Pittsburgh,ACC,11-21,98.88462376631684,243,101.0566818322892,146,0.43785553759116785,195,11.0,21.0,6.0,14.0,6-14,0.6941404874453394,0.5564095416457824,0.7724878831980251,0.6941404874453394,0.5564095416457824,0.7724878831980251,0.7302522044951022,0.8449852779828594,107.97782387011004,99.10492943667867,107.97782387011004,99.10492943667867,102.57501043588728,102.21230364507716,102.81261567064553,104.67840673190554,0.4484772586856666,11.0,0.05643193480264713,1251.0,1405.0,1278.725,0.97831824669104,1.098750708713758,0.0,0.3,-8.94624757643018,203,60,63.980613117216365
196,Texas Southern,SWAC,19-13,96.28083045506636,288,98.47444972278153,108,0.4355921768613246,196,19.0,13.0,13.0,5.0,13-5,0.3708740194050373,0.6844467357100676,0.20553046707169628,0.3708740194050373,0.6844467357100676,0.20553046707169628,0.8641116820191946,0.6812266881130137,98.73668298485674,104.09146438137041,98.73668298485674,104.09146438137041,96.52843222019821,100.59244326881408,100.89659751485506,95.17423069572428,0.6618278388933289,4.0,0.024783417880515524,1297.0,1169.0,1268.3249999999998,1.0226085585319222,0.9216880531409537,0.0,0.7222222222222222,-6.774253827837221,159,115,68.05499567002622
197,Tarleton St.,WAC,14-17,99.30405989298168,235,101.56834187315712,160,0.435542550154478,197,14.0,17.0,9.0,9.0,9-9,0.45300278900396296,0.4820053503992988,0.4320564946628872,0.45300278900396296,0.4820053503992988,0.4320564946628872,0.8247261336160056,0.7455308309061672,101.65586966296233,101.26970801803053,101.65586966296233,101.26970801803053,101.07799810623811,105.3857863344031,100.76422617445982,92.21597139023979,0.7348704409188013,3.0,-0.05365286816182496,1192.0,1220.0,1182.8,1.0077781535339871,1.031450794724383,0.0,0.5,-9.52884118312615,220,288,63.24098883004535
198,Old Dominion,CUSA,13-19,99.61293984043076,228,101.88726927219162,172,0.4354591796737595,198,13.0,19.0,8.0,10.0,8-10,0.49242286268196594,0.458096345162761,0.515202919989657,0.49242286268196594,0.458096345162761,0.515202919989657,0.8673602783028996,0.8834220855454296,102.54359839783834,102.28938411278888,102.54359839783834,102.28938411278888,102.09560655493331,100.99811795155345,102.66186081039349,116.72880580280892,0.18591947806018963,1.0,-0.048299436304857835,1227.0,1217.0,1198.825,1.0235021792171501,1.0151606781640357,0.0,0.4444444444444444,-12.320951992757134,266,281,64.26726843612809
199,Norfolk St.,MEAC,24-7,100.67620932419426,209,103.0204207743001,198,0.43420779756758954,199,24.0,7.0,12.0,2.0,12-2,0.2611376679530907,0.3162666689871629,0.1856926347571924,0.2611376679530907,0.3162666689871629,0.1856926347571924,0.9181051581264429,0.8924262029446641,95.49700455236564,104.44082379888155,95.49700455236564,104.44082379888155,104.93772475372509,103.37556306436332,81.82146459261834,108.94225149625717,0.035839720542696546,2.0,0.08709849221181132,1072.0,900.0,981.0,1.0927624872579,0.9174311926605505,0.0,0.8571428571428571,-3.0812597034895335,93,25,66.94494492277832
200,Campbell,BSth,16-13,100.16351487190492,220,102.51944667739298,185,0.4335558641910105,200,16.0,13.0,8.0,8.0,8-8,0.34150268497044023,0.338383493322949,0.3353162168078035,0.34150268497044023,0.338383493322949,0.3353162168078035,0.9017868292203672,0.8509000865820071,98.95501423161255,103.3553308896716,98.95501423161255,103.3553308896716,101.90929658864883,105.30341302278148,106.61747576770267,92.10065520583552,0.8433280442589193,2.0,-0.05061703936722595,1047.0,1016.0,1007.3375000000001,1.0393735962376065,1.008599401888642,0.0,0.5,-8.771635322862652,198,285,62.254857902239785
201,Illinois St.,MVC,13-20,103.50896091560685,155,106.03084302748788,257,0.43123206794086255,201,13.0,20.0,5.0,13.0,5-13,0.49494300240533656,0.3536355101765577,0.5896679768332295,0.49494300240533656,0.3536355101765577,0.5896679768332295,0.8462643053518369,0.8933773058487199,102.93645593277495,101.91832149249511,102.93645593277495,101.91832149249511,104.10057959896679,105.39838151502758,115.458348774675,116.84176386954874,0.4658101022233161,2.0,-0.07109098516980195,1273.0,1321.0,1243.3750000000002,1.0238262792801849,1.0624308836835226,0.0,0.2777777777777778,-12.385551057730956,267,311,68.11886319920553
202,UMKC,Sum,19-12,100.4405462441567,216,103.01615500394372,197,0.4277154364147721,202,19.0,12.0,12.0,6.0,12-6,0.3424583111927599,0.3314702850308349,0.34701819887946,0.3424583111927599,0.3314702850308349,0.34701819887946,0.9006265292138544,0.8695600995265879,102.56042437273962,107.25296356284399,102.56042437273962,107.25296356284399,100.70050355002871,102.92281185280636,89.05332528610926,97.89680062363107,0.2518437561206716,1.0,0.014853091999554091,1344.0,1307.0,1256.5125,1.0696272420688213,1.0401806587678197,0.0,0.6666666666666666,-7.340413855896372,170,140,67.31684599841613
203,Arkansas St.,SB,18-11,97.9523109805335,259,100.53584967298465,137,0.4257073786779147,203,18.0,11.0,8.0,7.0,8-7,0.4021094149176529,0.32244781857167976,0.45974077464152857,0.4021094149176529,0.32244781857167976,0.45974077464152857,0.8788061798475274,0.854399296514445,101.02280119221244,102.81222646419457,101.02280119221244,102.81222646419457,97.7588583734442,99.92866009662039,97.00716370284354,106.43797666251335,0.2559849715725728,2.0,0.07718830796829634,1020.0,1013.0,1036.9624999999999,0.9836421278493679,0.9768916426582448,0.0,0.5333333333333333,-5.867052672249626,142,35,68.17945300609165
204,Indiana St.,MVC,11-20,98.6331004640177,250,101.58629882733901,161,0.4159867491933506,204,11.0,20.0,4.0,14.0,4-14,0.5031045645083319,0.3767600458889797,0.5913271600099538,0.5031045645083319,0.3767600458889797,0.5913271600099538,0.8292522178059687,0.8497882535965885,103.88068009112963,101.26555790172948,103.88068009112963,101.26555790172948,99.30851598105343,101.70614809951307,108.76192252001684,109.35273135278737,0.484429928627875,3.0,-0.08536375580259042,1221.0,1346.0,1277.4375000000002,0.9558197563481577,1.0536719017564458,0.0,0.2222222222222222,-12.261523507109402,265,329,69.45307252858038
205,Troy,SB,20-12,97.25622238714733,272,100.2171096348035,132,0.41462343990679035,205,20.0,12.0,10.0,6.0,10-6,0.40999755116986875,0.33386183187057117,0.46781299878084764,0.40999755116986875,0.33386183187057117,0.46781299878084764,0.8931865592717939,0.8958143106703657,100.69824533128747,102.86281908105681,100.69824533128747,102.86281908105681,100.7042912614447,98.32855965558498,69.37462058710132,104.85672754843155,0.008574519062529195,1.0,0.10768427864295582,1063.0,1032.0,1065.6125000000002,0.9975483583385141,0.9684571080012667,0.0,0.625,-5.807296178232036,140,11,67.07727578043831
206,Nicholls St.,Slnd,21-12,99.55724536011735,229,102.70777098898598,189,0.4113754657802519,206,21.0,12.0,11.0,3.0,11-3,0.3197781711487972,0.3887084228067764,0.1982543377531097,0.3197781711487972,0.3887084228067764,0.1982543377531097,0.8690276440944827,0.801559950997891,100.56187759094998,106.39177326404065,100.56187759094998,106.39177326404065,99.47482482922854,103.85072773514774,101.41876048898054,95.91278449669585,0.6551865047287302,5.0,0.014748449512825279,1102.0,1015.0,1028.125,1.071854103343465,0.9872340425531915,0.0,0.7857142857142857,-5.8146425157739285,141,141,69.75949948225626
207,Valparaiso,MVC,14-18,102.10596937561351,176,105.36678828055653,245,0.410592296814106,207,14.0,18.0,6.0,12.0,6-12,0.495043602487414,0.35621636951943564,0.5919145093531786,0.495043602487414,0.35621636951943564,0.5919145093531786,0.8525101760982434,0.9141334508688229,102.95334774169132,101.99383318798085,102.95334774169132,101.99383318798085,102.83817590031023,107.85097106017672,114.70895570861525,97.8275885420936,0.8618453249282141,1.0,-0.011854289922141492,1227.0,1340.0,1220.55,1.0052845028880424,1.0978657162754497,0.0,0.3333333333333333,-10.794400324162678,238,200,65.17701411789264
208,Loyola Marymount,WCC,11-18,105.12539225972698,120,108.48892702395071,291,0.4104309780806593,208,11.0,18.0,3.0,12.0,3-12,0.5693861387897263,0.5184355419508265,0.6177303227739586,0.5693861387897263,0.5184355419508265,0.6177303227739586,0.7909929044909332,0.8575531002717763,104.34208327310307,99.94524619762726,104.34208327310307,99.94524619762726,106.99792324262391,112.4888882158239,105.960592766192,113.53216595009636,0.3113709450093519,4.0,0.007394721559361106,1039.0,1174.0,1013.9,1.0247558930861032,1.1579051188480127,0.0,0.2,-9.429095754547394,215,162,65.83257855490024
209,UC Davis,BW,13-11,97.44606060279733,269,100.68267571464865,141,0.40715004076633393,209,14.0,10.0,6.0,6.0,6-6,0.33838523541214444,0.31268239959624056,0.359208832436964,0.33838523541214444,0.31268239959624056,0.359208832436964,0.9241634623622597,0.9142494430572693,99.49231362233871,104.7626536442538,99.49231362233871,104.7626536442538,100.01197338506536,103.9890961969178,99.86203628176546,84.39269271234748,0.8738625533196995,1.0,-0.05030161338303207,812.0,803.0,796.475,1.0194921372296681,1.0081923475313097,0.0,0.5,-8.05292268351811,184,284,67.27543786317152
210,Purdue Fort Wayne,Horz,21-12,99.0678238776811,241,102.376616171109,182,0.4066535971657517,210,21.0,12.0,15.0,6.0,15-6,0.33148131297329,0.2778118662605947,0.3337528924286558,0.33148131297329,0.2778118662605947,0.3337528924286558,0.927856972198096,0.9342093822230202,100.10428296195936,106.68227655017286,100.10428296195936,106.68227655017286,101.27731503975888,101.2179075862465,0.0,0.0,0.0,0.0,0.04135118729862475,1545.0,1442.0,1459.925,1.0582735414490472,0.9877219720191106,0.0,0.7142857142857143,-7.410172625444993,172,84,68.26439464369426
211,Niagara,MAAC,14-16,98.43405006863222,253,101.80988285367593,171,0.4042507294915557,211,14.0,16.0,9.0,11.0,9-11,0.427727098637476,0.42189097292128586,0.42725421229763916,0.427727098637476,0.42189097292128586,0.42725421229763916,0.8802280960163384,0.8319139052422603,101.06593910443057,103.04028206139792,101.06593910443057,103.04028206139792,97.96861283357414,103.07624403489623,101.52607961791982,95.5461211468384,0.6677722125433394,2.0,-0.018320301312969578,1329.0,1339.0,1336.3874999999998,0.9944720374891266,1.0019548970639132,0.0,0.45,-10.478360280685862,233,214,64.33912322452356
212,Fairfield,MAAC,15-18,99.43329382870283,231,103.05176101803232,199,0.3986578623624395,212,15.0,18.0,8.0,12.0,8-12,0.3971662560199695,0.3285041161831623,0.4278025876397362,0.3971662560199695,0.3285041161831623,0.4278025876397362,0.897712406656044,0.8944686970599952,99.93025081136443,103.68011218491787,99.93025081136443,103.68011218491787,99.57924656989582,103.74253465414736,104.27284311174007,95.11771607292835,0.7420786828355552,1.0,-0.06397769435409356,1294.0,1329.0,1304.9374999999998,0.99161837252742,1.0184395804396764,0.0,0.4,-12.688009580040111,273,306,64.26359304944808
213,Harvard,Ivy,13-13,97.0260413791986,275,100.66858386826036,140,0.3956017820148829,213,13.0,13.0,5.0,9.0,5-9,0.36034759024953644,0.3033710982043533,0.40918458343112196,0.36034759024953644,0.3033710982043533,0.40918458343112196,0.9175379035485303,0.9284048723920638,100.44502046151986,104.72420840909261,100.44502046151986,104.72420840909261,97.13849511376974,102.22371994774896,0.0,0.0,0.0,0.0,-0.06367290553942362,945.0,981.0,959.9124999999999,0.9844647298581903,1.0219681481385023,0.0,0.35714285714285715,-9.489275168696034,219,304,67.15986214036577
214,UNC Asheville,BSth,17-15,101.31982786265357,195,105.13206370243202,239,0.39537957610233,214,17.0,15.0,8.0,8.0,8-8,0.36281727849614864,0.38476831352355717,0.3441314568064561,0.36281727849614864,0.38476831352355717,0.3441314568064561,0.8981884229877412,0.8517220486887442,100.39184241293974,104.42226648311825,100.39184241293974,104.42226648311825,100.26357406836429,103.85857608712112,103.69997505497928,111.45576800091087,0.30376173970975084,2.0,-0.028844284821617272,1171.0,1112.0,1126.0625,1.0399067547316423,0.9875117944163845,0.0,0.5,-9.433459717999797,216,237,66.52779805654035
215,South Dakota,Sum,19-12,103.48166518104479,157,107.49823947153143,277,0.39223664434205346,215,19.0,12.0,11.0,7.0,11-7,0.35848411858963714,0.3286614574624849,0.35088184186769494,0.35848411858963714,0.3286614574624849,0.35088184186769494,0.910402624245147,0.9112096904197575,102.33636214684229,107.57822219152777,102.33636214684229,107.57822219152777,106.78752646347802,109.07469764898434,0.0,0.0,0.0,0.0,0.053028431272477805,1395.0,1320.0,1214.7625,1.1483726242784082,1.0866321606075262,0.0,0.6111111111111112,-7.570232360314191,176,66,65.76660637776706
216,Oregon St.,P12,3-28,105.31840872870717,115,109.41644374370041,305,0.3919818829089159,216,3.0,28.0,1.0,19.0,1-19,0.696735280016866,0.5775818437726051,0.7526267968081128,0.696735280016866,0.5775818437726051,0.7526267968081128,0.7268612510398273,0.8171836377817764,106.39406539061868,97.5164368025029,106.39406539061868,97.5164368025029,107.44408907602572,111.55917282305255,104.92372749115852,104.58979472045374,0.5091636092860592,10.0,-0.15078874780623547,1365.0,1634.0,1372.4875,0.994544576908715,1.1905390759478685,0.0,0.05,-16.15111366975618,319,357,66.6622700702526
217,Northern Colorado,BSky,22-16,106.87786966365486,88,111.1505984610452,334,0.38917263393697826,217,23.0,15.0,13.0,7.0,13-7,0.3787685482243854,0.46234751241475913,0.30704615432033033,0.3787685482243854,0.46234751241475913,0.30704615432033033,0.8802316104986062,0.7638933110470263,101.32997341954014,104.60422155016155,101.32997341954014,104.60422155016155,107.97315685138184,112.82216927880884,106.9412523242787,106.44677039407529,0.5133212880450274,4.0,0.04703712355829037,1629.0,1568.0,1436.75,1.1338089437967636,1.0913520097442144,0.0,0.65,-8.953184911417122,204,78,69.34672690031661
218,James Madison,CAA,15-14,102.2237909338733,175,106.31111461691884,260,0.3891558131873876,218,15.0,14.0,6.0,12.0,6-12,0.47390014902527017,0.4356072777073709,0.49730134816398647,0.47390014902527017,0.4356072777073709,0.49730134816398647,0.8770846979186641,0.8879079681093461,102.73853483668462,102.47142580089087,102.73853483668462,102.47142580089087,104.89596631134327,111.42636466921175,101.84893553058873,98.28493995666825,0.6009988276856528,1.0,0.07200379019912989,1334.0,1426.0,1269.1375000000003,1.0511075435088788,1.1235977189232842,0.0,0.3333333333333333,-8.330219313448145,191,38,68.97963675928918
219,Cal Baptist,WAC,18-16,98.13888154049252,257,102.16428239581538,176,0.38644444472531253,219,18.0,16.0,7.0,11.0,7-11,0.3917136880088052,0.29458879965675105,0.44567770678207885,0.3917136880088052,0.29458879965675105,0.44567770678207885,0.8721534783436367,0.8650723548036611,99.88937061970849,103.2551058396911,99.88937061970849,103.2551058396911,100.42339404660962,103.02141197493856,88.96903733924272,95.32340537944604,0.3114497959532536,2.0,-0.01535589245311575,1252.0,1249.0,1251.6375,1.000289620597018,0.9978927604837662,0.0,0.3888888888888889,-9.055850645036937,207,209,67.26539717326989
220,Penn,Ivy,12-16,105.20791865385699,118,109.62106434695094,311,0.38401375530233106,220,12.0,16.0,9.0,5.0,9-5,0.5197731073466431,0.6351849554694774,0.4108087661677821,0.5197731073466431,0.6351849554694774,0.4108087661677821,0.8288116580698823,0.7396705058939248,102.45005574351235,101.73467196675692,102.45005574351235,101.73467196675692,105.61422242029201,108.74450822234398,96.76776500869022,101.09619755024069,0.3767833890570579,3.0,0.04800863157005175,1058.0,1049.0,993.9875000000002,1.0643997032155834,1.0553452633961693,0.0,0.6428571428571429,-8.847850544479488,201,75,67.94850196227682
221,San Diego,WCC,15-16,95.99798317569739,292,100.09445800503235,129,0.38212176764430705,221,15.0,16.0,7.0,9.0,7-9,0.5036135959043402,0.38414519438905664,0.6126158951179876,0.5036135959043402,0.38414519438905664,0.6126158951179876,0.8137907550006304,0.880115006046701,103.38523464480798,101.2015861437009,103.38523464480798,101.2015861437009,98.07237950842429,100.69656199646587,95.98866334613216,105.23234832599209,0.25782241733910227,6.0,0.06400691457062807,1047.0,1162.0,1101.6249999999998,0.9504141608986726,1.0548054011119938,0.0,0.4375,-7.821627847177731,181,51,65.71658843680532
222,George Washington,A10,12-18,98.88134608081384,244,103.11744000968994,200,0.38168528918464983,222,12.0,18.0,8.0,9.0,8-9,0.5165334513426428,0.4163190034481939,0.5910914077127434,0.5165334513426428,0.4163190034481939,0.5910914077127434,0.8441548646324689,0.8907445386644981,102.39372208371857,101.73148666749111,102.39372208371857,101.73148666749111,102.32356751253026,104.46565754084611,94.06037349676434,113.22808242539058,0.10594239505474495,3.0,0.008258761120246039,1182.0,1253.0,1193.825,0.9900948631499591,1.0495675664356166,0.0,0.47058823529411764,-10.885015822494669,239,159,69.04733107879484
223,Rider,MAAC,14-19,98.64362605483288,249,102.93885078054282,195,0.37985884873348785,223,14.0,19.0,8.0,12.0,8-12,0.41610298999309026,0.36522345744083184,0.4296470703085079,0.41610298999309026,0.36522345744083184,0.4296470703085079,0.8941353170076978,0.8862574082715365,100.13790037418562,103.30929982341195,100.13790037418562,103.30929982341195,98.25037912004392,103.24340057143495,0.0,0.0,0.0,0.0,-0.05563332099692053,1345.0,1378.0,1368.75,0.982648401826484,1.0067579908675799,0.0,0.4,-13.392463543325041,282,290,67.03610028092432
224,Detroit Mercy,Horz,14-16,105.70870806088472,105,110.4227149845571,324,0.3771344834959496,224,14.0,16.0,10.0,7.0,10-7,0.40955128772102517,0.5187603819830873,0.3476024474024581,0.40955128772102517,0.5187603819830873,0.3476024474024581,0.8803410659772246,0.7969680010149391,100.65005380098782,104.28154914114022,100.65005380098782,104.28154914114022,105.07511710711677,106.18686540585631,113.46996557217629,117.15180324423054,0.40921237599555127,1.0,-0.00981055939553993,1194.0,1142.0,1104.9125,1.0806285565599087,1.0335660063579697,0.0,0.5882352941176471,-9.637170939509001,223,196,64.92332506130096
225,Dartmouth,Ivy,9-16,96.34572687252376,286,100.65312086258709,139,0.376841360281208,225,9.0,16.0,6.0,8.0,6-8,0.4466405819413166,0.4909645292150239,0.4118146233691181,0.4466405819413166,0.4909645292150239,0.4118146233691181,0.8774928512010919,0.8393578239551764,102.21526070145859,104.01590877404031,102.21526070145859,104.01590877404031,96.64770430962447,100.81780061334648,105.74109851526921,118.6637964077432,0.20982889969976282,1.0,-0.08164163842965577,952.0,928.0,943.0125,1.0095306265823623,0.9840802746517145,0.0,0.42857142857142855,-11.154283505370879,244,327,64.67256287523945
226,Marist,MAAC,14-16,99.17429639753571,238,103.75736446621937,217,0.37296282551473603,226,14.0,16.0,9.0,11.0,9-11,0.3933129091210262,0.31649750925701503,0.43032421429571965,0.3933129091210262,0.31649750925701503,0.43032421429571965,0.9102368327234196,0.929368092311075,99.71873366928212,104.08415591757975,99.71873366928212,104.08415591757975,101.79060909819377,102.81237467218527,0.0,0.0,0.0,0.0,-0.023536751984019444,1379.0,1363.0,1352.95,1.0192542222550722,1.0074282124247016,0.0,0.45,-11.585910491732683,248,224,66.24940079139289
227,Brown,Ivy,13-16,98.82566874870011,247,103.58859387543163,213,0.3678844597260122,227,13.0,16.0,5.0,9.0,5-9,0.4463658737245105,0.47744071316385345,0.413071402896643,0.4463658737245105,0.47744071316385345,0.413071402896643,0.8597014167423417,0.8154608300193484,102.09592157233529,103.2776220374163,102.09592157233529,103.2776220374163,98.12982008779156,107.4239552979597,117.49410181953722,111.74954116327555,0.6402552300178799,2.0,-0.008912499533409779,982.0,1009.0,962.8625000000001,1.0198756312557606,1.047917018265848,0.0,0.35714285714285715,-9.939448371625803,227,195,67.54872998551599
228,La Salle,A10,11-19,97.7590826667078,263,102.56613541659453,186,0.3653959790526751,228,11.0,19.0,5.0,13.0,5-13,0.524368510422031,0.34383817179349446,0.6085110651793878,0.524368510422031,0.34383817179349446,0.6085110651793878,0.840098055344484,0.8899931007500808,102.64775445923617,102.02738311247937,102.64775445923617,102.02738311247937,101.0629351131584,104.17272525741826,91.53430292485632,106.53140189099379,0.14869807148119915,3.0,-0.015650498525816514,1206.0,1305.0,1227.6000000000001,0.9824046920821113,1.063049853372434,0.0,0.2777777777777778,-11.717064417243833,252,210,67.45253060686316
229,Boston University,Pat,22-13,104.34308079820491,138,109.50594969540182,307,0.3646153894616621,229,22.0,13.0,11.0,7.0,11-7,0.320753336566212,0.36130935244488077,0.25791466364606214,0.320753336566212,0.36130935244488077,0.25791466364606214,0.9279659356017774,0.9106718792432156,97.34892900522091,104.73984157232717,97.34892900522091,104.73984157232717,103.6691952390629,110.53394300167697,0.0,0.0,0.0,0.0,0.06190095863119627,1298.0,1242.0,1190.375,1.0904126850782316,1.0433686863383387,0.0,0.6111111111111112,-8.304794621898806,189,54,64.94096440214915
230,Southeast Missouri St.,OVC,14-18,103.99211933096478,145,109.16403363122872,300,0.3639709804355636,230,14.0,18.0,8.0,9.0,8-9,0.39651956333133587,0.3606323699167444,0.40430295659534354,0.39651956333133587,0.3606323699167444,0.40430295659534354,0.8871975295206259,0.9037425374315861,99.61356754722568,103.1678161114547,99.61356754722568,103.1678161114547,106.70634375077154,109.82211521286538,107.23981264305004,121.27620649599945,0.19551969380950754,2.0,-0.060103765260212216,1325.0,1317.0,1235.9,1.0720932114248725,1.0656201958087224,0.0,0.47058823529411764,-12.417563181121858,268,297,71.61370924650284
231,High Point,BSth,14-18,98.85735688148273,245,103.85144244203073,220,0.36198479988929144,231,14.0,18.0,7.0,9.0,7-9,0.3932995478447079,0.4661417210817575,0.3385439515967271,0.3932995478447079,0.4661417210817575,0.3385439515967271,0.8813576280827812,0.8089470318993504,100.97775042905253,103.07536410456288,100.97775042905253,103.07536410456288,100.41904944752943,104.63032194281048,99.73939693256987,99.59641979762095,0.5041241962209309,3.0,-0.07215126987237519,1109.0,1093.0,1088.9750000000001,1.0183888519020179,1.0036961362749373,0.0,0.4375,-12.466188840137852,270,313,66.3669177187377
232,Kennesaw St.,ASun,13-18,103.6385550477651,152,109.04594783784152,297,0.3578083949648517,232,13.0,18.0,7.0,9.0,7-9,0.4186937055953812,0.4424586836681167,0.39663196559436964,0.4186937055953812,0.4424586836681167,0.39663196559436964,0.8709421707281984,0.8160676630312401,102.18180157004404,103.06540806745616,102.18180157004404,103.06540806745616,103.41290841743711,107.89089514643425,91.5331397313648,94.18672224793363,0.418569503393237,3.0,-0.06041524354843569,1148.0,1123.0,1069.5875,1.073310972688069,1.0499374758960813,0.0,0.4375,-11.976598441398933,257,299,66.25020749358495
233,Northeastern,CAA,9-22,97.04916898368626,274,102.129153767242,174,0.3573842305522202,233,9.0,22.0,2.0,16.0,2-16,0.5053957488194802,0.5249247423103673,0.5007685425601988,0.5053957488194802,0.5249247423103673,0.5007685425601988,0.8664637970089971,0.8613421290096291,103.6710717641393,103.60030498472415,103.6710717641393,103.60030498472415,97.42323939897365,106.60984288153499,102.00745438306994,92.14424229671707,0.7630443140391766,1.0,-0.0932208907441121,1154.0,1285.0,1183.2124999999999,0.9753108592074544,1.0860263900186993,0.0,0.1111111111111111,-15.438954772725085,311,336,64.60016118708992
234,Eastern Washington,BSky,18-16,102.8952184411038,163,108.31272988836358,287,0.3566159398553686,234,18.0,16.0,11.0,9.0,11-9,0.36474580966108877,0.4394369502241988,0.3102438238808763,0.36474580966108877,0.4394369502241988,0.3102438238808763,0.8830166271978568,0.7951010977618099,100.78062466690663,105.5391072741239,100.78062466690663,105.5391072741239,103.69659155058055,108.70981265366913,107.8173692962647,103.95214892179482,0.6034456722711534,3.0,0.009779268390318951,1548.0,1513.0,1425.0375000000001,1.0862872029683428,1.061726445795286,0.0,0.55,-9.788598949052302,225,154,69.72058327788875
235,UT Arlington,SB,11-18,96.20949808796725,289,101.53445663619799,156,0.3498937007972895,235,11.0,18.0,7.0,10.0,7-10,0.4837202430146778,0.5633844889769581,0.4321755097945245,0.4837202430146778,0.5633844889769581,0.4321755097945245,0.8344842393323756,0.7218364383583139,101.73492105671825,100.86545719816844,101.73492105671825,100.86545719816844,100.7315436560029,103.39652153154596,85.66288091120552,104.20440554547355,0.0950694732810491,5.0,-0.020927268260602816,1172.0,1175.0,1155.1249999999998,1.0146088085705012,1.0172059300941458,0.0,0.4117647058823529,-11.022844851548285,241,218,65.42055442479818
236,Southern,SWAC,17-14,94.13512781843875,323,99.38738427799495,123,0.34878596150226476,236,17.0,14.0,11.0,6.0,12-6,0.3426496565978267,0.5259864656206306,0.21321413577109122,0.3426496565978267,0.5259864656206306,0.21321413577109122,0.8837463958850135,0.773942307789719,98.77248987980855,104.57982758674251,98.77248987980855,104.57982758674251,95.51772942246092,99.2356039757224,101.87363657491899,92.19989370682558,0.7590363215051744,3.0,0.013888607244026074,1235.0,1100.0,1222.6625,1.0100906832425138,0.8996759121998099,0.0,0.6666666666666666,-8.735301284742029,196,144,70.29349948322738
237,Marshall,CUSA,12-21,100.25438826745389,219,105.89023023838678,253,0.3477464406180928,237,12.0,21.0,4.0,14.0,4-14,0.4807301156430001,0.4236153186406363,0.5228786547165183,0.4807301156430001,0.4236153186406363,0.5228786547165183,0.8656917713741302,0.8685540461961551,102.8064371314922,102.32879121335056,102.8064371314922,102.32879121335056,100.4848802938167,108.5614184656457,119.27108845793153,108.03939828803897,0.7571991000918603,1.0,-0.04318649015794268,1282.0,1406.0,1281.7249999999997,1.000214554604147,1.0969591761103203,0.0,0.2222222222222222,-14.122758268715831,294,271,72.41615234270061
238,Stony Brook,AE,18-13,103.96086370340566,146,109.91757236063856,315,0.3450800519121442,238,18.0,13.0,10.0,8.0,10-8,0.3606182838150937,0.45331194227711313,0.2936728638147462,0.3606182838150937,0.45331194227711313,0.2936728638147462,0.8887610017132672,0.8313734511299486,99.4690600819148,105.01752989753479,99.4690600819148,105.01752989753479,104.70711528520339,112.24189960796564,105.48493672183263,118.92913675731481,0.2010835096554491,3.0,0.04782867225476162,1318.0,1320.0,1220.1375,1.08020612430976,1.0818452838307158,0.0,0.5555555555555556,-7.997439900477454,182,76,68.17746554587444
239,South Florida,Amer,8-23,90.93418918610499,347,96.1517857904339,58,0.34488315048193086,239,8.0,23.0,3.0,15.0,3-15,0.615155467817986,0.4597189556248393,0.7140557527609815,0.615155467817986,0.4597189556248393,0.7140557527609815,0.7705715241105099,0.8505303802754698,104.11214099951137,98.95457175056673,104.11214099951137,98.95457175056673,92.75895211700136,97.55622355735414,101.63182296293594,97.55640488397228,0.6155373051665166,6.0,-0.03665147951321801,1041.0,1235.0,1201.1,0.8667055199400551,1.0282241278827742,0.0,0.16666666666666666,-12.856528898847003,277,255,64.96384624612556
240,Quinnipiac,MAAC,14-17,101.93826026347669,180,107.80624187471994,279,0.3444254099211864,240,14.0,17.0,7.0,13.0,7-13,0.3930445427237806,0.26638951020757357,0.4331299275295638,0.3930445427237806,0.26638951020757357,0.4331299275295638,0.9052152960637134,0.9231223212547717,98.9255898778671,103.19224459968459,98.9255898778671,103.19224459968459,102.7076243896515,109.15808201603697,0.0,0.0,0.0,0.0,-0.027372521661138793,1421.0,1489.0,1393.75,1.0195515695067265,1.0683408071748879,0.0,0.35,-12.252455699137402,264,233,68.88391958057242
241,UMBC,AE,18-14,103.56660510070483,154,109.54573401949764,309,0.34401273530708343,241,18.0,14.0,11.0,7.0,11-7,0.341092329884087,0.39692110495895777,0.2937895860403035,0.341092329884087,0.39692110495895777,0.2937895860403035,0.9070543517986507,0.8881526264705513,99.57630791091191,106.24040804932598,99.57630791091191,106.24040804932598,103.72484690059044,109.9264549415809,87.51216698672081,112.98362057517004,0.05031401317304419,2.0,0.024004950063750252,1310.0,1274.0,1211.625,1.0811926132260394,1.0514804498091406,0.0,0.6111111111111112,-9.354643361895448,213,117,68.32434238177717
242,Siena,MAAC,15-14,97.78839319847421,261,103.6321522099721,214,0.3390613377779922,242,15.0,14.0,12.0,8.0,12-8,0.42360615315785444,0.40837411353475017,0.433658006444826,0.42360615315785444,0.40837411353475017,0.433658006444826,0.9005338360060532,0.8988415625584258,100.26897065602981,103.29875147029118,100.26897065602981,103.29875147029118,98.26704779269477,101.12453797636671,0.0,0.0,0.0,0.0,0.0871486784250402,1339.0,1346.0,1364.325,0.9814377072911513,0.9865684495996189,0.0,0.6,-9.316772865368344,212,24,66.2505433970913
243,New Hampshire,AE,15-13,102.55661151036887,170,108.72310522809363,294,0.3381660061708494,243,15.0,13.0,10.0,8.0,10-8,0.3024176424823232,0.33433302041876223,0.2944291715813528,0.3024176424823232,0.33433302041876223,0.2944291715813528,0.9106762264323682,0.8637871417310679,98.41939661790708,106.1095888864066,98.41939661790708,106.1095888864066,102.26685580548012,110.46777901697615,114.12990317418966,109.51138727250154,0.616578510821839,3.0,-0.046774748777415276,1196.0,1187.0,1124.25,1.063820324660885,1.0558149877696241,0.0,0.5555555555555556,-9.254487772188403,211,278,61.91590370844421
244,Rice,CUSA,16-17,103.86724414268595,149,110.15810148162011,319,0.33710215076420835,244,16.0,17.0,7.0,11.0,7-11,0.4411329252572009,0.3039767990937119,0.5054000904555586,0.4411329252572009,0.3039767990937119,0.5054000904555586,0.8640079820891796,0.8946949977655817,101.00115635216102,102.17129428561228,101.00115635216102,102.17129428561228,104.24243722218101,111.32032056535365,93.87521394509203,116.13314043112942,0.0796680773044494,3.0,0.04070383705697095,1271.0,1347.0,1218.6125,1.0429894654781566,1.105355476002421,0.0,0.3888888888888889,-9.609951153367275,221,86,67.61217280782994
245,LIU,NEC,16-14,98.94817527173272,242,104.95664624600641,237,0.33672164768438534,245,16.0,14.0,12.0,6.0,12-6,0.35849956401475125,0.5614006280766053,0.2456408749240462,0.35849956401475125,0.5614006280766053,0.2456408749240462,0.8769623994414417,0.7327344024841109,98.64562064133679,104.87643829259109,98.64562064133679,104.87643829259109,99.3478984597808,104.55005372426402,86.83221033733784,109.25290403916426,0.06652046353225208,3.0,0.008054729427625973,1393.0,1310.0,1335.0250000000003,1.0434261530682944,0.9812550326772904,0.0,0.6666666666666666,-8.626572770957871,195,161,72.49035568384421
246,Youngstown St.,Horz,19-15,103.13673918829261,160,109.40452736925165,304,0.3366049002053653,246,19.0,15.0,12.0,9.0,12-9,0.3159554607427393,0.31051787210429993,0.3090228550845545,0.3159554607427393,0.31051787210429993,0.3090228550845545,0.9198073791588326,0.9008441754819054,98.54841441032123,106.10591413329284,98.54841441032123,106.10591413329284,103.93541332814195,110.71172846393695,105.27105966275958,104.49920664428234,0.5211446930410446,2.0,-0.015287079437158013,1516.0,1484.0,1400.7500000000002,1.0822773514188826,1.0594324469034444,0.0,0.5714285714285714,-10.35531862431453,231,208,66.59853790400487
247,The Citadel,SC,13-18,100.78432238639286,205,107.08430486394971,270,0.3324141205343231,247,13.0,18.0,6.0,12.0,6-12,0.44909711546378916,0.2720390738810902,0.5366841185755837,0.44909711546378916,0.2720390738810902,0.5366841185755837,0.8653342976062395,0.8921422815318375,104.20001814829706,103.9942412009508,104.20001814829706,103.9942412009508,100.74080086700488,108.98443763784921,124.1609254960073,120.02268318543247,0.5962403851772299,1.0,-0.006089016215088894,1330.0,1451.0,1288.7375,1.0320177693285095,1.1259081077411033,0.0,0.3333333333333333,-11.731881619577933,253,192,70.3928873885231
248,Montana,BSky,18-14,99.88181094259173,226,106.3001684790127,259,0.3282277484281036,248,18.0,14.0,11.0,9.0,11-9,0.31174180297380427,0.29691679374752505,0.31303845766404914,0.31174180297380427,0.29691679374752505,0.31303845766404914,0.9180806685834552,0.8800524209582332,100.28783167374682,107.22363610991331,100.28783167374682,107.22363610991331,101.85230562974297,105.91510642764243,80.49835901706612,115.99601075050727,0.014757032744570717,2.0,-0.003953551879517958,1442.0,1405.0,1353.2875000000001,1.0655533284686365,1.038212501039136,0.0,0.55,-9.919149997506803,226,186,65.2681383940605
249,Howard,MEAC,16-13,99.25705939023993,237,105.73554066228697,250,0.32582651916118044,249,16.0,13.0,9.0,5.0,9-5,0.2779910885900891,0.3597196737896932,0.20411421472688712,0.2779910885900891,0.3597196737896932,0.20411421472688712,0.9185251046584653,0.8672810906631432,95.7871956339352,103.73581177796702,95.7871956339352,103.73581177796702,98.97485159977849,108.04616177282072,137.5595436907333,127.29985826284832,0.7091752817073257,1.0,-0.043930587620434336,1039.0,1009.0,1028.0625,1.0106389446166941,0.9814578393823332,0.0,0.6428571428571429,-9.486559614432093,218,273,70.36125981205852
250,Texas A&M Corpus Chris,Slnd,23-12,96.39683434861746,284,102.83376476510077,192,0.3222688677439763,250,23.0,12.0,7.0,7.0,7-7,0.24181685931430877,0.2515424149648573,0.2107642178836764,0.24181685931430877,0.2515424149648573,0.2107642178836764,0.9332056335981684,0.9036349068313447,98.06697602946933,108.52784038815682,98.06697602946933,108.52784038815682,94.5811365105112,105.78756762332198,118.17715140953817,110.37549679690036,0.6868451676125211,2.0,0.020318493343773558,1041.0,1034.0,1024.9375,1.015671687298006,1.0088420025611318,0.0,0.5,-7.620482613441103,177,124,69.23159222046583
251,Alcorn St.,SWAC,17-17,97.47705827041075,265,103.98884320901732,222,0.32220311839025123,251,17.0,17.0,14.0,4.0,14-4,0.42329972702637153,0.7462307414250432,0.2057029863917979,0.42329972702637153,0.7462307414250432,0.2057029863917979,0.8106048265834338,0.57132791524655,99.7163675859685,102.25911918296605,99.7163675859685,102.25911918296605,100.48236951018552,104.54194452456858,95.6961620278139,105.16362114990385,0.2525796187164534,7.0,0.05440902295722361,1298.0,1217.0,1247.4,1.040564373897707,0.9756293089626422,0.0,0.7777777777777778,-8.241337612246404,187,65,67.4137066108903
252,Ball St.,MAC,14-17,101.24359843570309,196,108.07181918158598,284,0.320698207287619,252,14.0,17.0,9.0,10.0,9-10,0.3860584660001698,0.34106648859760536,0.403454659638916,0.3860584660001698,0.34106648859760536,0.403454659638916,0.9026993926871951,0.9054928222815015,100.69369151016112,105.32597463367156,100.69369151016112,105.32597463367156,101.60908196689293,107.06955468742383,73.12772767792228,100.85988825694685,0.024185149540477287,1.0,-0.0179061848539524,1419.0,1446.0,1363.2500000000002,1.0408949202273976,1.0607005318173481,0.0,0.47368421052631576,-12.197603984444521,261,213,69.99441364906602
253,Georgia Southern,SB,13-16,95.93104406964511,293,102.41021566129132,183,0.3204720030582239,253,13.0,16.0,5.0,11.0,5-11,0.4219112625522701,0.3597631037578434,0.45196806173218174,0.4219112625522701,0.3597631037578434,0.45196806173218174,0.8970512662605635,0.8939867767550296,100.33426500403712,101.57123359170033,100.33426500403712,101.57123359170033,93.60329055995335,103.29189418666249,0.0,0.0,0.0,0.0,0.024098936705680307,1004.0,1110.0,1088.4875,0.9223808266057258,1.0197636628808324,0.0,0.3125,-11.111734438795654,243,116,66.03264610049395
254,Tennessee Tech,OVC,11-21,100.49354688595278,215,107.2986596798093,273,0.320056885339052,254,11.0,21.0,7.0,10.0,7-10,0.4317729512024168,0.4736423910064494,0.39898733902349337,0.4317729512024168,0.4736423910064494,0.39898733902349337,0.8507026545229818,0.7948151009383394,100.50091589182658,101.97583424360032,100.50091589182658,101.97583424360032,102.05735448461307,110.96590531664368,105.46337857746211,105.1055463797224,0.5097700799072074,3.0,-0.09825222160778208,1242.0,1291.0,1205.1999999999998,1.0305343511450382,1.0711915034848989,0.0,0.4117647058823529,-14.189390305608573,297,344,69.10689851437061
255,Elon,CAA,10-22,98.83668337886282,246,105.5807607499008,247,0.31884508445170523,255,10.0,22.0,7.0,11.0,7-11,0.5356319052985516,0.5789109839497734,0.5049856183732616,0.5356319052985516,0.5789109839497734,0.5049856183732616,0.81284729868157,0.7299362756678894,104.70132947471951,101.19584475583706,104.70132947471951,101.19584475583706,100.10939674160514,103.70198778225556,93.59873841068605,100.4214984231913,0.3080752399856038,4.0,-0.026252300913027438,1194.0,1233.0,1183.125,1.00919175911252,1.0421553090332805,0.0,0.3888888888888889,-13.452048118161724,284,231,65.9743442060014
256,Lipscomb,ASun,14-19,101.63756543041302,187,108.73168730234478,295,0.31520297901029154,256,14.0,19.0,6.0,10.0,6-10,0.4139137753321078,0.44661742624078166,0.3775327604646795,0.4139137753321078,0.44661742624078166,0.3775327604646795,0.8653157853791024,0.8110579305194912,101.51926112789678,103.15189621651815,101.51926112789678,103.15189621651815,104.25682643697557,111.78179245492544,105.69873812733852,95.15000586759339,0.7701379733578274,3.0,-0.028193713424387146,1198.0,1228.0,1114.8375,1.0745960734187716,1.101505824839943,0.0,0.375,-12.42967116048512,269,236,69.343348052109
257,Mount St. Mary's,NEC,14-16,95.42857866480018,300,102.17330641175616,177,0.3131653901164468,257,14.0,16.0,9.0,7.0,9-9,0.33348931044657815,0.44944883665605495,0.24616020176347506,0.33348931044657815,0.44944883665605495,0.24616020176347506,0.8872184270617995,0.795437783306674,99.05742106789812,105.53183811511902,99.05742106789812,105.53183811511902,95.02478087779342,100.2747610458237,96.14482264971926,110.468634734405,0.16839094802751509,2.0,-0.05767056590681641,1037.0,966.0,1023.6374999999998,1.0130539375511352,0.9436934461662455,0.0,0.5,-11.208388889786589,245,293,63.49246098812742
258,Miami OH,MAC,14-18,103.69401405782386,151,111.10667617664211,332,0.3113032427279226,258,14.0,18.0,8.0,12.0,8-12,0.37586404567091425,0.32726240680520163,0.3917107463147443,0.37586404567091425,0.32726240680520163,0.3917107463147443,0.9070406522793417,0.9058132218969167,100.81553661041825,104.63061361376471,100.81553661041825,104.63061361376471,100.95080116996084,111.03886617983812,124.88088891182244,117.77008470181848,0.6624430176228573,1.0,-0.04302142488897426,1471.0,1536.0,1409.3000000000004,1.04378060029802,1.0899027886184627,0.0,0.4,-13.221422697591894,280,270,67.49652339934092
259,Western Illinois,Sum,16-16,99.26950564219086,236,106.38237750600598,264,0.3109209411832026,259,16.0,16.0,7.0,12.0,7-12,0.3646768197404948,0.3445167508490173,0.3649207809625392,0.3646768197404948,0.3445167508490173,0.3649207809625392,0.8943365026556541,0.8668394568430727,102.41574739094219,107.47256397484644,102.41574739094219,107.47256397484644,98.29814285113065,108.2190968172607,104.2931626314969,105.4244237201091,0.4690227066857225,1.0,0.009323154641813325,1467.0,1526.0,1399.5875000000003,1.0481659774755059,1.0903212553698856,0.0,0.3684210526315789,-10.18269719581296,229,157,70.47909154271679
260,Portland St.,BSky,14-17,95.70443288054494,298,102.7750342910619,190,0.3058283521429383,260,14.0,17.0,10.0,10.0,10-10,0.33368806160992426,0.3797397686948085,0.31524856822226477,0.33368806160992426,0.3797397686948085,0.31524856822226477,0.9096361712307733,0.8253975723794502,101.28368795113492,107.1772873079609,101.28368795113492,107.1772873079609,98.16410419323189,106.03258274999227,89.45343617901315,98.33282663047481,0.2519278965396443,2.0,-0.06080640889324179,1499.0,1494.0,1440.2999999999997,1.0407553981809348,1.0372838991876694,0.0,0.5,-12.772695192045113,275,300,70.61646140547914
261,Eastern Kentucky,ASun,13-18,100.8388763725124,203,108.30114646427587,286,0.3055502672989523,261,13.0,18.0,5.0,11.0,5-11,0.3404922520322138,0.2918321552806522,0.37753718285724536,0.3404922520322138,0.2918321552806522,0.37753718285724536,0.9114606471063237,0.9013935668292102,100.31918840819036,104.91375036194493,100.31918840819036,104.91375036194493,99.93209237098878,110.69316101673931,116.0163491812335,109.4092620343848,0.6624673661879774,2.0,-0.09601072283056938,1197.0,1251.0,1152.8875,1.0382626231961054,1.0851015385282605,0.0,0.3125,-13.696147719356818,289,340,71.02412904403153
262,Tennessee St.,OVC,14-18,97.98143469345558,258,105.33561712158743,244,0.3031597581482102,262,14.0,18.0,8.0,10.0,8-10,0.33967767054510684,0.2509023098414948,0.4028732479452539,0.33967767054510684,0.2509023098414948,0.4028732479452539,0.9116812641990527,0.9413841614587904,98.09419343598873,104.39537892028244,98.09419343598873,104.39537892028244,100.07571873454076,107.12623925945225,70.7669030157639,91.89056734816435,0.047250891431979615,1.0,-0.06484258752625915,1222.0,1258.0,1207.9499999999998,1.011631276128979,1.0414338341818785,0.0,0.4444444444444444,-13.54028504426674,285,307,67.40784941231739
263,Pepperdine,WCC,7-25,97.76942255510286,262,105.15219022421542,240,0.3021324469765737,263,7.0,25.0,1.0,15.0,1-15,0.5624039565439221,0.47463275592765863,0.6559570937624934,0.5624039565439221,0.47463275592765863,0.6559570937624934,0.7818071546411584,0.8520859973342637,104.0928543664869,99.83045101316885,104.0928543664869,99.83045101316885,97.71862689610265,108.01490463984638,96.6686805709172,104.11723375169923,0.2986735060410924,8.0,-0.09171878823471569,1072.0,1317.0,1155.1749999999997,0.9279979223927113,1.1400869998052245,0.0,0.0625,-15.317511477779695,308,334,70.15597383760958
264,Air Force,MWC,11-18,95.8533402508481,296,103.2196452564084,205,0.29912697226808965,264,11.0,18.0,4.0,13.0,4-13,0.5489688400317828,0.31254443943271953,0.6868289069613318,0.5489688400317828,0.31254443943271953,0.6868289069613318,0.8133107186866989,0.9345687849132959,103.0968981867849,101.21976813700331,103.0968981867849,101.21976813700331,98.36277463392867,103.6014044096647,102.69198155736075,103.63805998118222,0.47365893708759643,4.0,0.06477877716844854,998.0,1168.0,1072.8374999999999,0.9302433966001376,1.0887016906101812,0.0,0.23529411764705882,-10.068968498128559,228,47,63.1886554027996
265,Louisiana Monroe,SB,13-18,100.73226411457634,208,108.55175245882694,293,0.2973915225123689,265,13.0,18.0,5.0,13.0,5-13,0.4161478371350642,0.3816873987006535,0.43859037699632747,0.4161478371350642,0.3816873987006535,0.43859037699632747,0.8644825902621196,0.8046025047217237,100.2097937260056,101.84100773059379,100.2097937260056,101.84100773059379,98.91018649843141,109.43344660179527,98.24660998657538,104.26638205570475,0.33539480601453514,3.0,-0.0183881834130471,1201.0,1317.0,1228.1375,0.9779035327884703,1.0723554976539678,0.0,0.2777777777777778,-11.85651616362918,255,215,67.80587889859248
266,USC Upstate,BSth,15-17,101.35989622524966,192,109.25137808241718,302,0.29687985316302307,266,15.0,17.0,10.0,6.0,10-6,0.40792455713319004,0.46289820052531777,0.3526222158287593,0.40792455713319004,0.46289820052531777,0.3526222158287593,0.8746702349132057,0.8032574358947566,100.45829935735254,103.03914814247769,100.45829935735254,103.03914814247769,103.78533812455188,110.13520425777479,85.7187555333109,103.68346580525993,0.10082271105652017,2.0,0.03898483636514155,1173.0,1182.0,1115.2250000000001,1.0518056894348673,1.059875809814163,0.0,0.625,-10.609439197718391,235,89,68.47960889955209
267,North Florida,ASun,11-20,96.49644272849997,281,104.3567208269008,232,0.2889370183764763,267,11.0,20.0,7.0,9.0,7-9,0.4812150302106114,0.5775961017588039,0.40302084109158026,0.4812150302106114,0.5775961017588039,0.40302084109158026,0.80363524235754,0.6727891151238045,103.962375466371,101.63315242795458,103.962375466371,101.63315242795458,95.8381727654914,102.25579036923011,89.62453835792151,96.83561636942237,0.29112308933061687,5.0,-0.012598308730525143,1083.0,1099.0,1091.8249999999998,0.991917202848442,1.0065715659560828,0.0,0.4375,-11.691585622039339,251,204,68.09776850100816
268,UC San Diego,BW,13-16,101.10760442902604,200,109.56233430150823,310,0.28423601164487516,268,13.0,16.0,7.0,11.0,7-11,0.3746291949224841,0.3379106731879713,0.3970682915380196,0.3746291949224841,0.3379106731879713,0.3970682915380196,0.9042577032342842,0.8856035718407085,98.88280624115926,102.95541950657186,98.88280624115926,102.95541950657186,102.71727466278807,112.40093809946056,104.69101704993649,115.80227330070264,0.23866453975537838,1.0,0.005411373182485968,1257.0,1340.0,1224.4,1.026625285854296,1.0944135903299574,0.0,0.3888888888888889,-11.609950106538967,249,166,67.93810027587755
269,Manhattan,MAAC,15-15,99.37527166024105,234,107.94415794647429,281,0.2786489023952,269,15.0,15.0,8.0,12.0,8-12,0.4060388189284978,0.33431386685715,0.4396240461139106,0.4060388189284978,0.33431386685715,0.4396240461139106,0.9053595662500128,0.9192726531258023,99.36504170925714,102.69908972690911,99.36504170925714,102.69908972690911,99.41489525604807,108.16084076406787,0.0,0.0,0.0,0.0,0.10054385886542738,1389.0,1490.0,1405.25,0.9884362213129336,1.0603095534602385,0.0,0.4,-10.35485680795939,230,16,68.48322762093298
270,Presbyterian,BSth,12-20,95.33174869364632,302,103.69541205653985,215,0.27546047234702736,270,12.0,20.0,4.0,12.0,4-12,0.40769334792216244,0.46385068894176124,0.3534294334479346,0.40769334792216244,0.46385068894176124,0.3534294334479346,0.8777149753604006,0.8163233976079527,101.85721088041947,103.60416289056137,101.85721088041947,103.60416289056137,95.75795458804086,104.94627917045014,89.85307903721771,95.03644030196847,0.34412348581378605,2.0,-0.040209925343825004,1076.0,1099.0,1092.55,0.9848519518557504,1.005903619971626,0.0,0.25,-14.185976375973347,296,261,64.13040272271863
271,Southeastern Louisiana,Slnd,19-15,102.0334692919102,178,111.2608161527209,336,0.26980209734239086,271,19.0,15.0,10.0,4.0,10-4,0.32818531310823795,0.4087691683980644,0.21817594548284777,0.32818531310823795,0.4087691683980644,0.21817594548284777,0.8910974247036649,0.8280543476511537,99.54260712760366,105.07615648985107,99.54260712760366,105.07615648985107,103.69331992847641,114.00182934001155,95.23428003848103,101.94113046885346,0.31375147985383806,4.0,0.059211700141604096,1163.0,1146.0,1061.2499999999998,1.095877502944641,1.0798586572438165,0.0,0.7142857142857143,-8.903770770985691,202,59,70.25690891492401
272,Bowling Green,MAC,13-18,102.66004456826303,168,111.94663299915933,339,0.26974993502006284,272,13.0,18.0,6.0,14.0,6-14,0.3722314305967195,0.28065676301298415,0.4225974977677738,0.3722314305967195,0.28065676301298415,0.4225974977677738,0.9060664785454948,0.9182687717506749,101.19691484908604,105.48332175532805,101.19691484908604,105.48332175532805,104.69337541239244,114.35269609778096,84.14304135500934,108.46692898997566,0.05116585218147803,1.0,-0.026107437388742494,1564.0,1699.0,1481.3750000000002,1.0557758838916544,1.1469074339718166,0.0,0.3,-13.42213428899936,283,230,72.70523509341952
273,UMass Lowell,AE,15-16,94.81840491529978,309,103.42812318572376,209,0.2690389903220404,273,15.0,16.0,7.0,11.0,7-11,0.3150924564076071,0.3264405394771801,0.3020186180138399,0.3150924564076071,0.3264405394771801,0.3020186180138399,0.9110094846859974,0.8857958909942721,99.7411365783038,106.41213992428769,99.7411365783038,106.41213992428769,94.49324851522465,104.85138599985726,96.62987344040975,91.16911340813586,0.6612736895119349,3.0,-0.02363235578617573,1207.0,1206.0,1207.7250000000001,0.9993996977788817,0.9985716947152703,0.0,0.3888888888888889,-11.7735010592525,254,225,67.55277095247912
274,Radford,BSth,11-18,95.1941910115405,304,103.84087571193021,219,0.26897704931724514,274,11.0,18.0,7.0,9.0,7-9,0.41344870642363984,0.5015804774202811,0.3573427419304004,0.41344870642363984,0.5015804774202811,0.3573427419304004,0.8606489578515375,0.7675755713487596,101.01325843075871,102.98981026132924,101.01325843075871,102.98981026132924,98.76792553877169,106.52714832969005,82.31289542994679,98.43001588418294,0.11340657305591578,4.0,-0.029972718667026388,1022.0,1053.0,1022.1375,0.9998654779811913,1.0301940785853174,0.0,0.4375,-12.12012165843874,260,242,64.32288534923502
275,San Jose St.,MWC,8-23,98.43532756116797,252,107.44513616444735,276,0.26753270724610473,275,8.0,23.0,1.0,17.0,1-17,0.590109806806511,0.42284477150925065,0.6903636626311479,0.590109806806511,0.42284477150925065,0.6903636626311479,0.7885534755486884,0.8644969452771457,104.32242101446266,99.70511597123276,104.32242101446266,99.70511597123276,96.49669875188621,110.90696984480346,99.87221141156968,110.34777291846481,0.24102413999073075,6.0,-0.00219909297635279,1051.0,1350.0,1163.2125000000003,0.9035322436786053,1.1605789999677614,0.0,0.05555555555555555,-13.557960246457677,286,179,65.5072887464933
276,Utah Tech,WAC,13-18,94.24738600790363,319,102.93158607033618,194,0.2662706746900552,276,13.0,18.0,6.0,12.0,6-12,0.44092728365171596,0.32510816467543724,0.524574425134584,0.44092728365171596,0.32510816467543724,0.524574425134584,0.8553045576041357,0.8639588094333751,101.82712964660828,101.61176550413222,101.82712964660828,101.61176550413222,93.27569342539724,101.81324435771849,95.76633535227887,106.33110007115677,0.23086456583052323,2.0,0.013722154245316476,1194.0,1314.0,1309.7375,0.9116330562421859,1.0032544689298428,0.0,0.3333333333333333,-11.460095376149706,247,145,71.62308178240437
277,Illinois Chicago,Horz,14-16,99.74674566147313,227,109.09557689867302,298,0.26302903301760555,277,14.0,16.0,9.0,10.0,9-10,0.3504239298024032,0.4542803004050089,0.3038315864582793,0.3504239298024032,0.4542803004050089,0.3038315864582793,0.907099709593452,0.8360310059301711,98.90677888121428,105.2426652860987,98.90677888121428,105.2426652860987,99.15383617770144,110.70817600187894,110.46116562728238,104.36781642911245,0.6575827521191432,2.0,0.016150794639430643,1395.0,1426.0,1342.7375000000002,1.038922350794552,1.0620095141455421,0.0,0.47368421052631576,-11.669058398524117,250,137,68.93111937705004
278,FIU,CUSA,15-17,96.75690055325282,276,105.91664664341585,254,0.2611144995826794,278,15.0,17.0,5.0,13.0,5-13,0.3936754066692107,0.25360312422440406,0.49739033091755647,0.3936754066692107,0.25360312422440406,0.49739033091755647,0.902290290302764,0.9493224586477725,101.1546730319768,104.76253502490127,101.1546730319768,104.76253502490127,99.60648949529339,109.32005512619241,95.00066923094244,103.34037313671182,0.27534750437926153,1.0,0.04933551690522192,1222.0,1357.0,1226.8624999999997,0.9960366381725746,1.1060734189854204,0.0,0.2777777777777778,-12.004327514648423,258,73,66.67295546270269
279,Pacific,WCC,8-22,95.26009009700233,303,104.31375016981526,230,0.2603575879975394,279,8.0,22.0,3.0,11.0,3-11,0.47201957071047124,0.37893904975970777,0.5761478853050332,0.47201957071047124,0.37893904975970777,0.5761478853050332,0.8510763740716094,0.900775540084852,103.18807121996008,102.65228737100419,103.18807121996008,102.65228737100419,95.88134607015006,104.94279610065193,101.02208115731142,107.58321120939712,0.3265912507928619,3.0,-0.08127794455006598,913.0,1080.0,986.4999999999999,0.9254941713127218,1.0947795235681703,0.0,0.21428571428571427,-15.45285719977644,312,323,68.01565321455199
280,Prairie View A&M,SWAC,8-19,96.47509013938944,282,105.65891705814376,249,0.2600497573450693,280,8.0,19.0,8.0,8.0,8-10,0.44518357946873116,0.8275850462890968,0.21386894139855314,0.44518357946873116,0.8275850462890968,0.21386894139855314,0.8022341030542693,0.5274776855354377,100.04971260238648,102.2318046722284,100.04971260238648,102.2318046722284,97.28189229203691,105.25473674498198,91.95184168765631,103.16846895702416,0.21021492884566048,6.0,-0.09505180955616904,1153.0,1113.0,1138.7124999999999,1.0125470652161983,0.9774196735348036,0.0,0.4444444444444444,-11.869539734600213,256,339,70.69046348052436
281,Canisius,MAAC,11-21,95.89197757550079,295,105.10606264042812,238,0.2582473819496279,281,11.0,21.0,7.0,13.0,7-13,0.4518079752095408,0.4751128832645252,0.44164778169900376,0.4518079752095408,0.4751128832645252,0.44164778169900376,0.8807340342241413,0.8463585988861966,101.37163303151607,102.54439493683209,101.37163303151607,102.54439493683209,98.09829859810887,105.38330722116613,95.11190120356429,93.34677915634457,0.5536493034797898,1.0,0.009333954030505964,1350.0,1403.0,1367.6750000000002,0.9870766081123072,1.0258285045789386,0.0,0.35,-14.991269369279514,304,156,68.26473033262576
282,Hartford,AE,12-20,100.81199172794189,204,110.57454468682838,327,0.25674137569647065,282,12.0,20.0,9.0,9.0,9-9,0.32533036213777516,0.3634927921197045,0.3033749513754365,0.32533036213777516,0.3634927921197045,0.3033749513754365,0.9227331012282953,0.9115029369690365,98.48549246213291,106.06126855285703,98.48549246213291,106.06126855285703,104.19761814665668,110.45466320415426,123.72751418476503,122.32497749641131,0.5327293636928818,1.0,-0.08144641089932586,1289.0,1271.0,1195.2875,1.078401639772858,1.0633425012810727,0.0,0.5,-15.98982968255961,317,324,67.14802956797817
283,North Carolina A&T,BSth,12-20,96.4580927484649,283,105.95299535456098,256,0.25356288622136536,283,12.0,20.0,6.0,10.0,6-10,0.39591400650444475,0.43438153238664323,0.36036063956965614,0.39591400650444475,0.43438153238664323,0.36036063956965614,0.8910211061940266,0.8514315510770186,100.13431089203286,102.74550408390138,100.13431089203286,102.74550408390138,98.29830338439815,108.171161995372,96.89598730484191,112.22468841694871,0.15591445425769374,1.0,-0.022497406547461574,1060.0,1116.0,1069.05,0.9915345400121603,1.0439174968429914,0.0,0.375,-14.505716904299064,300,221,67.6713204330373
284,Austin Peay,OVC,12-17,94.66742696555039,313,104.21189053288552,227,0.2488702129905774,284,12.0,17.0,8.0,10.0,8-10,0.43490492152716625,0.4932854025683279,0.40885176732949335,0.43490492152716625,0.4932854025683279,0.40885176732949335,0.8536155481115608,0.7857213246118973,100.50226411788736,101.97260009549548,100.50226411788736,101.97260009549548,94.07412810949603,102.76222483991505,104.05575447051672,112.19921666508212,0.29597991548536806,4.0,0.044423019634054706,1132.0,1210.0,1194.025,0.9480538514687715,1.0133791168526622,0.0,0.4444444444444444,-10.760484276206986,236,80,64.647737838582
285,St. Thomas,Sum,10-20,105.86906654204782,101,116.62715706868923,356,0.2473196468913044,285,10.0,20.0,4.0,14.0,4-14,0.34921172529694267,0.3228706768774678,0.3667724242432591,0.34921172529694267,0.3228706768774678,0.3667724242432591,0.9131926407052425,0.9114238382179778,101.22385554455997,106.25591062303876,101.22385554455997,106.25591062303876,103.87695056192698,116.69173116313814,0.0,0.0,0.0,0.0,-0.10907937070724782,1291.0,1432.0,1205.45,1.0709693475465594,1.187938114397113,0.0,0.2222222222222222,-15.812476006010344,316,347,65.46163558159587
286,Jackson St.,SWAC,11-19,93.06682375477405,334,102.5755607557441,187,0.24624465737700507,286,11.0,19.0,9.0,9.0,9-9,0.40279846692401744,0.7053731675972319,0.21606983249674985,0.40279846692401744,0.7053731675972319,0.21606983249674985,0.8551291813288525,0.6712009370324992,99.14266489210927,103.52059843846716,99.14266489210927,103.52059843846716,93.47584245397148,105.39989244004869,73.64765844069609,90.2640578007702,0.08789273002696858,4.0,-0.01984803681945352,1151.0,1151.0,1174.6875000000002,0.9798350625166266,0.9798350625166266,0.0,0.5,-12.746637576708627,274,217,63.889150569210216
287,Duquesne,A10,6-24,97.8035849946632,260,107.85442075931763,280,0.24509556211620295,287,6.0,24.0,1.0,16.0,1-16,0.5561227296943904,0.44422335475096836,0.6339329917220435,0.5561227296943904,0.44422335475096836,0.6339329917220435,0.832304492083427,0.8962914251967179,102.75781360380282,100.47818913131219,102.75781360380282,100.47818913131219,94.62525328402411,108.54934734174245,99.4956087090796,101.0286241990211,0.4561530906476361,3.0,-0.051996289789936256,1039.0,1269.0,1148.95,0.9043039296749206,1.104486705252622,0.0,0.058823529411764705,-16.36678829734773,323,286,65.91452536802474
288,New Orleans,Slnd,18-14,95.9166285091592,294,105.80485187677866,251,0.24446652782211076,288,18.0,14.0,10.0,4.0,10-4,0.2928549730207896,0.3575392562224087,0.22177131245749934,0.2928549730207896,0.3575392562224087,0.22177131245749934,0.9166052872205795,0.8657937760180144,99.80877935661039,107.77326632983942,99.80877935661039,107.77326632983942,97.03769124715016,104.38084507100575,85.18597820776111,106.96956149090418,0.06794862815509757,2.0,0.03965987965490725,1117.0,1045.0,1063.55,1.0502562173851724,0.9825584128625829,0.0,0.7142857142857143,-9.09797499833468,208,87,71.90089829724856
289,SIU Edwardsville,OVC,11-21,94.26069558356211,318,104.04189117895015,223,0.24316829311212085,289,11.0,21.0,5.0,13.0,5-13,0.3980515236926122,0.3895240421272688,0.4094820250574627,0.3980515236926122,0.3895240421272688,0.4094820250574627,0.881210223430009,0.869220777079996,100.41938030170242,103.87151401184057,100.41938030170242,103.87151401184057,94.78651100757611,105.53770403354541,102.96897322627233,100.04661012266519,0.5820276405324117,3.0,-0.055784131033660644,1201.0,1304.0,1262.05,0.9516263222534765,1.0332395705399946,0.0,0.2777777777777778,-15.236450860073322,306,291,68.4014411303048
290,Loyola MD,Pat,14-16,94.46099009356914,316,104.58518072717479,234,0.23669747840174066,290,14.0,16.0,8.0,10.0,8-10,0.31224681029171575,0.3668860427450632,0.27196676316170715,0.31224681029171575,0.3668860427450632,0.27196676316170715,0.9134793402860625,0.8608336011964822,98.73835571581873,106.4186668365906,98.73835571581873,106.4186668365906,94.87211074655848,105.35767047208911,97.82354854911833,100.71393761829795,0.41705688844140404,1.0,-0.003342645870646699,1171.0,1157.0,1161.75,1.007962126102862,0.9959113406498816,0.0,0.4444444444444444,-12.05518576126698,259,183,65.281542806267
291,Army,Pat,15-16,96.30725831939401,287,107.03141131067397,269,0.22896675532358296,291,15.0,16.0,9.0,9.0,9-9,0.2974958257519112,0.33757100583881455,0.27282283043391437,0.2974958257519112,0.33757100583881455,0.27282283043391437,0.919474572561287,0.8764931989240753,98.54133469957254,106.06918626783634,98.54133469957254,106.06918626783634,96.8009321431612,105.77963480740635,81.74402542247054,83.3169346681427,0.44542339339613274,1.0,0.011152113638286887,1256.0,1262.0,1235.5,1.0165924726831241,1.0214488061513558,0.0,0.5,-12.24419880562487,263,151,69.01197211598084
292,Central Arkansas,ASun,11-20,99.53090163322094,230,110.61709040242624,328,0.22891038228399757,292,11.0,20.0,7.0,9.0,7-9,0.4526856183682093,0.5427118672304267,0.3880206103996829,0.4526856183682093,0.5427118672304267,0.3880206103996829,0.8419465943643751,0.7379822524170471,103.10237056997386,103.10897140743197,103.10237056997386,103.10897140743197,100.48778125462955,108.93584960517248,92.83993579992597,102.57076974966076,0.2411700848389522,4.0,0.025041627576345538,1219.0,1299.0,1192.4125000000001,1.0222972335496314,1.0893881102386966,0.0,0.4375,-13.016427873984457,279,114,72.05652708618767
293,Cal St. Bakersfield,BW,8-19,96.73448379119387,277,107.55051557380857,278,0.22813130233726656,293,8.0,19.0,2.0,14.0,2-14,0.41437496670850227,0.43486719827201525,0.4177573600087606,0.41437496670850227,0.43486719827201525,0.4177573600087606,0.8701133832569725,0.7828135881489229,100.39016603681799,102.44849526680503,100.39016603681799,102.44849526680503,100.775808092777,112.72366081580446,83.68289769205855,75.31262253307973,0.7706436361545785,2.0,-0.07726781323127363,1033.0,1115.0,1019.6500000000001,1.0130927278968274,1.093512479772471,0.0,0.125,-13.839563473551852,291,319,64.36651142850967
294,Tennessee Martin,OVC,8-22,96.35145230178611,285,107.1503251828824,272,0.22764650671580292,294,8.0,22.0,4.0,14.0,4-14,0.4371112654450162,0.47597782586718423,0.411200225163571,0.4371112654450162,0.47597782586718423,0.411200225163571,0.8559781252149333,0.8117245082822052,101.01360126619191,102.49169051519553,101.01360126619191,102.49169051519553,95.7238849518029,107.2346136680257,101.8704245418841,99.33955065895447,0.5718285536869514,2.0,-0.09495238910644987,1198.0,1313.0,1254.4249999999997,0.955019231919007,1.0466947007593124,0.0,0.2222222222222222,-15.676899133357358,314,338,69.09071682972768
295,Merrimack,NEC,14-16,93.4815966206511,328,104.29470291252275,228,0.22119021240130637,295,14.0,16.0,9.0,8.0,10-8,0.33244655347048635,0.4199563790936188,0.2655272750527966,0.33244655347048635,0.4199563790936188,0.2655272750527966,0.8796260885293137,0.7878959727781933,99.26263349304195,105.66439804066084,99.26263349304195,105.66439804066084,97.03811060976862,108.05979089057216,90.33888505051542,103.31535776079596,0.17602595818661151,3.0,0.014912551023983478,1120.0,1124.0,1099.8124999999998,1.0183554014888903,1.0219923850656365,0.0,0.5555555555555556,-11.069575404756964,242,139,62.234631700001
296,Albany,AE,13-18,91.70943137062507,342,102.33637366774852,180,0.2208259936841266,296,13.0,18.0,9.0,9.0,9-9,0.3726368494049813,0.475139594874656,0.3073488684398203,0.3726368494049813,0.475139594874656,0.3073488684398203,0.8865748261853009,0.8217948471106213,99.86468853595949,105.4962255952881,99.86468853595949,105.4962255952881,94.5456672778762,103.69314416085618,97.93597257275889,102.92231770774515,0.36098380557150694,3.0,0.030300632786441795,1164.0,1176.0,1176.6625000000001,0.989238630448408,0.9994369668447833,0.0,0.5,-12.782961312292137,276,99,65.2911340932798
297,Western Carolina,SC,11-21,98.18686322756683,255,109.6852565099451,313,0.21865202082411267,297,11.0,21.0,5.0,13.0,5-13,0.493690648702219,0.4150124033020769,0.549215486569802,0.493690648702219,0.4150124033020769,0.549215486569802,0.8620912866618065,0.8747129475308276,104.793766789266,104.36443713882824,104.793766789266,104.36443713882824,97.94397011873514,108.93730411683234,108.95410789962382,102.8858868857618,0.6590407234485194,1.0,0.07726230314823695,1210.0,1383.0,1227.0125,0.986135023074337,1.1271278817452959,0.0,0.2777777777777778,-14.125484542874803,295,34,68.41405877331471
298,Denver,Sum,11-21,99.1327968438808,239,110.75005242969006,330,0.2185085933869246,298,12.0,20.0,7.0,11.0,7-11,0.3612134098407111,0.3373633540494997,0.3699628565799178,0.3612134098407111,0.3373633540494997,0.3699628565799178,0.9059632660213662,0.8960668568187133,101.19758173491981,106.72557206910815,101.19758173491981,106.72557206910815,100.92954367028929,111.79468422998346,0.0,0.0,0.0,0.0,-0.06200523255327106,1340.0,1390.0,1246.6000000000001,1.0749237927161879,1.1150328894593293,0.0,0.3888888888888889,-16.208112609789037,320,303,66.48729200520123
299,Cal Poly,BW,7-21,93.17108275697777,332,104.19771962471987,226,0.21647842987453964,299,7.0,21.0,4.0,12.0,4-12,0.4071209225167688,0.42294557972315533,0.3962396505827473,0.4071209225167688,0.42294557972315533,0.3962396505827473,0.8969075651640752,0.8669079908869833,99.73553108127663,103.03293681171787,99.73553108127663,103.03293681171787,93.11428230308975,105.30620467467622,92.85509560269008,126.2681542601815,0.028340091042173093,1.0,-0.0878330758457398,980.0,1091.0,1058.6125,0.925740060692652,1.0305942920568196,0.0,0.25,-16.389447353435337,324,330,64.5832600581956
300,Northern Illinois,MAC,9-21,92.41224899450708,336,103.5277128435131,212,0.2131288349604581,300,9.0,21.0,6.0,14.0,6-14,0.4524194205142516,0.4989826833391227,0.42913778910181605,0.4524194205142516,0.4989826833391227,0.42913778910181605,0.8605911383648711,0.7860496658581635,102.19513583335498,104.45694322799568,102.19513583335498,104.45694322799568,95.58855998335737,106.04520682739918,82.05566251858932,103.10298324110931,0.06749627561855104,3.0,-0.0026517268230516478,1356.0,1476.0,1381.0874999999999,0.9818349670096935,1.0687230171875426,0.0,0.3,-14.699136453847222,303,181,67.04175087056431
301,Morgan St.,MEAC,13-15,93.65860205252844,325,105.18832899002138,242,0.20831621454152896,301,13.0,15.0,7.0,6.0,7-6,0.2830954099610939,0.3463839277909064,0.21195485471312045,0.2830954099610939,0.3463839277909064,0.21195485471312045,0.9218425301992726,0.8707195214938509,96.37016944765345,103.70871511480918,96.37016944765345,103.70871511480918,95.47333383584358,103.78949589183858,98.72874258578064,99.4975419394037,0.4777139068351175,1.0,-0.031190435731689226,974.0,940.0,995.9875,0.9779239197279083,0.9437869451172831,0.0,0.5384615384615384,-10.775992915836367,237,243,71.61285159092115
302,Lehigh,Pat,13-19,97.46711164281353,267,109.52477072700617,308,0.2072945541607846,302,13.0,19.0,10.0,8.0,10-8,0.32101142483990314,0.3721794869978317,0.2752278766584433,0.32101142483990314,0.3721794869978317,0.2752278766584433,0.9095729729631994,0.8609379802845726,97.89320398541197,105.67120520772804,97.89320398541197,105.67120520772804,99.60822883549787,109.20928407645854,80.76483737690342,90.40135109092861,0.21479655655463628,1.0,-0.042268182010826716,1278.0,1258.0,1211.9249999999997,1.0545207005383999,1.038018029168472,0.0,0.5555555555555556,-14.524083499120767,301,264,68.23923134996677
303,Binghamton,AE,12-17,93.64020634802199,326,105.45867391855137,246,0.2031240563071851,303,12.0,17.0,8.0,10.0,8-10,0.3370266216271914,0.3284304521071135,0.3093151390260212,0.3370266216271914,0.3284304521071135,0.3093151390260212,0.9008954349919507,0.8870402834627504,100.30245749922467,106.21834491677929,100.30245749922467,106.21834491677929,94.5588258035509,105.99491250007101,89.88151202138856,110.68762505769776,0.0835909612563817,3.0,-0.001651426241085996,1207.0,1225.0,1211.1125,0.9966043616922458,1.0114667299693465,0.0,0.4444444444444444,-12.680844098980184,272,177,67.07252925601465
304,North Alabama,ASun,9-21,91.21579048932162,345,102.77623972341485,191,0.20225641090105048,304,9.0,21.0,2.0,14.0,2-14,0.3897663460081888,0.37563285817858955,0.3924331881035842,0.3897663460081888,0.37563285817858955,0.3924331881035842,0.8615037892197558,0.7972911728729338,102.82407188141154,104.40880471516826,102.82407188141154,104.40880471516826,90.4902929844622,104.2581932761373,83.46755172118267,95.69321935941215,0.1719415543420444,3.0,-0.09605010021599031,1051.0,1177.0,1122.0999999999997,0.9366366633989843,1.0489261206666076,0.0,0.125,-15.163177283616779,305,341,67.61458683419944
305,Eastern Michigan,MAC,10-21,94.54884196177024,314,106.56435178216671,267,0.201688616183419,305,10.0,21.0,5.0,15.0,5-15,0.42116808047208637,0.4590388277560625,0.4003391694658993,0.42116808047208637,0.4590388277560625,0.4003391694658993,0.8829430710318946,0.8306876412443219,101.81663960882487,104.35226506379455,101.81663960882487,104.35226506379455,95.17724616721948,107.55322194019999,85.95906275691719,90.97109338944895,0.342603784088495,2.0,0.003521945529779802,1351.0,1511.0,1395.2375000000002,0.9682939284530411,1.0829697452942597,0.0,0.25,-15.430218916265426,310,169,69.44990744135474
306,Stetson,ASun,11-19,96.09379117538876,290,108.3365844768941,288,0.20116012678791506,306,11.0,19.0,5.0,11.0,5-11,0.3751502283150291,0.33723333122374505,0.41153681954094523,0.3751502283150291,0.33723333122374505,0.41153681954094523,0.907926229349184,0.8968711484188314,101.85102701311105,104.40510897903125,101.85102701311105,104.40510897903125,96.96183875572657,108.89628408253265,116.21868248159295,117.47109217952512,0.46922278589814836,1.0,-0.003921255497743137,1108.0,1200.0,1109.275,0.9988506006175204,1.0817876540983975,0.0,0.3125,-14.591384090292609,302,185,65.54212683106482
307,McNeese St.,Slnd,11-22,97.44997669214175,268,110.299247589246,322,0.19397803599704647,307,11.0,22.0,4.0,10.0,4-10,0.3395320347437873,0.44839878898698243,0.2289742140040685,0.3395320347437873,0.44839878898698243,0.2289742140040685,0.88298787642501,0.8081827511479999,99.89654755281182,104.95374434497613,99.89654755281182,104.95374434497613,98.3671900782604,114.17548670213664,88.25088244849485,95.77714438119675,0.2806651938213232,4.0,-0.09703657042985259,1114.0,1158.0,1054.1,1.0568257281092877,1.0985674983398162,0.0,0.2857142857142857,-16.420993114094237,326,343,69.71129418123341
308,Western Michigan,MAC,8-23,97.3691645005644,270,110.24208570298808,321,0.19341903948248962,308,9.0,22.0,4.0,16.0,4-16,0.41644674780816554,0.4278295854507451,0.41018618710474664,0.41644674780816554,0.4278295854507451,0.41018618710474664,0.8660724732969725,0.8017514610874933,103.59430519076906,104.7628131694257,103.59430519076906,104.7628131694257,96.92417944756676,110.13325871162715,85.22478269764477,110.45668103508623,0.04823155898712488,3.0,-0.08414694734717143,1297.0,1458.0,1316.525,0.985169290366685,1.1074609293404987,0.0,0.2,-16.930005663336324,331,328,64.23369425957416
309,Florida A&M,SWAC,13-17,94.85557472380407,308,107.43608019993977,275,0.19275350201205327,309,13.0,17.0,11.0,7.0,11-7,0.33994393302966885,0.5631007029659917,0.21428605212729812,0.33994393302966885,0.5631007029659917,0.21428605212729812,0.8944167247646031,0.7688429055084661,97.79065370580369,103.57629356478557,97.79065370580369,103.57629356478557,97.60303857784588,110.22716968261045,91.62341720021351,95.63427045003704,0.37925536847109215,2.0,0.022392820871255548,1206.0,1218.0,1199.4125,1.0054922722582933,1.015497170489719,0.0,0.6111111111111112,-12.234523388355866,262,119,65.36533186513498
310,Robert Morris,Horz,8-24,99.11219177467189,240,112.52450721184368,340,0.1885340679510357,310,8.0,24.0,5.0,16.0,5-16,0.3788094840245262,0.4846215991672989,0.3230284449973571,0.3788094840245262,0.4846215991672989,0.3230284449973571,0.8903337842616229,0.7870135985011856,100.58002789123282,105.36550024667497,100.58002789123282,105.36550024667497,98.71132761772694,112.77584741600388,103.24104052322609,109.27179853303002,0.34234156609420985,2.0,-0.10159495967828236,1424.0,1515.0,1395.6625000000004,1.0203039775017237,1.085505987299938,0.0,0.23809523809523808,-18.723226217542464,344,345,66.87257549853429
311,UTSA,CUSA,10-22,93.9358053709402,324,106.78625448044528,268,0.18625925753994135,311,11.0,21.0,3.0,15.0,3-15,0.4134419923023329,0.2635074653626335,0.5365112144647379,0.4134419923023329,0.2635074653626335,0.5365112144647379,0.8691079937982447,0.9049220956601519,101.21888107826774,103.11605509356512,101.21888107826774,103.11605509356512,93.93848761549502,106.88364625043154,84.34218803422719,109.81997355836522,0.04584575871731873,3.0,-0.07128856095355096,1172.0,1339.0,1242.375,0.9433544622195392,1.0777744239863165,0.0,0.16666666666666666,-15.748611512170426,315,312,68.71364913811074
312,Sacramento St.,BSky,11-18,95.36068766287457,301,108.50295348539669,292,0.1847070770714808,312,11.0,18.0,6.0,14.0,6-14,0.3365598256155654,0.3632586663232855,0.3273030809284631,0.3365598256155654,0.3632586663232855,0.3273030809284631,0.9122237961260763,0.8377715906150168,100.86832193445744,106.5231100893726,100.86832193445744,106.5231100893726,95.89567290786016,109.83946935359847,85.33796441674544,107.64662665391894,0.06472480400827924,1.0,-0.0057076329486702715,1320.0,1401.0,1307.3125,1.0097050246211217,1.0716641965865086,0.0,0.3,-14.109249589947161,293,191,64.43253699197405
313,Lafayette,Pat,10-20,97.27835548545082,271,111.01620512901567,331,0.17958727998643373,313,10.0,20.0,7.0,11.0,7-11,0.33856093177431795,0.45645658806400957,0.27831453896327335,0.33856093177431795,0.45645658806400957,0.27831453896327335,0.8941436125567356,0.8017229964482909,100.42806929576764,106.9859940851065,100.42806929576764,106.9859940851065,97.48726137735964,111.79428412944529,89.9246481620739,107.88879991865718,0.1096341651401576,2.0,-0.06788894942554241,1196.0,1260.0,1174.275,1.0185007770752166,1.0730024908986395,0.0,0.3888888888888889,-15.39115356118245,309,310,64.81832933319846
314,UT Rio Grande Valley,WAC,8-23,98.4596483412752,251,112.56165577330358,342,0.17663346770615776,314,8.0,23.0,3.0,15.0,3-15,0.45185446761176035,0.4029113436784568,0.488117106898922,0.45185446761176035,0.4029113436784568,0.488117106898922,0.8489171339244536,0.8000503991598699,100.37221680067154,100.86637559751347,100.37221680067154,100.86637559751347,98.00423518332562,114.20374967663868,115.12084865535788,111.09330434353772,0.6009771128800595,3.0,-0.037423001527472965,1265.0,1430.0,1300.8875,0.9724130641581228,1.0992495507874431,0.0,0.16666666666666666,-16.29513971625048,321,256,71.66437698618982
315,North Carolina Central,MEAC,16-15,94.68728091578868,311,108.39894274067606,290,0.1743300871719869,315,16.0,15.0,8.0,5.0,8-5,0.3121801991692479,0.3996724005014664,0.226976736418477,0.3121801991692479,0.3996724005014664,0.226976736418477,0.897724517062101,0.8369431119263909,97.03451695284078,102.88926921705837,97.03451695284078,102.88926921705837,95.52936309904213,110.45067813056865,94.70473780952064,97.16665002224063,0.4267483149767408,2.0,0.08563022567672174,910.0,906.0,916.3875000000002,0.9930296954072375,0.9886647297131398,0.0,0.6153846153846154,-10.417391029687954,232,29,67.65001414514265
316,South Carolina St.,MEAC,15-16,92.2832716369123,337,105.65623546667167,248,0.1741824463634634,316,15.0,16.0,7.0,7.0,7-7,0.27895264263233666,0.33280966373345605,0.22244722056754254,0.27895264263233666,0.33280966373345605,0.22244722056754254,0.9256617899049615,0.8911329340223499,97.17219527067037,104.94461621146185,97.17219527067037,104.94461621146185,90.63593849523309,105.48028633950004,85.10976205962386,106.33327420694201,0.07173623468956157,1.0,0.04259362009159112,944.0,967.0,1013.3875,0.93152915345808,0.9542253086800458,0.0,0.5,-12.52929367649315,271,82,70.36253846286128
317,Little Rock,SB,9-19,96.65606084046955,279,110.72192078659134,329,0.17329914253049583,317,9.0,19.0,3.0,11.0,3-11,0.45141834505822953,0.4477451435411113,0.4527109744705631,0.45141834505822953,0.4477451435411113,0.4527109744705631,0.8756050091853693,0.8430407578704017,101.77425875184124,101.27479894493193,101.77425875184124,101.27479894493193,94.19564664037482,110.43336520850298,106.06945691385101,114.13650947453304,0.3009113034544233,2.0,0.035509229836364675,889.0,1036.0,950.8124999999999,0.9349898113455598,1.0895944258200225,0.0,0.21428571428571427,-13.642649238908685,288,95,66.83914968405166
318,St. Francis NY,NEC,10-20,94.20676592100389,320,108.04358592377191,283,0.17136397213183108,318,10.0,20.0,7.0,11.0,7-11,0.32824841302352703,0.4287552031146158,0.26391056912957933,0.32824841302352703,0.4287552031146158,0.26391056912957933,0.9038930895590075,0.826990235698434,98.18089584883579,105.50566005628038,98.18089584883579,105.50566005628038,95.69636624309823,108.62398915619892,102.04059544781045,98.21758311535886,0.6080524143205399,2.0,-0.055226942654333366,1223.0,1264.0,1224.0249999999999,0.9991625988031292,1.0326586466779684,0.0,0.3888888888888889,-15.631990296281982,313,289,66.73225169771574
319,Central Michigan,MAC,7-23,95.14993829548956,305,109.13078094160247,299,0.17128180323473804,319,7.0,23.0,6.0,12.0,6-12,0.4768074639103974,0.5417948903606079,0.425078603430038,0.4768074639103974,0.5417948903606079,0.425078603430038,0.8399764639301593,0.7453720211437637,103.5490070715523,104.03637804164828,103.5490070715523,104.03637804164828,94.81186315578198,107.27074742360158,79.22493509437089,105.06124952258584,0.037474391727352126,3.0,-0.008438341962419993,1197.0,1312.0,1230.5125,0.9727654127853231,1.066222407330279,0.0,0.3333333333333333,-16.092502499068342,318,194,67.56578797358803
320,Coppin St.,MEAC,9-23,89.83582970945065,352,103.24049098413224,206,0.16806713081100833,320,9.0,23.0,6.0,8.0,6-8,0.41162573066315167,0.6074059466762124,0.22332641284561455,0.41162573066315167,0.6074059466762124,0.22332641284561455,0.8692862698978611,0.767067267086493,99.09625241793158,102.88091096847413,99.09625241793158,102.88091096847413,87.74605555527788,103.44648587946459,79.66942640504047,107.77832858725178,0.030026364997978814,3.0,-0.008374450206241335,967.0,1010.0,1068.9125,0.9046577713330137,0.9448855729538199,0.0,0.42857142857142855,-16.723604074226134,329,193,72.92243658402633
321,Hampton,BSth,9-19,91.01388037921149,346,104.78589537892105,236,0.1651452693486083,321,9.0,19.0,5.0,11.0,5-11,0.3534050147990829,0.3344956646757174,0.3658689564344439,0.3534050147990829,0.3344956646757174,0.3658689564344439,0.9195130622483101,0.909180428648428,98.78037776731676,103.4136771716784,98.78037776731676,103.4136771716784,91.89082880892798,105.69838531718294,0.0,0.0,0.0,0.0,-0.0056923391715291705,1059.0,1149.0,1128.8999999999999,0.9380813180972629,1.0178049428647358,0.0,0.3125,-15.302526496527097,307,190,69.16727574218305
322,Maryland Eastern Shore,MEAC,11-16,88.6196374596789,354,102.099209022216,173,0.16406306359549475,322,11.0,16.0,6.0,8.0,6-8,0.321041067511973,0.4336580556454914,0.22390258501528795,0.321041067511973,0.4336580556454914,0.22390258501528795,0.906838492236007,0.8383701349597587,97.34613980436679,103.45814076157525,97.34613980436679,103.45814076157525,88.2359739878106,102.78161858476601,110.70588917726367,102.88051192807471,0.6991074476882153,1.0,0.009397775424682897,903.0,945.0,998.125,0.9046963055729493,0.9467752035065748,0.0,0.42857142857142855,-11.38925250176068,246,155,67.6049453927293
323,Bucknell,Pat,9-23,100.67619360598056,210,116.07211450833668,354,0.16294506412688867,323,9.0,23.0,5.0,13.0,5-13,0.36313238872134607,0.4731270087177344,0.2801754403958566,0.36313238872134607,0.4731270087177344,0.2801754403958566,0.9108180435130537,0.8676623176752282,99.9584965108685,105.85405481046378,99.9584965108685,105.85405481046378,99.66916616591435,117.84465583617765,0.0,0.0,0.0,0.0,-0.03291087611693455,1259.0,1391.0,1224.9625,1.0277865648948437,1.135544965662214,0.0,0.2777777777777778,-18.390752746630724,342,248,67.84622911639934
324,Evansville,MVC,6-24,92.04330869605022,341,106.31587495346847,261,0.16005927263626926,324,6.0,24.0,2.0,16.0,2-16,0.5414825888446289,0.4256980203271869,0.6195115079849136,0.5414825888446289,0.4256980203271869,0.6195115079849136,0.8321001266763816,0.869700706552234,103.46544533473816,101.57456067989914,103.46544533473816,101.57456067989914,91.49707651741552,107.27241878956896,66.8530452250247,123.25530196106041,0.000879522761148214,1.0,-0.012040533841803147,1027.0,1306.0,1168.8875,0.8786132112799563,1.1173017078204703,0.0,0.1111111111111111,-16.359061076524103,322,202,63.93945468127092
325,Grambling St.,SWAC,12-20,92.13427303002429,340,106.44742495316272,266,0.15967499210771127,325,12.0,20.0,8.0,9.0,9-9,0.37503909470176355,0.5596656060753257,0.2318364711081003,0.37503909470176355,0.5596656060753257,0.2318364711081003,0.85577834655775,0.7091136773963146,98.24750221687769,102.39918366745972,98.24750221687769,102.39918366745972,94.55914903869024,108.06884006073028,92.51465275168611,110.18767692779436,0.11811454581430171,5.0,0.021583902403239652,1175.0,1174.0,1192.8625,0.9850255163524715,0.9841871967640864,0.0,0.5,-13.609108181270441,287,120,69.21380281924986
326,Sacred Heart,NEC,10-20,100.32988129227276,217,116.06086455559843,353,0.15776020851529154,326,10.0,20.0,6.0,10.0,6-12,0.2936510587658147,0.3320406579509596,0.25541350728529405,0.2936510587658147,0.3320406579509596,0.25541350728529405,0.9304031087154001,0.900652912860434,97.30838362893488,105.78191429538407,97.30838362893488,105.78191429538407,100.54066709172704,117.70054030946213,108.39864807734735,114.09474929858656,0.35687428742723126,1.0,-0.04336423186696714,1169.0,1222.0,1111.675,1.0515663300874807,1.099242134616682,0.0,0.3333333333333333,-16.65842349092272,328,272,67.43188653379529
327,Saint Francis,NEC,9-21,94.51654717462696,315,109.47342065533029,306,0.15585095459816012,327,9.0,21.0,5.0,13.0,5-13,0.3287185401849435,0.4074922497782,0.2656475490186019,0.3287185401849435,0.4074922497782,0.2656475490186019,0.9001422553276444,0.826128975728962,99.17971466208155,106.19074269044359,99.17971466208155,106.19074269044359,91.78008751596839,107.41621142550741,99.91252081297738,124.79098155154854,0.07195965737247859,2.0,-0.05906623085228796,1182.0,1273.0,1240.1,0.9531489396016452,1.0265301185388276,0.0,0.2777777777777778,-16.567923381926867,327,295,67.12833647006036
328,Alabama St.,SWAC,10-21,95.77966479444018,297,111.1345715401466,333,0.15317001657738089,328,10.0,21.0,8.0,10.0,8-10,0.37511174791419777,0.6154695452026611,0.20152000542808535,0.37511174791419777,0.6154695452026611,0.20152000542808535,0.8369107075260894,0.6585438832830458,98.72589345861917,103.21257392543859,98.72589345861917,103.21257392543859,97.27262977967438,113.57657590301034,96.59036231696696,100.94319567696886,0.3759185991374763,6.0,-0.03663553150211224,1291.0,1299.0,1259.9374999999998,1.024654000694479,1.0310035220000995,0.0,0.4444444444444444,-14.308997565287308,299,254,69.75403606085344
329,Southern Miss,CUSA,7-26,94.89240141175588,307,110.54279366048875,325,0.14734484253548807,329,7.0,26.0,1.0,17.0,1-17,0.4743653730367112,0.4043290759471334,0.5344787148342498,0.4743653730367112,0.4043290759471334,0.5344787148342498,0.8573662361993046,0.8765593172023293,102.30373680501242,102.17177643815803,102.30373680501242,102.17177643815803,97.66570803965027,113.65037536078364,99.01044334270689,112.40466980916385,0.18860169173469435,3.0,-0.029250713040463283,1164.0,1430.0,1226.4249999999997,0.9491000264997862,1.165990582383758,0.0,0.05555555555555555,-18.85784012024979,346,241,67.09849360062353
330,Alabama A&M,SWAC,12-18,86.10003776136843,356,100.32002543265574,134,0.1470613187837692,330,12.0,18.0,10.0,8.0,10-8,0.3170148594578174,0.5355787103129005,0.20220566981736743,0.3170148594578174,0.5355787103129005,0.20220566981736743,0.9169077244890773,0.8202183015412337,97.51770072382072,105.7678093507912,97.51770072382072,105.7678093507912,86.64761066345906,101.14540508210978,69.3613571674036,94.28046490741752,0.028474536037755564,1.0,0.05981067963739095,1162.0,1172.0,1257.3124999999998,0.924193468210966,0.932146940398668,0.0,0.5555555555555556,-14.032893529834706,292,57,66.5583873975733
331,Idaho,BSky,9-22,97.47566062077848,266,114.09261448541135,348,0.14061518066479128,331,9.0,22.0,6.0,14.0,6-14,0.3630968994150212,0.44363517806396063,0.3317472511004465,0.3630968994150212,0.44363517806396063,0.3317472511004465,0.9151672467316295,0.8690675176017064,100.52803542590044,105.22982286224823,100.52803542590044,105.22982286224823,98.58878508621196,115.20604748369166,104.42174488099315,101.0562045077626,0.5930896315887008,1.0,-0.01672701987134495,1481.0,1615.0,1435.5000000000002,1.0316962730755832,1.1250435388366422,0.0,0.3,-17.731312347476454,335,212,70.14965314266716
332,Idaho St.,BSky,7-23,94.14420074441568,322,110.34957608912406,323,0.13865637318727458,332,7.0,23.0,5.0,15.0,5-15,0.35590588510395155,0.41471531099962955,0.33194551995166693,0.35590588510395155,0.41471531099962955,0.33194551995166693,0.91820949376091,0.8766164339281035,100.40962468881003,105.43326088209609,100.40962468881003,105.43326088209609,95.48048802417799,111.95887328328965,0.0,0.0,0.0,0.0,-0.06536109678228841,1328.0,1470.0,1333.9249999999997,0.9955582210394139,1.1020109826264597,0.0,0.25,-18.936352218806928,347,308,63.87713480071278
333,Green Bay,Horz,5-25,92.23991349707383,339,108.15644408617865,285,0.13816244542477585,333,5.0,25.0,4.0,16.0,4-16,0.37480650269772425,0.49552739015112984,0.31674768629664896,0.37480650269772425,0.49552739015112984,0.31674768629664896,0.9022309945206001,0.8191478716926456,100.13303807061419,105.28105451827287,100.13303807061419,105.28105451827287,91.79192435507073,108.54501919785753,91.78307391062302,114.0200768421343,0.07621743959233522,2.0,-0.12925678982258307,1251.0,1379.0,1310.35,0.9547067577364827,1.0523905826687527,0.0,0.2,-20.427374008935537,353,352,64.52583940026929
334,Northern Arizona,BSky,9-23,94.73405874808762,310,111.26512904662368,337,0.135909690148553,334,9.0,23.0,5.0,15.0,5-15,0.3558617051726363,0.39877139760805985,0.33222366244335083,0.3558617051726363,0.39877139760805985,0.33222366244335083,0.8900687247475059,0.8034299893615541,101.56945433681503,105.9660807961248,101.56945433681503,105.9660807961248,93.82484548053746,112.02633908707007,87.57295788854722,99.68742356263017,0.18391817440738267,2.0,-0.033459058726172386,1296.0,1467.0,1330.0375000000001,0.9744086162984126,1.1029764198377865,0.0,0.25,-18.001675262493105,337,249,65.25608536220987
335,Milwaukee,Horz,10-22,91.68969982406975,343,107.94537233300368,282,0.1327366889686953,335,10.0,22.0,8.0,14.0,8-14,0.34865673543946546,0.40023602357861776,0.3338916498940563,0.34865673543946546,0.40023602357861776,0.3338916498940563,0.918404823133383,0.8747077318282758,99.72161236003969,106.12915081747066,99.72161236003969,106.12915081747066,93.1594327232704,108.42859907249313,75.46195184669374,101.7739640767442,0.031070110999556044,1.0,0.0032323314079497067,1446.0,1555.0,1479.15,0.9775884798701957,1.051279451036068,0.0,0.36363636363636365,-17.806776429721804,336,171,66.90497664208921
336,Cal St. Northridge,BW,7-23,93.5287587825273,327,110.17667139237965,320,0.13194310749743962,336,8.0,22.0,3.0,15.0,3-15,0.4333365317855209,0.4692947281939324,0.4227623688198457,0.4333365317855209,0.4692947281939324,0.4227623688198457,0.8775104722364782,0.8142511179856441,100.69527206788132,101.84204826994305,100.69527206788132,101.84204826994305,94.8663699560532,112.59882742096211,84.33489744114414,105.60587023194068,0.07000845704162957,3.0,-0.01257033106511346,1137.0,1317.0,1198.6249999999998,0.9485869225153823,1.098758994681406,0.0,0.16666666666666666,-17.376179716417475,333,203,64.8639999337155
337,Northwestern St.,Slnd,9-23,96.67873254560729,278,113.91077997141022,346,0.1316722062092829,337,9.0,23.0,5.0,9.0,5-9,0.37643223298764894,0.5012124760317336,0.2379458089425639,0.37643223298764894,0.5012124760317336,0.2379458089425639,0.8445329322891096,0.7424871845460462,101.16793923537266,104.19280881875873,101.16793923537266,104.19280881875873,98.61466599679831,112.36565186980533,89.5701849041996,108.05672870116334,0.10360558688187871,6.0,-0.05280736351356413,1096.0,1104.0,1040.8,1.0530361260568795,1.0607225211375866,0.0,0.35714285714285715,-16.417067717449477,325,287,71.23784469976388
338,Bethune Cookman,SWAC,9-21,93.35165493736281,329,110.08349368962915,317,0.1305671552238663,338,9.0,21.0,7.0,11.0,7-11,0.3405968086337384,0.5196139778293974,0.22125202916996575,0.3405968086337384,0.5196139778293974,0.22125202916996575,0.9096949119546901,0.8265567144162641,97.35876785873354,103.54210257272997,97.35876785873354,103.54210257272997,93.6810716597769,110.26924279889617,112.01232815428052,112.08273242547347,0.4981935219358584,1.0,-0.0003175164013541343,1183.0,1240.0,1226.375,0.9646315360309856,1.011109978595454,0.0,0.3888888888888889,-16.73311709009549,330,175,65.97027151777107
339,William & Mary,CAA,5-27,90.1790705177575,350,106.35334014781613,263,0.1304313559974108,339,5.0,27.0,4.0,14.0,4-14,0.47744999997749804,0.4196130964328528,0.5258914176069245,0.47744999997749804,0.4196130964328528,0.5258914176069245,0.8654674670291699,0.8613605648049135,102.39894913395652,102.5647090956342,102.39894913395652,102.5647090956342,92.7972930795885,104.4973131233927,75.08796438807884,93.96491423095321,0.07050200428204183,2.0,-0.04441873939358831,1183.0,1363.0,1273.9875,0.928580539447993,1.0698692098627343,0.0,0.2222222222222222,-20.361460882516504,352,274,68.86607609284465
340,American,Pat,10-22,93.17343387978033,331,109.90869918937102,314,0.13014754525502328,340,10.0,22.0,5.0,13.0,5-13,0.3237945457456961,0.38363095482912796,0.28385930682891636,0.3237945457456961,0.38363095482912796,0.28385930682891636,0.9277685323368026,0.9044680223729519,98.68759538330863,106.33038008766202,98.68759538330863,106.33038008766202,92.65069268517337,108.65649824198279,0.0,0.0,0.0,0.0,0.027338196069074283,1111.0,1198.0,1146.9,0.9686982300113348,1.04455488708693,0.0,0.2777777777777778,-18.130164219326957,339,106,64.96040405514819
341,Chicago St.,WAC,7-25,95.54874518952107,299,112.98788388671763,344,0.12698246836139487,341,7.0,25.0,3.0,15.0,3-15,0.4758673124311412,0.4104746970888866,0.5143403270276159,0.4758673124311412,0.4104746970888866,0.5143403270276159,0.8572839718379669,0.8512832382197443,99.98596573720229,101.25256724838096,99.98596573720229,101.25256724838096,100.18017370568272,116.06451619705557,87.14274293309742,112.3357686510089,0.05115595853290456,2.0,0.019197836607014185,1163.0,1362.0,1196.5875,0.9719305942941907,1.1382368610736782,0.0,0.16666666666666666,-18.08713880999512,338,128,66.25220631473027
342,Houston Christian,Slnd,11-18,95.02293518133912,306,113.00762271542158,345,0.1199002221939058,342,11.0,18.0,6.0,8.0,6-8,0.27612344651002785,0.3269577192097728,0.23965263100019074,0.27612344651002785,0.3269577192097728,0.23965263100019074,0.9084921774308861,0.844695241319567,99.76441263100013,107.50898634129669,99.76441263100013,107.50898634129669,98.53319395765945,113.243764055247,77.29484747561186,89.83993873775233,0.1506353209860818,3.0,-0.025394689508821733,1132.0,1145.0,1063.3625000000002,1.0645476025344132,1.0767729725281827,0.0,0.42857142857142855,-14.288684401115137,298,229,68.28139691123339
343,Charleston Southern,BSth,6-25,92.88957999260697,335,111.31147051650797,338,0.11099777120248791,343,6.0,25.0,1.0,15.0,1-15,0.385409816768513,0.4005685885843556,0.3780033273542641,0.385409816768513,0.4005685885843556,0.3780033273542641,0.8972310774100988,0.8562258282667551,100.50105236724514,103.22482890030771,100.50105236724514,103.22482890030771,93.74570700107287,112.28347223216154,87.97104265467398,107.7733126836757,0.08828500208074282,2.0,-0.06606371860129595,1009.0,1183.0,1075.3375,0.9383100654445696,1.1001197298522556,0.0,0.0625,-20.030418394276687,350,309,69.17567143501869
344,NJIT,AE,11-18,89.44545387189558,353,107.4010775347372,274,0.1087256904729011,344,11.0,18.0,6.0,12.0,6-12,0.34838160493118164,0.3502557284313022,0.3199016826446812,0.34838160493118164,0.3502557284313022,0.3199016826446812,0.8907640966473,0.8628839343831555,100.02521920602302,106.0654796205197,100.02521920602302,106.0654796205197,89.58383026383689,109.87484633111742,95.21081615714905,105.79811991436469,0.22925003026036705,3.0,0.08854453497769571,1107.0,1274.0,1184.7375,0.934384199031431,1.0753436942782684,0.0,0.3333333333333333,-13.296803803465602,281,23,66.20682762016087
345,North Dakota,Sum,6-25,96.06745657876087,291,115.38159661317594,352,0.10844404586147975,345,6.0,25.0,2.0,16.0,2-16,0.35511317565888545,0.3174831253513156,0.3822904342143525,0.35511317565888545,0.3174831253513156,0.3822904342143525,0.9127271693345511,0.9143398680078233,101.66074876379137,106.75389141829454,101.66074876379137,106.75389141829454,96.409504990614,115.34008200936273,71.25370796735156,103.06570530727757,0.014134822544968409,1.0,-0.07838204358758244,1283.0,1457.0,1256.0,1.0214968152866242,1.160031847133758,0.0,0.1111111111111111,-20.680848202528185,354,321,67.43282517112509
346,Fairleigh Dickinson,NEC,4-22,94.67217963153388,312,114.06716836966157,347,0.10496613235714752,346,4.0,22.0,4.0,12.0,5-14,0.38169217166462105,0.5932135602360281,0.2494913038074914,0.38169217166462105,0.5932135602360281,0.2494913038074914,0.876332383211828,0.7555531368592352,99.27584043026712,104.84496095082424,99.27584043026712,104.84496095082424,95.75987184397441,114.45709539844327,90.4718661894699,110.22563094292946,0.09354141831344762,3.0,-0.09380015657579849,1150.0,1246.0,1146.1875,1.0033262446153006,1.087082174600578,0.0,0.2631578947368421,-17.191880608335055,332,337,69.61698349468651
347,Nebraska Omaha,Sum,5-25,96.52777794892216,280,116.53654594686324,355,0.10281764360891651,347,5.0,25.0,4.0,14.0,4-14,0.44656631818748177,0.5227409835345846,0.38292753749455605,0.44656631818748177,0.5227409835345846,0.38292753749455605,0.8476073225395192,0.7523694742336413,104.31050105468354,105.36194336175878,104.31050105468354,105.36194336175878,96.32338886471857,117.13061097156351,85.37785689072535,112.79897845260207,0.03905351710240091,3.0,-0.03751577057686098,1322.0,1532.0,1301.9125000000001,1.01542922431423,1.1767303870267778,0.0,0.2222222222222222,-18.511166987461433,343,257,69.77337051143729
348,Lamar,WAC,2-27,90.89896841701278,348,110.56570834682117,326,0.09514218368273068,348,2.0,27.0,0.0,16.0,0-16,0.43305526204073597,0.39487494224024144,0.46407677187863794,0.43305526204073597,0.39487494224024144,0.46407677187863794,0.8623628580403281,0.8403048105133315,100.4633005224768,101.8436870503651,100.4633005224768,101.8436870503651,91.07510344044373,109.63973521106924,104.48015580323832,114.61987734820562,0.2563213771340929,2.0,-0.14111983134563122,955.0,1178.0,1091.1375000000003,0.8752334146704698,1.0796072905568728,0.0,0.0,-21.062426177659738,355,356,66.03599108198254
349,Holy Cross,Pat,9-22,90.77991473557273,349,111.16155889168601,335,0.08872641125957813,349,9.0,22.0,7.0,11.0,7-11,0.29684967636120857,0.3257200540683025,0.288546082463747,0.29684967636120857,0.3257200540683025,0.288546082463747,0.9376507444697554,0.9241221874461663,98.48253419667365,106.34250591445921,98.48253419667365,106.34250591445921,91.34732545316331,109.85973769711727,0.0,0.0,0.0,0.0,0.01434943692662305,1169.0,1274.0,1213.6250000000002,0.9632299927901945,1.0497476568132658,0.0,0.3888888888888889,-18.74735432214767,345,143,66.96678239173822
350,Arkansas Pine Bluff,SWAC,7-24,97.59263225618672,264,119.80326528798633,358,0.08642702741012014,350,7.0,24.0,5.0,13.0,5-13,0.3890216043340891,0.6037865425718131,0.23391359338462184,0.3890216043340891,0.6037865425718131,0.23391359338462184,0.846045537895493,0.6894529649012735,98.6160277157509,101.7771236827297,98.6160277157509,101.7771236827297,96.9670221615127,121.77447552891729,105.01819607370936,109.40144643772275,0.38455931632825713,5.0,-0.025208441425060263,1230.0,1382.0,1236.125,0.9950449994943877,1.1180099100010112,0.0,0.2777777777777778,-17.4316019791367,334,228,67.42434237595872
351,Mississippi Valley St.,SWAC,2-26,93.22682935255145,330,115.27102506985163,351,0.08010794568718592,351,2.0,26.0,2.0,16.0,2-16,0.3635844348061994,0.5956977592322825,0.23463258790281985,0.3635844348061994,0.5956977592322825,0.23463258790281985,0.8887271748833737,0.7621756901861253,97.62208635882351,103.43921832951767,97.62208635882351,103.43921832951767,93.72480435223535,115.16795384104324,78.1426793452021,108.21880787196282,0.02309854439344104,3.0,-0.1326354062714847,1271.0,1417.0,1324.4625,0.9596345687401492,1.069867965306681,0.0,0.1111111111111111,-21.312569423810448,356,354,70.80936728318592
352,Incarnate Word,Slnd,7-25,94.36998431480365,317,116.73749606975385,357,0.07972389357867238,352,8.0,24.0,3.0,11.0,3-11,0.3426809342354274,0.4358094586654942,0.24550920532879658,0.3426809342354274,0.4358094586654942,0.24550920532879658,0.868981809872166,0.7888207167791904,101.111077592602,105.5436447941267,101.111077592602,105.5436447941267,95.50366148582255,118.1366301269027,100.46004819824613,107.33723895220113,0.31832534365456505,4.0,-0.061135657452789205,953.0,1071.0,945.7249999999999,1.0076925110365065,1.1324645113537235,0.0,0.21428571428571427,-19.447388103026952,349,302,65.04772549206382
353,Maine,AE,6-23,92.2529157318472,338,114.18995016008165,349,0.07919842739686953,353,6.0,23.0,3.0,15.0,3-15,0.3389451754254406,0.3646223611743208,0.32325356191223614,0.3389451754254406,0.3646223611743208,0.32325356191223614,0.8894906491678384,0.8324162518622231,99.74800395519947,104.89520703781037,99.74800395519947,104.89520703781037,94.37254694807771,115.0124962898005,104.38881163480256,109.89048531911797,0.35648332511456876,2.0,-0.07782153165709563,1167.0,1332.0,1198.4750000000001,0.9737374580195665,1.1114124199503534,0.0,0.16666666666666666,-18.304941196229144,341,320,66.11755003032454
354,Columbia,Ivy,4-22,91.50309564324259,344,114.20342283984519,350,0.07252749960142978,354,4.0,22.0,1.0,13.0,1-13,0.3860186421846977,0.3052082466793398,0.45528469547500444,0.3860186421846977,0.3052082466793398,0.45528469547500444,0.909499928427074,0.9222335963970402,100.15080774055703,104.48856956570489,100.15080774055703,104.48856956570489,92.52665586839949,112.67861942012097,0.0,0.0,0.0,0.0,-0.033901239400561084,938.0,1134.0,1012.0250000000002,0.9268545737506483,1.1205256787134703,0.0,0.07142857142857142,-18.135116173397016,340,251,69.55613296690494
355,Central Connecticut,NEC,8-24,90.01690461613714,351,112.5418811652731,341,0.07120854548191054,355,8.0,24.0,5.0,13.0,6-13,0.3579562293333904,0.4574087836398367,0.27602880075281194,0.3579562293333904,0.4574087836398367,0.27602880075281194,0.8973027128975642,0.8310298902582856,99.3434108611164,105.43078100696009,99.3434108611164,105.43078100696009,90.13941844648001,113.75730585110973,72.15465874176111,100.70655896695209,0.02116344251362157,2.0,0.06971880834238389,1122.0,1251.0,1172.5375,0.9568990330799655,1.0669168363485177,0.0,0.3157894736842105,-19.01565345787866,348,43,65.07451263707631
356,Delaware St.,MEAC,2-26,86.51139151966669,355,110.12549969413138,318,0.05866465614608414,356,3.0,25.0,0.0,14.0,0-14,0.30513569204368635,0.36617912169531586,0.2392330713133675,0.30513569204368635,0.36617912169531586,0.2392330713133675,0.9307986117775201,0.9009616961044734,97.31176657156793,103.882587865893,97.31176657156793,103.882587865893,86.86192536494138,108.6723165307176,0.0,0.0,0.0,0.0,-0.17414235037916426,889.0,1021.0,1009.0875000000001,0.8809939673219616,1.0118052200626804,0.0,0.0,-22.792674587268685,358,358,68.11130656244679
357,Eastern Illinois,OVC,5-26,82.9644876548792,357,108.3901275102256,289,0.04418284401465112,357,5.0,26.0,3.0,15.0,3-15,0.4060486929515581,0.37030310179725584,0.4318649532296653,0.4060486929515581,0.37030310179725584,0.4318649532296653,0.8801576487068798,0.8775428200283849,100.46913675642675,103.03742232915418,100.46913675642675,103.03742232915418,84.73081357661188,109.46341870452227,79.98671658182745,117.33008143533692,0.012056735280750014,2.0,0.012709850237774822,1002.0,1287.0,1177.3875,0.8510367232538141,1.09309806669427,0.0,0.16666666666666666,-20.298713040483392,351,148,64.9363718839488
358,IU Indy,Horz,3-26,80.38251343051954,358,109.24776223728553,301,0.028513506777822065,358,3.0,26.0,1.0,16.0,1-16,0.32391153040545556,0.32684649594236304,0.3087028154800779,0.32391153040545556,0.32684649594236304,0.3087028154800779,0.9210393860858441,0.8947017309882962,99.83114957910817,106.19870646879698,99.83114957910817,106.19870646879698,80.0468416347124,110.90464566876632,78.15118459506316,111.83721516683454,0.015959852003943776,1.0,-0.041919839310436205,889.0,1179.0,1079.2875000000001,0.8236915557717475,1.0923873388693928,0.0,0.058823529411764705,-22.36759684553812,357,263,62.54994478585874
