rank,team,conf,record,adjoe,oe Rank,adjde,de Rank,barthag,rank,proj. W,Proj. L,Pro Con W,Pro Con L,Con Rec.,sos,ncsos,consos,Proj. SOS,Proj. Noncon SOS,Proj. Con SOS,elite SOS,elite noncon SOS,Opp OE,Opp DE,Opp Proj. OE,Opp Proj DE,Con Adj OE,Con Adj DE,Qual O,Qual D,Qual Barthag,Qual Games,FUN,ConPF,ConPA,ConPoss,ConOE,ConDE,ConSOSRemain,Conf Win%,WAB,WAB Rk,Fun Rk,adjt
1,Michigan,B10,37-3,129.46855090663797,4,91.46440610640505,1,0.9819450108496014,1,37.0,3.0,19.0,1.0,19-1,0.8100645897177529,0.7296619945005346,0.8206363939899601,0.8100645897177529,0.7296619945005346,0.8206363939899601,0.5642095478845578,0.6660100364041942,119.8467124407093,102.08490896068955,119.8467124407093,102.08490896068955,129.5161583042764,93.83456189325162,129.239339472275,88.20745255786139,0.9877838808341282,26.0,0.07941794572397076,1719.0,1418.0,1400.3750000000002,1.2275283406230473,1.0125859144871907,0.0,0.95,14.164380913614957,1,21,71.07296751096119
2,Arizona,B12,36-3,127.43669442391695,8,91.9005140048028,2,0.9772349514044294,2,36.0,3.0,16.0,2.0,16-2,0.7463616135587886,0.5574039452942613,0.8340360279735963,0.7463616135587886,0.5574039452942613,0.8340360279735963,0.5955006195977413,0.7189730504797537,117.90916659113027,103.26467836221458,117.90916659113027,103.26467836221458,126.40934415013999,91.7110335906735,127.74602683413129,91.58031280747123,0.9787000347128706,22.0,0.09641550317942937,1513.0,1265.0,1284.0874999999999,1.178268614872429,0.9851353587664393,0.0,0.8888888888888888,13.806795581104328,2,10,70.03180531070477
3,Duke,ACC,35-3,128.15497519674975,6,92.57399743057336,4,0.9768008635541537,3,35.0,3.0,17.0,1.0,17-1,0.7434042227820526,0.6303833137899097,0.7872551705879336,0.7434042227820526,0.6303833137899097,0.7872551705879336,0.6190886767862578,0.6358431410634426,116.75677788627154,103.07672463165281,116.75677788627154,103.07672463165281,128.67799965447102,91.16713256630887,128.4061887598174,91.04598521853228,0.9811846861339376,21.0,0.07176774399746089,1457.0,1123.0,1174.9624999999999,1.2400395757311404,0.9557751843143931,0.0,0.9444444444444444,13.510151850243224,3,37,65.75384002382874
4,Florida,SEC,27-8,126.89034551080562,10,93.24398611677438,6,0.9718920660344562,4,27.0,8.0,16.0,2.0,16-2,0.7481951039048785,0.6178125996904856,0.8413546187737013,0.7481951039048785,0.6178125996904856,0.8413546187737013,0.6138803313880792,0.6837503955094802,118.52764435645183,104.60299497705942,118.52764435645183,104.60299497705942,129.49308459962654,91.68214887290401,127.95257051250735,93.87108501822615,0.97240072126826,19.0,-0.04955546020974688,1613.0,1307.0,1303.2875,1.2376394310541612,1.0028485656464903,0.0,0.8888888888888888,8.788999368438926,7,297,70.19179705481511
5,Houston,B12,30-7,124.89386739355895,15,91.92189967329219,3,0.9713918329062835,5,30.0,7.0,14.0,4.0,14-4,0.7338466237797833,0.5356727494594884,0.8348313285555935,0.7338466237797833,0.5356727494594884,0.8348313285555935,0.6311995396877796,0.7935847101753498,116.79060669751756,103.79133197780367,116.79060669751756,103.79133197780367,127.12720546874468,93.37277137872616,127.03056628164768,94.54517781816267,0.9675957362689063,18.0,-0.014031256987565355,1384.0,1165.0,1162.3625000000002,1.1906784673456,1.0022690855907685,0.0,0.7777777777777778,9.091701496071948,6,214,63.25821040515943
6,Illinois,B10,28-9,131.79203810751574,2,97.9135910978975,20,0.9682349522399567,6,28.0,9.0,15.0,5.0,15-5,0.7523256596345742,0.5767696000230701,0.8169245403214024,0.7523256596345742,0.5767696000230701,0.8169245403214024,0.6003595005174619,0.7207854138542357,117.83110441677319,103.05622276797418,117.83110441677319,103.05622276797418,133.19772617292625,99.18696457108184,130.6279141648471,97.97048831281879,0.9647157339952742,20.0,-0.03295223561346394,1633.0,1416.0,1312.4,1.2442852788783907,1.0789393477598292,0.0,0.75,6.790797816455527,17,256,65.42357535321327
7,Iowa St.,B12,29-8,123.67823971829554,23,93.1435147887633,5,0.9630568288516176,7,29.0,8.0,12.0,6.0,12-6,0.6981662391803098,0.4592405581101583,0.8293119867763115,0.6981662391803098,0.4592405581101583,0.8293119867763115,0.645877327563399,0.7941020900160095,115.1701216458005,103.83754202717913,115.1701216458005,103.83754202717913,121.14937215536568,94.58039676522714,119.81919762017172,95.91956098785668,0.9281392023067606,16.0,-0.014448645805178129,1360.0,1221.0,1200.275,1.1330736706171503,1.0172668763408386,0.0,0.6666666666666666,7.535569894497228,13,215,67.31476823053319
8,Purdue,B10,30-9,133.32979091310443,1,100.89832800529173,36,0.9610291883800772,8,30.0,9.0,13.0,7.0,13-7,0.7793362656959358,0.6185420660025659,0.8399432239033049,0.7793362656959358,0.6185420660025659,0.8399432239033049,0.5831859709695797,0.7254289905642661,119.10173549258882,102.9726761753993,119.10173549258882,102.9726761753993,132.0407977416416,101.74398548293269,134.36531252886112,99.85120617493817,0.9681433305748527,22.0,0.017028331956199128,1596.0,1455.0,1300.375,1.2273382678073632,1.1189080073055848,0.0,0.65,9.475350364384656,4,128,64.38573857130818
9,Connecticut,BE,34-6,123.5175458543541,25,94.49249581642772,11,0.956077915346111,9,34.0,6.0,17.0,3.0,17-3,0.7418705846760737,0.5861158554956095,0.7781754621882262,0.7418705846760737,0.5861158554956095,0.7781754621882262,0.6188362815633298,0.6511124307932987,116.48406071619615,102.85532716237671,116.48406071619615,102.85532716237671,123.39866733654996,95.24673559983997,122.88393954802851,90.37467809757702,0.9716309260292155,16.0,0.09464310121838271,1554.0,1343.0,1335.8125,1.163336920413606,1.005380620408927,0.0,0.85,9.335318696480842,5,13,64.56675288017637
10,St. John's,BE,30-7,121.36495674370173,33,93.82757826455352,7,0.950708158843498,10,30.0,7.0,18.0,2.0,18-2,0.7464831963591909,0.6228675558538386,0.7787300257658583,0.7464831963591909,0.6228675558538386,0.7787300257658583,0.6633346178232227,0.7352063678565,115.56280065509519,102.86444691321435,115.56280065509519,102.86444691321435,119.43214403020106,95.0958414599377,124.90286235046804,96.25749928552696,0.9523866841377037,13.0,0.027049879156891277,1587.0,1393.0,1401.6375,1.1322471038339086,0.9938375649909481,0.0,0.9,7.778362025801116,8,107,69.44680446910739
11,Michigan St.,B10,27-8,123.22178116958736,26,96.20107923681806,14,0.9451515016828813,11,27.0,8.0,15.0,5.0,15-5,0.7535425201504545,0.5818061081958728,0.8281614190853273,0.7535425201504545,0.5818061081958728,0.8281614190853273,0.6154917468218857,0.7706498167837544,118.86432794370259,103.93861075230087,118.86432794370259,103.93861075230087,123.27723493812148,95.17917371942293,123.13904007912718,92.88740698001095,0.962389988488251,19.0,0.05195013628298595,1539.0,1368.0,1323.2625,1.1630345452999689,1.0338084847110833,0.0,0.75,7.601053181747823,12,63,66.18694167674447
12,Tennessee,SEC,25-12,121.73813329060101,32,95.1136831889051,13,0.9447051792664356,12,25.0,12.0,11.0,7.0,11-7,0.7503033164263782,0.5266338155903184,0.8614418896186256,0.7503033164263782,0.5266338155903184,0.8614418896186256,0.5920687824137314,0.7461854045858458,119.05369715917337,104.38704913132963,119.05369715917337,104.38704913132963,121.77967990075841,96.48596108938885,122.07950519073253,97.77000685376066,0.9278169107732288,19.0,-0.02133195678572264,1391.0,1324.0,1220.625,1.1395801331285202,1.0846902201740911,0.0,0.6111111111111112,4.3449401235741245,24,232,65.48759062043467
13,Alabama,SEC,25-10,130.51841310336675,3,102.37116706362926,57,0.9423211692410319,13,25.0,10.0,13.0,5.0,13-5,0.7968877983411359,0.7126743580381464,0.8447592815158815,0.7968877983411359,0.7126743580381464,0.8447592815158815,0.5802978157408603,0.6315109138126113,119.70337197325178,102.80576091751799,119.70337197325178,102.80576091751799,128.45936151792387,102.82125492471909,129.67257613813922,102.36482216254797,0.9381616962871423,17.0,0.03177075603717783,1627.0,1530.0,1342.1499999999999,1.2122341020005216,1.1399620012666245,0.0,0.7222222222222222,6.806592168418775,16,96,72.84346823412204
14,Vanderbilt,SEC,27-9,127.91602476952527,7,100.36947441691117,33,0.9420748196471447,14,27.0,9.0,11.0,7.0,11-7,0.7431743410326543,0.5199434252501318,0.8577285486382509,0.7431743410326543,0.5199434252501318,0.8577285486382509,0.6268424245037695,0.813057863160287,117.3687029688297,104.06875703841327,117.3687029688297,104.06875703841327,125.26639010419201,100.7527559930399,130.7194612636306,101.5078957145203,0.9482672155661144,17.0,0.02126295941159706,1470.0,1410.0,1259.2750000000003,1.1673383494471021,1.1196918862043634,0.0,0.6111111111111112,7.510806702913828,14,115,68.7787552782973
15,Gonzaga,WCC,31-4,119.50946616127328,46,94.68324819201669,12,0.9357082647634717,15,31.0,4.0,16.0,2.0,16-2,0.62278065971747,0.6395301498460282,0.5932952318712863,0.62278065971747,0.6395301498460282,0.5932952318712863,0.7556843525156488,0.7039000313986181,113.61899175729762,106.89736695088793,113.61899175729762,106.89736695088793,117.89251955869813,95.13188986305681,121.81220632080536,95.97856172248382,0.9394082109757141,10.0,0.06874169724890766,1465.0,1177.0,1247.2875000000004,1.1745487708327067,0.9436477155427274,0.0,0.8888888888888888,7.325662320441298,15,40,68.71949380608797
16,Texas Tech,B12,23-11,126.01768940733069,11,99.95112676927735,29,0.9349307869631831,16,23.0,11.0,12.0,6.0,12-6,0.762529834305508,0.6385341876736702,0.8308492189440064,0.762529834305508,0.6385341876736702,0.8308492189440064,0.5999597372638217,0.6930292061383461,118.70114111215659,103.13152661494819,118.70114111215659,103.13152661494819,128.96948430675403,98.42985903251964,127.08785814894718,101.06449106446578,0.9330727997726044,17.0,0.0036129961345667816,1431.0,1298.0,1207.6000000000001,1.1849950314673732,1.0748592249089102,0.0,0.6666666666666666,5.150001198226237,20,159,66.21841711005324
17,Nebraska,B10,28-7,118.31991108976263,53,94.0055999414133,8,0.9337289903902816,17,28.0,7.0,15.0,5.0,15-5,0.7040535250822184,0.41820489331243493,0.8346775276704934,0.7040535250822184,0.41820489331243493,0.8346775276704934,0.6401944787600669,0.8818423092224923,117.04761764724608,104.90219649397109,117.04761764724608,104.90219649397109,119.63075392579773,91.53725175326102,120.04618801007963,95.2401047926463,0.9347447893204688,15.0,0.09129234734570135,1502.0,1324.0,1326.75,1.1320896928584887,0.997927265875259,0.0,0.75,7.690955239313461,11,16,66.56349637574849
18,Virginia,ACC,30-6,122.59232405975496,30,97.58105270454782,19,0.9323954853045677,18,30.0,6.0,15.0,3.0,15-3,0.6770886068479426,0.4660113964354996,0.7801666380493819,0.6770886068479426,0.4660113964354996,0.7801666380493819,0.696932683844832,0.8299539990800692,115.22368438220545,106.04281718110545,115.22368438220545,106.04281718110545,119.31851580839877,94.38309575624642,122.91825571091339,96.34042903410669,0.9427709736708331,14.0,0.0740585886214763,1391.0,1252.0,1232.3375,1.1287492265714545,1.015955450515788,0.0,0.8333333333333334,7.744906824359284,10,32,65.666341807108
19,Louisville,ACC,24-11,123.64731412410616,24,98.76584674398055,24,0.9298140316690465,19,24.0,11.0,11.0,7.0,11-7,0.7111272530718737,0.5520200174829476,0.7893503554465195,0.7111272530718737,0.5520200174829476,0.7893503554465195,0.6506529662767352,0.7416896479134216,115.6977623557143,104.08751735969021,115.6977623557143,104.08751735969021,124.96677917895708,99.79393056114361,119.9434047041526,100.80675254691937,0.8806782373488937,17.0,-0.02704570255511518,1481.0,1357.0,1260.2875000000001,1.1751286908741059,1.07673844261726,0.0,0.6111111111111112,3.8364893823697606,27,244,69.72756166077147
20,Arkansas,SEC,28-9,128.47087426186954,5,102.70569206054213,63,0.9291759059214193,20,28.0,9.0,13.0,5.0,13-5,0.7485990585778701,0.5786522837608629,0.8473015185740957,0.7485990585778701,0.5786522837608629,0.8473015185740957,0.6171072180474845,0.7065791951619894,118.64341179557626,104.21024812301812,118.64341179557626,104.21024812301812,129.0585982064605,102.40086455881766,125.79829805796341,102.75912001028435,0.9110367906736357,17.0,0.07816223187538318,1620.0,1506.0,1327.5249999999996,1.2203160015818915,1.1344419125816843,0.0,0.7222222222222222,7.754365849474636,9,23,71.33489565942688
21,Kansas,B12,24-11,117.10949707876514,64,94.0803518822724,9,0.9253969693681913,21,24.0,11.0,12.0,6.0,12-6,0.7857672784398577,0.6884978851817476,0.8400225980385069,0.7857672784398577,0.6884978851817476,0.8400225980385069,0.5870479903923292,0.6760335307441565,117.60474842555686,101.32768540779449,117.60474842555686,101.32768540779449,120.28792594145037,96.8647411125944,117.9631349728615,96.92686990034969,0.9054049302455304,18.0,0.043400638084238885,1385.0,1325.0,1251.4125,1.1067493732082747,1.0588035519862555,0.0,0.6666666666666666,6.399456335508306,18,78,67.71800076238097
22,Wisconsin,B10,24-11,127.00768187924791,9,102.09564357511489,52,0.9249011368562516,22,24.0,11.0,14.0,6.0,14-6,0.7326934012712093,0.4978859293115916,0.8335458184513351,0.7326934012712093,0.4978859293115916,0.8335458184513351,0.6245788885803711,0.8319542009517147,117.44158736056181,103.59674423598274,117.44158736056181,103.59674423598274,129.38898883706156,102.51590408203678,125.15120378113228,101.24105605117367,0.91969499219379,17.0,0.01217155375126866,1641.0,1555.0,1367.4625,1.2000329076665721,1.137142700439683,0.0,0.7,5.566662240474713,19,138,68.8383421191037
23,Iowa,B10,24-13,124.80330347331805,16,101.14909867280537,38,0.918087991921453,23,24.0,13.0,10.0,10.0,10-10,0.7182552704400659,0.41590704559344566,0.8341267320323341,0.7182552704400659,0.41590704559344566,0.8341267320323341,0.6144599308650529,0.8407321922234665,116.53385119978437,103.72663265145334,116.53385119978437,103.72663265145334,120.85050643638158,100.64391248373717,125.87657177925126,99.79986024584016,0.9352059582464394,18.0,-0.0005592775420227847,1417.0,1395.0,1263.6374999999998,1.12136589805225,1.1039558417663295,0.0,0.5,2.134489450908378,37,172,62.47629573629817
24,Ohio St.,B10,21-13,124.68060631693196,17,101.63840015986935,47,0.9129214969649684,24,21.0,13.0,12.0,8.0,12-8,0.7294820442718423,0.490294055492353,0.8334589547497926,0.7294820442718423,0.490294055492353,0.8334589547497926,0.6221962227021822,0.8210269068086311,116.9858043177889,103.31769042665775,116.9858043177889,103.31769042665775,127.28911335607586,102.63380358176678,124.3323249901292,100.60925185670976,0.9194360125590367,17.0,-0.029623755390707718,1559.0,1499.0,1318.85,1.1820904575956326,1.1365962770595595,0.0,0.6,3.1183481837006943,31,249,66.12971902227292
25,UCLA,B10,24-12,124.00611041090477,20,101.61503945293322,46,0.9080539543606994,25,24.0,12.0,13.0,7.0,13-7,0.7193829808044888,0.4797497287133404,0.8164558818295777,0.7193829808044888,0.4797497287133404,0.8164558818295777,0.632577858700555,0.8083775460292606,116.83421615643988,103.71881176293867,116.83421615643988,103.71881176293867,124.8587859426769,102.59230612992755,122.60755813066349,103.06940990035706,0.8804016633099042,15.0,0.01975266337458892,1511.0,1445.0,1295.3625000000002,1.166468845593415,1.115517856970539,0.0,0.65,3.7360422645517475,28,122,64.87167568463597
26,Utah St.,MWC,29-7,123.68332995230605,22,102.62762479343493,61,0.8953037448664869,26,29.0,7.0,15.0,5.0,15-5,0.6562907030694933,0.5138258374046344,0.6925864564173524,0.6562907030694933,0.5138258374046344,0.6925864564173524,0.7528934701674361,0.843505311779488,113.26441913446062,105.03864519640663,113.26441913446062,105.03864519640663,125.44409548722781,104.16520596515821,122.85149738196141,102.26595386273635,0.8917839288480465,9.0,0.060562092683425384,1630.0,1453.0,1349.2499999999998,1.2080785621641654,1.0768945710579954,0.0,0.75,4.302464511673784,25,50,67.49673553933951
27,North Carolina,ACC,24-9,120.6128632094773,36,100.09819178007791,30,0.8951062639657456,27,24.0,9.0,12.0,6.0,12-6,0.7015014285706782,0.5373082907796041,0.8025235209668691,0.7015014285706782,0.5373082907796041,0.8025235209668691,0.6765590104162857,0.7862173557383496,115.43945955606934,104.50201657508386,115.43945955606934,104.50201657508386,122.24035106932219,102.55425146171184,119.02340451630775,101.13428022262482,0.8668069384553848,14.0,0.05923959205259888,1416.0,1376.0,1232.0,1.1493506493506493,1.1168831168831168,0.0,0.6666666666666666,4.793994711289513,21,53,68.00536806888972
28,Saint Mary's,WCC,27-6,117.95771069998526,56,98.09367190134031,22,0.89289297553142,28,27.0,6.0,16.0,2.0,16-2,0.5995210428537819,0.5590013154301732,0.597919350367431,0.5995210428537819,0.5590013154301732,0.597919350367431,0.7817923539377306,0.8177304996138346,112.21851815418695,106.15752266207376,112.21851815418695,106.15752266207376,120.51522136973207,98.62130630277265,109.6004633701338,96.73369486023591,0.807852758568643,7.0,0.046753516850298715,1403.0,1154.0,1178.2625,1.190736359682159,0.9794082388262377,0.0,0.8888888888888888,3.949058146311594,26,75,65.05669302430886
29,Kentucky,SEC,22-14,119.98331674556627,42,100.14314687771049,32,0.88881057522973,29,22.0,14.0,10.0,8.0,10-8,0.7460159802796411,0.5228707605635285,0.8677892738357489,0.7460159802796411,0.5228707605635285,0.8677892738357489,0.5828696598040474,0.7317187553721332,118.74393841265803,104.17388609796086,118.74393841265803,104.17388609796086,120.98472986849318,101.38767460459432,117.79706207828107,100.00605857288221,0.867946674155267,20.0,0.04819194648007841,1414.0,1404.0,1245.875,1.13494531955453,1.1269188321460821,0.0,0.5555555555555556,3.50134594871237,30,71,68.29834143070694
30,Cincinnati,B12,18-15,112.48585481612244,112,94.09341991965444,10,0.8862708291554166,30,18.0,15.0,9.0,9.0,9-9,0.6800800715586188,0.4617357105498281,0.8336403580855668,0.6800800715586188,0.4617357105498281,0.8336403580855668,0.6770505955874572,0.8355242390844638,114.5392974696942,104.19642585556757,114.5392974696942,104.19642585556757,117.70566657275101,94.80835283388252,114.62865354630516,97.17783299233962,0.8698105240355162,13.0,-0.10969089804026078,1290.0,1247.0,1196.0374999999997,1.07856149995297,1.0426094499545377,0.0,0.5,-1.8761641358428995,68,358,67.72001914148119
31,Santa Clara,WCC,26-9,125.04159461790266,13,104.74892332791336,88,0.8845684131348643,31,26.0,9.0,15.0,3.0,15-3,0.6103485048205126,0.5482049050083936,0.604128767779423,0.6103485048205126,0.5482049050083936,0.604128767779423,0.7688129653487585,0.8140893117526519,111.91689572081523,105.45558458894646,111.91689572081523,105.45558458894646,125.42849098914625,103.66186510537328,121.81410371904501,105.72978345000207,0.83596534393044,9.0,-0.002951387616831447,1569.0,1330.0,1280.9500000000003,1.224872165189898,1.03829189273586,0.0,0.8333333333333334,2.0284861882289325,40,180,69.23585264549286
32,Indiana,B10,18-14,121.99803556734105,31,102.29025353152187,55,0.8835196865246072,32,18.0,14.0,9.0,11.0,9-11,0.7021518220660429,0.44654354913155675,0.8382750234205399,0.7021518220660429,0.44654354913155675,0.8382750234205399,0.6443648905204329,0.8380927582792851,116.52216070884856,104.40004638671171,116.52216070884856,104.40004638671171,124.05734448313413,104.05516370864696,117.4944646942169,104.7635001285533,0.7889964103036077,13.0,-0.05560403267295777,1516.0,1521.0,1318.2124999999999,1.1500421972936838,1.1538352124562619,0.0,0.45,-0.22924303177537253,53,312,66.30461432974943
33,Miami FL,ACC,26-9,120.89443494050519,35,101.38103810530134,42,0.8833315042290399,33,26.0,9.0,13.0,5.0,13-5,0.648123620966612,0.41134930560564514,0.7594245263331945,0.648123620966612,0.41134930560564514,0.7594245263331945,0.7035822463778385,0.8349011345203101,114.09444357575508,106.16078767766183,114.09444357575508,106.16078767766183,121.02019612526868,102.42742322167436,119.63205735969184,100.10991666754322,0.885821160096923,13.0,0.06577335784722715,1401.0,1312.0,1214.9125,1.1531694669369195,1.0799131624705485,0.0,0.7222222222222222,3.6940667289642475,29,45,67.981076368912
34,Villanova,BE,24-9,120.02080204175391,41,100.94090199680159,37,0.8798481952737481,34,24.0,9.0,15.0,5.0,15-5,0.7164541460088071,0.569696062195696,0.7859848723196514,0.7164541460088071,0.569696062195696,0.7859848723196514,0.6877065871220526,0.769013800886539,115.49572464567979,104.15584651017218,115.49572464567979,104.15584651017218,119.9975481211115,99.41877383351292,113.00458098782194,98.34413446883892,0.8317369533128238,9.0,0.07344401732569195,1525.0,1440.0,1360.9,1.1205819678154163,1.058123300756852,0.0,0.75,4.384774647628848,23,33,65.08569776988678
35,BYU,B12,23-12,124.25106067365405,18,104.61222883025034,85,0.8785214993926462,35,23.0,12.0,9.0,9.0,9-9,0.7486391312373754,0.5990285295539386,0.8380124257164024,0.7486391312373754,0.5990285295539386,0.8380124257164024,0.6202446153098697,0.7440530893838595,116.35854614551585,102.46703301541845,116.35854614551585,102.46703301541845,124.83159750728403,107.86982027432538,124.57982164857907,103.18321313913135,0.897252742570469,17.0,0.07492231556100581,1478.0,1483.0,1277.6499999999999,1.1568113333072438,1.160724768128987,0.0,0.5,4.688339243109406,22,31,69.77014073006985
36,Clemson,ACC,24-11,116.63192549320877,72,98.33567127872061,23,0.8767834067895777,36,24.0,11.0,12.0,6.0,12-6,0.6824108579358691,0.5192972681086395,0.7544932560293609,0.6824108579358691,0.5192972681086395,0.7544932560293609,0.6874245935207451,0.7678706325917493,115.00286559481974,105.52251670810229,115.00286559481974,105.52251670810229,114.39511050276704,96.21766181640511,118.04447861365739,96.16039184483348,0.913568437029586,11.0,0.0370170562721841,1273.0,1199.0,1169.5374999999997,1.08846445710377,1.025191582142514,0.0,0.6666666666666666,3.101640336591466,32,88,64.13765784626013
37,Oklahoma,SEC,21-16,125.01566816573477,14,105.7724683386682,105,0.8723848248187902,37,21.0,16.0,7.0,11.0,7-11,0.7061313071125334,0.44298715732702765,0.859626357840102,0.7061313071125334,0.44298715732702765,0.859626357840102,0.6527661863936884,0.7988765533945732,116.04450349830714,105.58024802667575,116.04450349830714,105.58024802667575,124.36721510664853,105.62995997557485,126.81186767696367,105.11993503447586,0.8963611357024126,14.0,-0.0363206182740603,1429.0,1461.0,1235.0874999999999,1.1570030463428707,1.182912141852298,0.0,0.3888888888888889,-0.2586117322554076,54,260,66.52248267308819
38,Texas,SEC,21-15,124.230269353654,19,105.14884577375659,95,0.8718861114472944,38,21.0,15.0,9.0,9.0,9-9,0.6962848215905316,0.4093164902777247,0.8508151276395439,0.6962848215905316,0.4093164902777247,0.8508151276395439,0.6186919261577799,0.7780784824802798,117.37289679743317,105.01458795389216,117.37289679743317,105.01458795389216,126.28422055835934,106.79323748720459,125.8543112989674,104.04765939148336,0.8991824115816007,19.0,0.009639551165168903,1472.0,1455.0,1231.5874999999999,1.1952053751763478,1.1814020522293383,0.0,0.5,-0.13605011269637213,50,147,66.73618656080961
39,Texas A&M,SEC,22-12,119.59628849706867,44,101.36972230243023,41,0.8700605938702607,39,22.0,12.0,11.0,7.0,11-7,0.6870115983324342,0.4162360455683058,0.8450364509830021,0.6870115983324342,0.4162360455683058,0.8450364509830021,0.659064587175277,0.8684513647081123,116.64328954133369,106.19042806743157,116.64328954133369,106.19042806743157,121.29899160572603,99.8571392520284,118.55671772013454,99.46826100790669,0.8827628706031476,14.0,0.03524512684205261,1493.0,1460.0,1308.0375,1.1414045851131944,1.1161759506130369,0.0,0.6111111111111112,1.7601310406778738,41,89,70.70753728847778
40,Auburn,SEC,22-16,125.33436946159193,12,106.26222440174098,117,0.8697064289978771,40,22.0,16.0,7.0,11.0,7-11,0.7437413989523819,0.6193569761105894,0.8578551303608952,0.7437413989523819,0.6193569761105894,0.8578551303608952,0.6137023216618409,0.6418418076823955,118.21247661266132,103.67906565420157,118.21247661266132,103.67906565420157,125.62693679112729,107.52012142186415,123.7880376013305,105.36773933794856,0.8644571025163134,17.0,0.013106837983827058,1472.0,1489.0,1244.675,1.1826380380420591,1.1962962219053166,0.0,0.3888888888888889,0.4660116337866925,44,134,67.45270332443613
41,Saint Louis,A10,29-6,120.4914895141126,37,102.33506223672435,56,0.867410892437847,41,29.0,6.0,15.0,3.0,15-3,0.5410459208247922,0.38483503380963097,0.5877080104877387,0.5410459208247922,0.38483503380963097,0.5877080104877387,0.8179252764503998,0.8939964956052122,110.02478240106332,107.0842206787395,110.02478240106332,107.0842206787395,120.99476113839961,102.97081277699746,115.78300152859394,88.90635545562927,0.9542416445396357,4.0,0.050568574788519394,1494.0,1277.0,1258.0625,1.1875403646480203,1.0150529087386357,0.0,0.8333333333333334,2.109480450899894,38,67,71.03886670771973
42,Georgia,SEC,22-11,123.95421830400933,21,105.50183628100939,99,0.8645510124037378,42,22.0,11.0,10.0,8.0,10-8,0.6774615050749255,0.40676740349325463,0.8561144117984719,0.6774615050749255,0.40676740349325463,0.8561144117984719,0.6730790540683482,0.8609109868318741,115.7908549036759,105.8911803023953,115.7908549036759,105.8911803023953,126.723065621593,106.60640699499726,124.43368446514918,102.71570598207977,0.9007683098525937,14.0,0.05014298847093401,1515.0,1521.0,1284.675,1.1792865899935783,1.1839570319341468,0.0,0.5555555555555556,2.8722717122165746,33,68,72.22137334419823
43,N.C. State,ACC,20-14,122.96097046155417,27,104.66625008541286,86,0.8644248363888407,43,20.0,14.0,10.0,8.0,10-8,0.7184235296420154,0.5875853806867387,0.7952398489241667,0.7184235296420154,0.5875853806867387,0.7952398489241667,0.6794380297768677,0.7792617433403309,115.86942414195522,104.75843986857517,115.86942414195522,104.75843986857517,122.75209132891389,104.75781085267992,120.53019141706939,104.16950044047613,0.8425904776156768,14.0,-0.02964219217111541,1442.0,1418.0,1253.9125,1.1500004984398833,1.1308604069263206,0.0,0.5555555555555556,0.2977729411208102,45,250,69.1253369816174
44,San Diego St.,MWC,22-11,112.64500888958467,111,96.78817111103848,16,0.8512882064616676,44,22.0,11.0,14.0,6.0,14-6,0.6454358983558132,0.5337588562675297,0.676284686640513,0.6454358983558132,0.5337588562675297,0.676284686640513,0.7353885738079065,0.7455743230284331,114.42330846667352,105.8484365170791,114.42330846667352,105.8484365170791,113.4898706396083,95.7310466480445,110.09158975461959,98.47011995521214,0.7829488406856251,9.0,0.0014821845940695688,1562.0,1406.0,1410.2124999999999,1.1076344877101856,0.9970128615368252,0.0,0.7,0.20553858068976893,46,164,68.68272389231701
45,Baylor,B12,17-17,122.85499516927374,28,105.81819633463653,106,0.8477092335190293,45,17.0,17.0,6.0,12.0,6-12,0.7123511660667223,0.49454076982100675,0.8520006695655111,0.7123511660667223,0.49454076982100675,0.8520006695655111,0.6426487529140006,0.8054461114406355,115.59116003025012,102.73947965686754,115.59116003025012,102.73947965686754,122.14770928051055,104.99680527148503,120.62203829858181,105.99402810249265,0.815584159164018,16.0,-0.061812080144740045,1345.0,1405.0,1215.8625,1.10621061180849,1.155558297093627,0.0,0.3333333333333333,-2.0534164651907387,73,324,67.81032099722474
46,Missouri,SEC,20-13,119.87901563301634,43,103.5171172923202,72,0.8439055816087225,46,20.0,13.0,10.0,8.0,10-8,0.6837417785932605,0.4130279464344321,0.8567762950263511,0.6837417785932605,0.4130279464344321,0.8567762950263511,0.6569941773564187,0.8250728113034628,116.18695095098694,105.85182275062165,116.18695095098694,105.85182275062165,120.58074884036942,101.29819197076569,117.4069409123704,103.72166809218636,0.8061604942346254,13.0,0.03388125852869506,1388.0,1404.0,1231.9499999999996,1.1266691018304318,1.1396566419091687,0.0,0.5555555555555556,1.3862986768358092,42,92,66.45212656410186
47,VCU,A10,28-8,118.45207812537768,51,102.39076865438699,58,0.8423325784769996,47,28.0,8.0,15.0,3.0,15-3,0.5902198147491861,0.49018318890044793,0.6077951200623932,0.5902198147491861,0.49018318890044793,0.6077951200623932,0.7774720813551084,0.7894379938726666,111.1111250357967,106.79535006022134,111.1111250357967,106.79535006022134,119.83190097422776,105.05619036639325,108.06977779901865,96.15760511884386,0.7929940620600455,7.0,0.07618703929088788,1429.0,1299.0,1230.9250000000002,1.1609155716229662,1.0553039380953346,0.0,0.8333333333333334,2.067151872024701,39,27,68.6773961136215
48,TCU,B12,23-12,114.73514307124088,86,99.3321840139491,26,0.8399427970740837,48,23.0,12.0,11.0,7.0,11-7,0.6849211011793976,0.4268435326009896,0.8264622191016303,0.6849211011793976,0.4268435326009896,0.8264622191016303,0.6470060796369811,0.7993660869178039,115.40056497388261,104.6128680027467,115.40056497388261,104.6128680027467,115.11801436265038,99.54033413716307,116.27104397425661,93.09281094456021,0.9280264485135861,15.0,0.09452393104909196,1372.0,1371.0,1268.1124999999997,1.0819229366479712,1.0811343630789858,0.0,0.6111111111111112,2.453297904189672,35,14,67.57825310800384
49,SMU,ACC,20-14,122.72170939137558,29,106.34371329466015,119,0.8385248101678743,49,20.0,14.0,8.0,10.0,8-10,0.7063261809140833,0.5379855313442032,0.8131853125841773,0.7063261809140833,0.5379855313442032,0.8131853125841773,0.6944694736448894,0.8207961584474422,115.79047695025386,104.88998057357773,115.79047695025386,104.88998057357773,124.18772157130083,107.32614327551318,119.98624615856583,101.81443591213429,0.8685946833487929,11.0,-0.011967018092406634,1451.0,1436.0,1243.9375,1.1664573179922624,1.154398834346581,0.0,0.4444444444444444,-0.13738447701072004,51,207,68.55047467029765
50,South Florida,Amer,25-9,116.97733833538524,68,101.40792066767953,43,0.8378794161280869,50,25.0,9.0,15.0,3.0,15-3,0.5634788052047895,0.5401403778748747,0.5537029721035168,0.5634788052047895,0.5401403778748747,0.5537029721035168,0.8080624095963502,0.7911896004154412,111.44365564534914,107.73806550905336,111.44365564534914,107.73806550905336,117.57722270760513,102.25899976808991,116.86985522310609,95.4251288183147,0.9114338036137495,5.0,0.005483378039638387,1555.0,1354.0,1323.9749999999997,1.1744934760852739,1.0226779206556018,0.0,0.8333333333333334,0.09977088439133452,48,155,71.44669502261553
51,New Mexico,MWC,26-11,117.02171083444969,67,101.8036776755032,48,0.8323120164926977,51,26.0,11.0,13.0,7.0,13-7,0.6025671153666544,0.46677620276211546,0.6606716437705368,0.6025671153666544,0.46677620276211546,0.6606716437705368,0.7811741871434242,0.8252297889292254,112.05555860984849,106.41257876817686,112.05555860984849,106.41257876817686,117.0925091205833,100.56553993093098,113.36717336502018,97.48360973976595,0.850165229829722,9.0,0.012020067244216337,1607.0,1438.0,1402.3625,1.1459233971244953,1.0254124735936678,0.0,0.65,-0.20783822248273864,52,139,69.91321404379488
52,Florida St.,ACC,18-15,119.2943146158738,47,104.49552546649612,84,0.8210045592017139,52,18.0,15.0,10.0,8.0,10-8,0.6688498955180322,0.4681310631875132,0.7914780981697533,0.6688498955180322,0.4681310631875132,0.7914780981697533,0.6796493706075281,0.7706650080215696,114.32876529713533,105.03957642128286,114.32876529713533,105.03957642128286,118.86415078771236,103.15025515550775,117.15927942951237,99.69575487574593,0.8648568783316932,12.0,-0.02699607072829857,1373.0,1385.0,1236.4999999999998,1.1103922361504248,1.1200970481196928,0.0,0.5555555555555556,-1.9225693617667823,71,243,70.72554489586321
53,Washington,B10,16-17,116.84079167078957,69,102.59154507536527,60,0.8169251517190612,53,16.0,17.0,7.0,13.0,7-13,0.7238525543437125,0.507647310656042,0.8302105677333401,0.7238525543437125,0.507647310656042,0.8302105677333401,0.6526006363640476,0.8394203732256048,117.1556410243757,104.71797435665235,117.1556410243757,104.71797435665235,119.01898089288757,104.0786238124031,120.29423023878455,107.37349308099495,0.7869627889739469,13.0,-0.045315625992109476,1471.0,1499.0,1321.4375,1.1131816676914346,1.1343707137113939,0.0,0.35,-2.7859032433001354,80,286,67.13844860112252
54,Boise St.,MWC,20-12,118.32719523792946,52,103.90129704493624,77,0.816848630478439,54,21.0,11.0,12.0,8.0,12-8,0.6439807044873124,0.5704428691921223,0.6961039360972289,0.6439807044873124,0.5704428691921223,0.6961039360972289,0.7628951867665766,0.807183525892624,114.10132386335304,105.65658630095729,114.10132386335304,105.65658630095729,119.56178257166022,106.11896461383616,117.90242751704226,111.21117688341228,0.6619295555664299,7.0,-0.019511904191706564,1570.0,1503.0,1354.3875,1.159195577336619,1.1097267214884956,0.0,0.6,-1.8836805399609318,70,225,65.80348912382273
55,Grand Canyon,MWC,20-12,111.45187252585049,124,97.91386776677598,21,0.8159737383136922,55,20.0,12.0,13.0,7.0,13-7,0.5807844228588841,0.42738593425388144,0.65670517200345,0.5807844228588841,0.42738593425388144,0.65670517200345,0.7828360435557498,0.8472053885131728,111.81765343768595,107.934259140695,111.81765343768595,107.934259140695,111.72070634494011,95.5189609992565,107.88568490522587,93.45865329244737,0.8390072825741861,7.0,-0.0531918348972793,1500.0,1358.0,1375.5749999999998,1.090453083256093,0.9872235247078496,0.0,0.65,-2.8336485749197293,81,306,68.09614005946705
56,Seton Hall,BE,21-12,109.33073269948531,164,96.36780637043886,15,0.8102078787088781,56,21.0,12.0,10.0,10.0,10-10,0.6805968643208847,0.4471404818492872,0.7930144122529958,0.6805968643208847,0.4471404818492872,0.7930144122529958,0.7110458554095448,0.8753880802087938,114.01637354414069,104.81438886713322,114.01637354414069,104.81438886713322,106.84038396855146,96.26389083410004,112.72434461956217,97.30609549110781,0.8444165185247576,8.0,0.051252283042578006,1339.0,1339.0,1318.0625,1.0158850585613353,1.0158850585613353,0.0,0.5,0.16086286614834236,47,64,65.20542351442833
57,West Virginia,B12,21-14,110.55849941388692,141,97.50657699077843,18,0.8091794089131537,57,21.0,14.0,9.0,9.0,9-9,0.6660570578372044,0.3979581656075459,0.8260879175177149,0.6660570578372044,0.3979581656075459,0.8260879175177149,0.6934906179296797,0.8694504100455271,114.19968671950451,105.54257098029007,114.19968671950451,105.54257098029007,109.5616687540565,98.13445319647988,112.17897369294009,98.6435448315759,0.8143764409110111,14.0,0.02759075483216389,1176.0,1222.0,1149.7875000000001,1.0227976908776621,1.0628050835480467,0.0,0.5,-1.8791416534825882,69,105,62.75129297898051
58,Virginia Tech,ACC,19-13,117.57492470431197,62,103.74902101261699,73,0.8082474062142933,58,19.0,13.0,8.0,10.0,8-10,0.6735312186041684,0.4996926269194538,0.7941307239453607,0.6735312186041684,0.4996926269194538,0.7941307239453607,0.7020729403091226,0.8456466237966066,114.74026423880784,105.8235348203543,114.74026423880784,105.8235348203543,117.43556488568899,102.10170726891306,114.90428761123704,101.71996291374631,0.8024334016362168,11.0,0.014764873122435573,1352.0,1357.0,1233.3,1.0962458444822833,1.1003000081083274,0.0,0.4444444444444444,-1.0025683052633805,62,133,67.27019762721781
59,UCF,B12,21-12,119.52722303585165,45,105.61622561707921,103,0.8057957149603809,59,21.0,12.0,9.0,9.0,9-9,0.7150700617947683,0.48086458631969414,0.8364098482491288,0.7150700617947683,0.48086458631969414,0.8364098482491288,0.6592451224865153,0.8518215951703415,115.15872448385963,103.40472160161131,115.15872448385963,103.40472160161131,121.19879511680794,105.93861652414085,118.46690695305806,103.99481797305839,0.8173304538065564,14.0,0.1074460350565638,1406.0,1466.0,1271.6000000000001,1.1056936143441332,1.152878263604907,0.0,0.5,2.251004058291937,36,7,69.28918167400288
60,Tulsa,Amer,30-8,120.03464181489045,40,106.71275020808663,126,0.7945963141514673,60,30.0,8.0,13.0,5.0,13-5,0.522203243685592,0.386246514101928,0.5486315919552484,0.522203243685592,0.386246514101928,0.5486315919552484,0.852593049181563,0.9072027870270334,110.07262420522378,107.91786490963263,110.07262420522378,107.91786490963263,123.09818644213843,107.52430708989405,110.56082865692518,105.16537042157077,0.6400003250918587,2.0,0.052645822608841764,1504.0,1311.0,1227.0874999999999,1.2256664663277885,1.068383468986523,0.0,0.7222222222222222,-0.7006170573098254,59,60,68.0444090817163
61,Minnesota,B10,15-18,114.85272114170948,84,102.25824779619532,54,0.7917844611610864,61,15.0,18.0,8.0,12.0,8-12,0.6859689440248895,0.4010449073166646,0.837720180133887,0.6859689440248895,0.4010449073166646,0.837720180133887,0.6608244992668668,0.858646527302752,116.42498884154718,105.89389119182859,116.42498884154718,105.89389119182859,118.2118031560763,102.15766757152944,114.27815741944451,101.83530701895519,0.7901290882940878,16.0,-0.06823267917647319,1359.0,1428.0,1252.7875,1.0847809385071292,1.1398581164004271,0.0,0.4,-3.7808099310669636,89,334,62.59625765007824
62,Northwestern,B10,15-19,116.68439542729678,71,103.91128043475305,78,0.7913787972477685,62,15.0,19.0,5.0,15.0,5-15,0.7253807760498212,0.4934335987716698,0.8421077149260701,0.7253807760498212,0.4934335987716698,0.8421077149260701,0.6225756740127399,0.836606398956253,117.54437917048023,104.2886430501667,117.54437917048023,104.2886430501667,115.47380090595718,104.95957723084068,116.30779787651001,102.99317676861712,0.8018885222896099,15.0,-0.04151300095605903,1377.0,1508.0,1296.85,1.061803601033273,1.1628175964837877,0.0,0.25,-3.510537493616818,84,275,65.22208726862942
63,Mississippi,SEC,15-20,114.28604644192535,90,101.80737473164368,49,0.7907831172468581,63,15.0,20.0,4.0,14.0,4-14,0.7207833984533847,0.4811920240171127,0.8535549130359369,0.7207833984533847,0.4811920240171127,0.8535549130359369,0.6285988656042412,0.8061059155827686,118.17846528857055,105.56269754403671,118.17846528857055,105.56269754403671,115.26131895272167,104.68212935748514,114.91244851891615,99.54130686288484,0.8390767877337645,20.0,-0.053697376588560664,1364.0,1490.0,1261.525,1.0812310497215671,1.1811101642852895,0.0,0.2222222222222222,-4.12709228710593,92,307,66.19952954856055
64,Arizona St.,B12,17-16,115.31497080449259,75,102.72691219815516,64,0.7907283004717572,64,17.0,16.0,7.0,11.0,7-11,0.742959823605961,0.6019066462872773,0.8267845397173184,0.742959823605961,0.6019066462872773,0.8267845397173184,0.624419315317141,0.7490320503553325,117.37887056697535,103.64888206122822,117.37887056697535,103.64888206122822,116.90516804596594,102.50069300552637,116.47007925030373,101.11390493163583,0.8356137578791946,18.0,0.04049383444790161,1354.0,1437.0,1268.8625,1.0670974987439539,1.1325104177954664,0.0,0.3888888888888889,-0.8735681217913259,61,84,69.27206331710498
65,Stanford,ACC,20-13,117.07543489951712,65,104.44971069620445,83,0.7878972135688004,65,20.0,13.0,9.0,9.0,9-9,0.6781120617200875,0.51920100531102,0.7860952431831638,0.6781120617200875,0.51920100531102,0.7860952431831638,0.7337772213855144,0.872031895178891,113.65835138439638,104.63960847802474,113.65835138439638,104.63960847802474,116.39708843557565,104.03411267387503,118.74938049027128,105.62475189367217,0.7936237668629893,10.0,0.02421844896035552,1304.0,1322.0,1181.95,1.1032615592876178,1.1184906298912813,0.0,0.5,-1.0223664001760642,63,109,67.13863820044277
66,Butler,BE,16-16,117.59137495845269,61,105.51276503214746,100,0.7766783372653313,66,16.0,16.0,7.0,13.0,7-13,0.6889732406588831,0.4865896537075392,0.7963691864871947,0.6889732406588831,0.4865896537075392,0.7963691864871947,0.7004897493647505,0.8197779795445791,113.88792076766292,104.52023062134958,113.88792076766292,104.52023062134958,117.2494303226146,107.69972419283374,121.15160369514336,105.66924371879004,0.82812282029331,9.0,-0.034882144978582,1509.0,1630.0,1403.4125000000001,1.075236254486831,1.1614546685311695,0.0,0.35,-3.8046386692210254,90,257,68.96084084813175
67,McNeese St.,Slnd,28-6,113.77121887281154,95,102.09946114077525,53,0.7763957318776257,67,28.0,6.0,19.0,3.0,19-3,0.4413690445752909,0.5026723684204345,0.37265473200466115,0.4413690445752909,0.5026723684204345,0.37265473200466115,0.8516699887289043,0.7550357995615404,108.62804176161367,108.87734492372843,108.62804176161367,108.87734492372843,113.5541280610539,104.16909802846952,110.09442075432277,104.11042341278987,0.6553617573035264,3.0,0.07530115111024716,1693.0,1414.0,1444.375,1.1721332756382519,0.9789701427953267,0.0,0.8636363636363636,0.8925737867360373,43,30,66.0643804043521
68,LSU,SEC,15-17,119.23849290966098,48,107.04708468931076,133,0.7756255841217732,68,15.0,17.0,3.0,15.0,3-15,0.6826361189711072,0.4330741016377618,0.8514212172533782,0.6826361189711072,0.4330741016377618,0.8514212172533782,0.6756329745030728,0.8702189816226006,115.73666724160854,105.12650269652329,115.73666724160854,105.12650269652329,115.61790392663072,107.38880887622287,116.88409662034528,104.92958704965146,0.7756985106340772,13.0,-0.0541592296834591,1367.0,1502.0,1262.4125,1.0828473260523008,1.189785430673413,0.0,0.16666666666666666,-4.189085030647958,94,309,66.7026349630186
69,USC,B10,18-14,113.45745232603578,98,101.94467128199611,50,0.7739013846084734,69,18.0,14.0,7.0,13.0,7-13,0.7021379102730415,0.4592415290995311,0.8299915578467246,0.7021379102730415,0.4592415290995311,0.8299915578467246,0.662699223116385,0.8681773549031034,116.76419051630384,104.33713858131772,116.76419051630384,104.33713858131772,112.08232396646402,101.56297314009105,110.25216272100077,100.83217442195526,0.7363523727926836,12.0,0.06028875941979328,1432.0,1593.0,1401.7875000000001,1.0215528387861925,1.136406195660897,0.0,0.35,-0.687070952302356,58,51,70.83750722148602
70,Providence,BE,15-18,121.06535988242894,34,109.13581221839507,176,0.7672737805275026,70,15.0,18.0,7.0,13.0,7-13,0.7009239934155395,0.4960875547326042,0.7973071092257662,0.7009239934155395,0.4960875547326042,0.7973071092257662,0.6761697347083155,0.7844011522583691,113.94805012621569,103.58200953264239,113.94805012621569,103.58200953264239,122.28201496576898,109.21176703746819,120.94691392263694,107.37497818089261,0.7971833380433865,10.0,-0.04912281838886717,1662.0,1703.0,1467.7749999999999,1.1323261399056397,1.1602595765699786,0.0,0.35,-4.63716216140842,99,293,71.39394223629054
71,Dayton,A10,25-12,111.34909943519858,126,100.42620445114301,34,0.7662653498064876,71,25.0,12.0,12.0,6.0,12-6,0.6003940775472706,0.5375170475023515,0.6158857647866225,0.6003940775472706,0.5375170475023515,0.6158857647866225,0.7852620697204107,0.7856496057976847,111.7966089511294,107.1842236072147,111.7966089511294,107.1842236072147,109.90709100862361,101.59093493790499,103.41063586727076,102.26495021937608,0.5319861205751035,7.0,0.051953204478661696,1293.0,1260.0,1211.9750000000001,1.0668536892262628,1.0396254048144555,0.0,0.6666666666666666,-1.176870920137898,64,62,66.69357768652803
72,Akron,MAC,29-6,117.91295364422864,58,106.4419537145732,121,0.764405987527233,72,29.0,6.0,17.0,1.0,17-1,0.4074843867534982,0.3741259245098249,0.3885242367692511,0.4074843867534982,0.3741259245098249,0.3885242367692511,0.8814870924639375,0.8712666634320969,109.07774699928247,111.3199723325619,109.07774699928247,111.3199723325619,117.11493682991467,103.14222181631143,121.53758866603522,112.770686093243,0.7028637554502928,2.0,0.051191370463071095,1539.0,1279.0,1274.9375,1.2071179959801952,1.0031864307073877,0.0,0.9444444444444444,-0.09004206895381117,49,65,70.2390095790503
73,California,ACC,22-12,114.4085359520214,89,103.35162757639273,69,0.7629361000472933,73,22.0,12.0,9.0,9.0,9-9,0.6100879716453034,0.369722395461698,0.7735219653268355,0.6100879716453034,0.369722395461698,0.7735219653268355,0.7600116242115424,0.9026419354718391,112.96266037519379,106.43146928502793,112.96266037519379,106.43146928502793,112.24768806450237,101.64325720493386,112.98548306870343,101.72399237256698,0.769848466687096,9.0,0.04543968091520001,1323.0,1382.0,1261.9875000000002,1.048346358422726,1.095098010083301,0.0,0.5,-0.7663142293436653,60,76,67.98714959125995
74,Wake Forest,ACC,18-17,117.92092983619455,57,106.53963587055033,124,0.7626418143510321,74,18.0,17.0,7.0,11.0,7-11,0.6871269433063767,0.5259082943954495,0.803311725277079,0.6871269433063767,0.5259082943954495,0.803311725277079,0.6982445863516956,0.7754650113286566,115.4077560501751,105.13164384053336,115.4077560501751,105.13164384053336,117.59565465300537,107.036041319414,116.65966066795957,104.79288064498327,0.7744589058745002,13.0,-0.012037078034568105,1354.0,1417.0,1229.2125000000003,1.1015182484720907,1.152770574656538,0.0,0.3888888888888889,-2.99545113600298,82,208,68.38449324238893
75,Marquette,BE,12-20,112.0142287206101,120,101.24683278107732,39,0.7617397742870272,75,12.0,20.0,7.0,13.0,7-13,0.7133768078253456,0.5612277376124449,0.7978584331998327,0.7133768078253456,0.5612277376124449,0.7978584331998327,0.6745700257923655,0.7414500487496596,115.70780856946494,104.4574730951761,115.70780856946494,104.4574730951761,112.96978429521673,100.7015759629799,112.54170326208933,102.08054590615211,0.754351971877344,11.0,-0.12097814841748655,1450.0,1493.0,1381.4124999999997,1.049650267389357,1.0807778270429726,0.0,0.35,-6.992681166015208,139,364,69.27686013532352
76,Georgetown,BE,16-18,114.4580507549193,88,103.47609571908882,71,0.7613289428682907,76,16.0,18.0,6.0,14.0,6-14,0.694053327689042,0.4654212619915837,0.7978993452014107,0.694053327689042,0.4654212619915837,0.7978993452014107,0.6834285325113979,0.8139498752553983,113.54068504031898,104.1593976347897,113.54068504031898,104.1593976347897,115.37464412596123,103.50562155068414,112.71708622047203,99.936979100651,0.7996205127259784,12.0,-0.03142972215105466,1432.0,1484.0,1338.075,1.070194122153093,1.1090559198849093,0.0,0.3,-4.4265546070843795,95,252,66.29103472695735
77,Northern Iowa,MVC,23-13,109.77609991828697,156,99.40191702388552,27,0.7579772280351734,77,23.0,13.0,11.0,9.0,11-9,0.5160033186674318,0.4530799569271752,0.527917353362676,0.5160033186674318,0.4530799569271752,0.527917353362676,0.8464054395394824,0.8562542803295616,109.43935692572315,107.93607631134601,109.43935692572315,107.93607631134601,106.80691783175257,99.38418229045878,103.77387397456286,101.3835602559289,0.5665988629884651,2.0,-0.06339953314727687,1354.0,1252.0,1261.4875,1.0733360417760778,0.9924791169155461,0.0,0.55,-5.158889152559643,106,326,62.20770621133376
78,Colorado,B12,17-16,117.81426098370969,59,106.72474585263387,128,0.7571003010149905,78,17.0,16.0,7.0,11.0,7-11,0.7057546057826614,0.5222912898976549,0.8275498363109907,0.7057546057826614,0.5222912898976549,0.8275498363109907,0.6872691426322697,0.8685095292919117,115.61734824571069,104.60314175913146,115.61734824571069,104.60314175913146,116.94176194255085,105.18458861075932,110.38553598630043,107.13857441052969,0.5850026641021164,11.0,0.005918971338194079,1359.0,1444.0,1260.2124999999999,1.0783895573167226,1.1458384994594166,0.0,0.3888888888888889,-2.6581970383503193,76,153,68.82642990567733
79,Wichita St.,Amer,24-12,111.8085832806076,122,101.56435657431442,45,0.7512145291205937,79,24.0,12.0,13.0,5.0,13-5,0.5404269420951571,0.4401184688130515,0.5474970325061529,0.5404269420951571,0.4401184688130515,0.5474970325061529,0.8227374813160395,0.8528618057972098,111.04892603497157,108.37348006953242,111.04892603497157,108.37348006953242,111.9207304008358,103.08039233912027,106.348148712277,99.6461673275827,0.6788657908707285,6.0,0.004004926881725379,1413.0,1322.0,1269.9999999999998,1.1125984251968506,1.040944881889764,0.0,0.7222222222222222,-3.5139272420548098,85,157,66.81294474402573
80,Nevada,MWC,24-13,114.23266022806708,92,103.83679039949746,76,0.7497528146708096,80,24.0,13.0,12.0,8.0,12-8,0.6324739936069778,0.5824328411054919,0.6611185474353218,0.6324739936069778,0.5824328411054919,0.6611185474353218,0.7717474929418742,0.8346245813629302,112.78553418982493,106.51208124626653,112.78553418982493,106.51208124626653,114.90607545031932,103.89258396615409,111.48758130038797,105.4936327280476,0.6537400488665435,8.0,0.059848036380350744,1501.0,1428.0,1337.7624999999998,1.122022780575775,1.0674540510740884,0.0,0.6,-1.7398891787872621,67,52,66.01195493037025
81,Belmont,MVC,26-6,120.04073650779753,39,109.25633374732338,182,0.7469753012534346,81,26.0,6.0,16.0,4.0,16-4,0.4655587543001382,0.35637749425603366,0.5290116160353399,0.4655587543001382,0.35637749425603366,0.5290116160353399,0.8820956808028249,0.9163235362558723,107.67780753511985,108.8799659474567,107.67780753511985,108.8799659474567,122.40284692221522,111.07562109008606,0.0,0.0,0.0,0.0,0.07629178704397299,1665.0,1522.0,1385.6499999999999,1.2016021361815756,1.098401472233248,0.0,0.8,-0.5224196881309854,55,26,69.03871663922345
82,George Washington,A10,19-16,117.48781577986234,63,107.16425844303951,137,0.7422462274490553,82,19.0,16.0,8.0,10.0,8-10,0.535970837343879,0.42318087786321523,0.5714365407470606,0.535970837343879,0.42318087786321523,0.5714365407470606,0.8125855082342731,0.8539987700622496,109.99684125879313,107.16589299729554,109.99684125879313,107.16589299729554,117.8387543284598,107.82224274280784,115.67897079117905,103.90563489644512,0.7745809230900997,6.0,-0.11048851464676512,1422.0,1336.0,1235.45,1.1509976122060788,1.0813873487393257,0.0,0.4444444444444444,-7.3542617164804795,149,359,69.2174626676615
83,Syracuse,ACC,15-17,114.94275715506416,82,105.21947217455184,96,0.7342780670748392,83,15.0,17.0,6.0,12.0,6-12,0.6735315049336037,0.5002582272132369,0.7895070218854303,0.6735315049336037,0.5002582272132369,0.7895070218854303,0.6861117352847728,0.7639548083765108,113.68429281415567,104.24251726783562,113.68429281415567,104.24251726783562,115.67477773927314,106.262372524258,110.0888813017362,103.48846636900177,0.670626642604769,13.0,-0.03128174831716868,1361.0,1447.0,1258.05,1.0818329955089225,1.1501927586343945,0.0,0.3333333333333333,-4.604557250525612,98,251,67.44792408840425
84,Oklahoma St.,B12,20-15,118.54024170407173,50,108.63058543977806,164,0.7318333437780691,84,20.0,15.0,6.0,12.0,6-12,0.7027187866275337,0.49531919861174684,0.8480282671061834,0.7027187866275337,0.49531919861174684,0.8480282671061834,0.6866583811558291,0.8544421211672462,114.4057160136154,103.69487061063272,114.4057160136154,103.69487061063272,116.2983063850802,107.55926814876035,117.26428957010864,107.50327861301419,0.7309509509523493,12.0,0.08894962323822597,1415.0,1540.0,1320.1250000000002,1.071868194299782,1.1665561973297982,0.0,0.3333333333333333,-0.6368201005852931,56,17,72.39454260207991
85,Creighton,BE,16-18,115.18844625799538,77,105.63737258372026,104,0.7301548183263695,85,16.0,18.0,9.0,11.0,9-11,0.7179818178005294,0.5589709949848453,0.8009972618291716,0.7179818178005294,0.5589709949848453,0.8009972618291716,0.6680977051209215,0.7217302302916168,114.23478638312714,103.07664510595133,114.23478638312714,103.07664510595133,116.97854104882774,104.53920876996938,111.32170180488198,104.60884954076333,0.6715612441563759,11.0,0.012973554402335385,1505.0,1534.0,1383.6125,1.0877322949886619,1.1086919206063837,0.0,0.45,-3.5773363054977096,86,136,67.77014379740567
86,High Point,BSth,31-5,116.71450996789063,70,107.0677036313767,135,0.729502338221137,86,31.0,5.0,15.0,1.0,15-1,0.32031959760872775,0.2769003713946084,0.2911931582836529,0.32031959760872775,0.2769003713946084,0.2911931582836529,0.9174581702476843,0.9467237194647901,105.21255777594872,112.08017090713327,105.21255777594872,112.08017090713327,114.84220183588923,107.67782746784766,121.10335699224665,100.21102264406593,0.8982300272117003,2.0,0.04360502633523622,1382.0,1148.0,1147.0125,1.2048691709985724,1.0008609322043134,0.0,0.9375,-1.2527207503834479,66,77,70.0396124356708
87,Miami OH,MAC,32-2,117.04719141749021,66,107.82554189634457,147,0.7198505183014258,87,32.0,2.0,18.0,0.0,18-0,0.37782321472640423,0.22913900024253614,0.42232987741255884,0.37782321472640423,0.22913900024253614,0.42232987741255884,0.8993744219234635,0.9508699497263401,108.16226988572129,111.74337151379909,108.16226988572129,111.74337151379909,117.47476042534363,107.5585119906353,117.87940248476241,106.4101827441926,0.7644348646429003,2.0,0.17556883803696166,1579.0,1401.0,1313.3874999999998,1.202234679407258,1.0667072741289225,0.0,1.0,2.6003885743863417,34,1,69.70979285370862
88,Stephen F. Austin,Slnd,28-6,112.83317556865393,109,104.17795028989846,79,0.7145964721167405,88,28.0,6.0,20.0,2.0,20-2,0.3886419716076217,0.3121054540703285,0.3782378964390621,0.3886419716076217,0.3121054540703285,0.3782378964390621,0.8997790115578095,0.9263175586832632,106.10806225341273,109.85192795239867,106.10806225341273,109.85192795239867,113.39393809631667,102.30379680174883,113.4369677413843,99.68688539247113,0.8154698904960019,1.0,0.06796191836281296,1650.0,1429.0,1444.3500000000004,1.1423823865406582,0.9893723820403639,0.0,0.9090909090909091,-0.6583959980725634,57,42,65.86408502735436
89,Hofstra,CAA,24-11,113.48106953936285,96,104.84824701698827,89,0.7129803050550321,89,24.0,11.0,12.0,6.0,12-6,0.448288749802701,0.4604981134642215,0.40357974214215203,0.448288749802701,0.4604981134642215,0.40357974214215203,0.8718232383342558,0.8481185796962153,108.28863381420766,108.96624715462275,108.28863381420766,108.96624715462275,112.77637827505622,105.07099908677054,113.38735106518997,102.0576787067285,0.770409460624716,2.0,-0.01800187317194346,1327.0,1190.0,1166.4750000000001,1.1376154653978867,1.0201675989626866,0.0,0.6666666666666666,-4.447464092552675,96,222,64.7387996407695
90,Colorado St.,MWC,21-13,118.15674142692703,54,109.37591884881351,185,0.7084865890007553,90,21.0,13.0,11.0,9.0,11-9,0.5895206549002623,0.4315784391558912,0.6617845278936079,0.5895206549002623,0.4315784391558912,0.6617845278936079,0.7913338273891679,0.8808662264922756,112.00896879052245,107.07924817449782,112.00896879052245,107.07924817449782,116.03376236433292,109.42886430119258,114.41418941483914,103.4193599892254,0.7616739077864688,8.0,0.037627819334448365,1438.0,1447.0,1280.5375,1.1229659420360592,1.1299942406997063,0.0,0.55,-2.6798818549326824,78,86,63.105587478909094
91,Oregon,B10,12-20,112.00614754011957,121,103.75685437698465,74,0.7067788380494818,91,12.0,20.0,5.0,15.0,5-15,0.7345768042212478,0.5480389707283254,0.8411828552693205,0.7345768042212478,0.5480389707283254,0.8411828552693205,0.6480556552162687,0.8171397335413674,116.81856907131862,103.6239618828279,116.81856907131862,103.6239618828279,111.0163151612476,103.12163239744055,113.09187720425862,107.51095062623527,0.6415252459266104,15.0,-0.04609266196643291,1331.0,1494.0,1301.6750000000002,1.0225286649893406,1.147751935006818,0.0,0.25,-6.1026106736972965,128,290,66.01981689528039
92,Yale,Ivy,24-7,118.61488055054085,49,110.02555084135598,195,0.7035889784241084,92,24.0,7.0,11.0,3.0,11-3,0.43519448923906245,0.44111234162351115,0.40932268130374977,0.43519448923906245,0.44111234162351115,0.40932268130374977,0.8873814417471828,0.8588237175471701,108.82253629694226,109.82620367829098,108.82253629694226,109.82620367829098,112.9396074313325,106.00378079586409,121.87825978753348,122.53080335172157,0.48465295952367277,1.0,0.05079784354398509,1069.0,929.0,916.0249999999999,1.1669987172839171,1.0141644605769495,0.0,0.7857142857142857,-1.2062274602624892,65,66,64.80562639206553
93,Utah Valley,WAC,25-9,112.28035837611742,114,104.397260864827,81,0.697864277187931,93,25.0,9.0,14.0,4.0,14-4,0.43601325810379093,0.4180127755417019,0.4216799217977462,0.43601325810379093,0.4180127755417019,0.4216799217977462,0.8864339435219015,0.8598855109176149,106.79628332746428,107.52307042462539,106.79628332746428,107.52307042462539,112.50552882974091,106.42872007649375,110.27246522116694,112.66403395617507,0.4386251311883311,2.0,0.020072716890125242,1429.0,1299.0,1276.075,1.1198401347883158,1.0179652449895187,0.0,0.7777777777777778,-2.719198799171714,79,120,68.60845980822741
94,Xavier,BE,15-18,117.67477470159074,60,109.43460098884574,186,0.6973840726508812,94,15.0,18.0,6.0,14.0,6-14,0.7197841753610366,0.5409305381818066,0.8042412088627131,0.7197841753610366,0.5409305381818066,0.8042412088627131,0.675323445960797,0.7941698879869251,114.20731677738678,103.01543083436272,114.20731677738678,103.01543083436272,117.51527950040017,110.46453789054017,113.1439308475729,107.23273544179597,0.6495542333519961,12.0,0.022425653488464425,1567.0,1695.0,1443.8,1.0853303781687214,1.1739853165258347,0.0,0.3,-4.503610626180757,97,112,70.38743472779123
95,Saint Joseph's,A10,24-12,108.82781341371208,173,101.34392088271551,40,0.6940964508921277,95,24.0,12.0,13.0,5.0,13-5,0.5269125356085076,0.36116963900024585,0.5727908351394871,0.5269125356085076,0.36116963900024585,0.5727908351394871,0.819646381485172,0.8801941989328336,109.71448683142519,107.4899340157332,109.71448683142519,107.4899340157332,110.88352199918323,99.54348686563038,107.35926564683628,112.69468229216488,0.36406449259898815,5.0,0.054925140945479956,1310.0,1246.0,1219.6374999999998,1.0740896372897686,1.0216150290557646,0.0,0.7222222222222222,-3.7647171371380557,88,58,68.1360412313946
96,Wyoming,MWC,18-15,114.80780972983311,85,107.16235801470921,136,0.6883713750762571,96,18.0,15.0,9.0,11.0,9-11,0.5700778115134882,0.36503043695677667,0.6664934382412727,0.5700778115134882,0.36503043695677667,0.6664934382412727,0.7843604787784273,0.8805164953589543,111.96042909025942,107.64136089668753,111.96042909025942,107.64136089668753,114.65013967493114,108.82227792095577,112.64340187174598,106.12136804365298,0.6650547393165565,7.0,-0.026667975807601163,1430.0,1473.0,1300.4875,1.099587654629514,1.132652178509982,0.0,0.45,-5.179144337451827,108,242,66.40627607832882
97,DePaul,BE,16-16,107.09428775348516,207,100.12839495174157,31,0.6842662448225291,97,16.0,16.0,8.0,12.0,8-12,0.6530852008983457,0.3660606464469515,0.80553651874651,0.6530852008983457,0.3660606464469515,0.80553651874651,0.7237790679374017,0.9020780139344272,113.05233760712198,105.84408585953365,113.05233760712198,105.84408585953365,108.01459628921407,98.71850790937512,104.67931822987725,94.72306081052922,0.7593934357999402,7.0,0.015603069120360857,1341.0,1417.0,1333.45,1.0056620045745996,1.0626570175109677,0.0,0.4,-4.685648516685053,100,131,66.50051193673058
98,South Carolina,SEC,13-19,112.05642836130016,118,104.88314587743062,91,0.6815254336230058,98,13.0,19.0,4.0,14.0,4-14,0.6688439888470619,0.3792965724428627,0.8666537431410236,0.6688439888470619,0.3792965724428627,0.8666537431410236,0.6684022285208596,0.88096786707321,116.31986670029816,106.61371112781555,116.31986670029816,106.61371112781555,111.06494027566676,104.31384506069418,108.21779730771595,106.38422393371167,0.5489720580213343,13.0,-0.041551097180505814,1271.0,1474.0,1238.8875,1.025920432646225,1.1897771185842136,0.0,0.2222222222222222,-5.961024094878251,124,276,66.38731198250734
99,Illinois St.,MVC,23-13,109.75381324552829,157,102.77185028756837,66,0.6804576066694678,99,23.0,13.0,12.0,8.0,12-8,0.5237914789280164,0.4065021847251542,0.535596603829852,0.5237914789280164,0.4065021847251542,0.535596603829852,0.8419398138403911,0.8851161163269855,110.41925073129353,108.69435816142541,110.41925073129353,108.69435816142541,108.6177716825466,103.06077143992454,114.57461253365406,114.76910858295906,0.49512383818237804,2.0,0.01780339198856762,1459.0,1374.0,1349.0875,1.0814717355249381,1.0184661854772206,0.0,0.6,-5.736412659482484,116,126,66.6319753903433
100,Mississippi St.,SEC,13-19,113.19295020192371,106,106.02522632795127,114,0.6796782617564049,100,13.0,19.0,5.0,13.0,5-13,0.7243160501919117,0.5125629090996925,0.8691716310474568,0.7243160501919117,0.5125629090996925,0.8691716310474568,0.657844758486645,0.831737869958826,117.29422995383,104.96912715971459,117.29422995383,104.96912715971459,114.76640153471129,105.497131291965,109.84263689463614,106.21756489659946,0.5953029563653011,12.0,0.003987724946242777,1384.0,1553.0,1298.1749999999997,1.0661120419049823,1.196294798467079,0.0,0.2777777777777778,-5.323713169916014,109,158,69.58383862946079
101,Kansas St.,B12,12-20,113.105515305507,107,106.00085066048099,112,0.6783176929771896,101,12.0,20.0,3.0,15.0,3-15,0.7118122698368848,0.5128542496113717,0.846242549469584,0.7118122698368848,0.5128542496113717,0.846242549469584,0.6577858211876992,0.8112094257026278,115.23340342725275,104.27932677268458,115.23340342725275,104.27932677268458,109.96398922175018,104.81763164192961,112.61142329373995,108.9764252889066,0.5932297455151915,13.0,-0.03867746581611875,1305.0,1505.0,1313.8374999999999,0.9932735212688024,1.1454993482831781,0.0,0.16666666666666666,-6.465700531807809,132,268,72.71739172352801
102,Notre Dame,ACC,13-18,114.9937528786264,81,107.93895565000314,150,0.6743854618157701,102,13.0,18.0,4.0,14.0,4-14,0.6818119301730833,0.5361355968111894,0.7870226153788955,0.6818119301730833,0.5361355968111894,0.7870226153788955,0.6842235730573404,0.7549288803348172,114.537200399719,104.66127997475536,114.537200399719,104.66127997475536,114.09258704781385,109.31495477795976,112.93141165621971,106.78276637486199,0.6556158427879326,12.0,-0.02225397728952766,1311.0,1446.0,1226.6375,1.068775412458856,1.1788323771285323,0.0,0.2222222222222222,-5.764151437698108,117,233,66.11837654058604
103,Davidson,A10,20-14,110.45284943446157,144,103.76980884887766,75,0.6721129178461632,103,20.0,14.0,10.0,8.0,10-8,0.5263234677479353,0.4367907937755898,0.5809544293548963,0.5263234677479353,0.4367907937755898,0.5809544293548963,0.8292824581338588,0.8407576804884381,109.98849038834796,107.2209859256465,109.98849038834796,107.2209859256465,111.18820234256472,103.44852529465564,100.92083963929849,108.31307873944507,0.30726672229784113,3.0,-0.01953337884248496,1243.0,1214.0,1154.6125,1.0765516569411817,1.0514350052506793,0.0,0.5555555555555556,-5.564799311154103,114,226,63.77180620636949
104,Pittsburgh,ACC,13-20,112.71444079139036,110,106.01643629807836,113,0.6691911814952688,104,13.0,20.0,5.0,13.0,5-13,0.6951423068550486,0.5300843248950886,0.7997932140350472,0.6951423068550486,0.5300843248950886,0.7997932140350472,0.6998096491738673,0.8103577572516371,114.68730659922711,104.87644346177213,114.68730659922711,104.87644346177213,110.25045693372387,105.06559344503364,109.23975418030699,107.87371614266114,0.5361154146516897,11.0,-0.039746618489276686,1213.0,1328.0,1171.1499999999999,1.0357341075011741,1.1339281902403622,0.0,0.2777777777777778,-7.338966653695576,147,270,63.73443881776741
105,Cal Baptist,WAC,25-9,107.02608752447472,209,100.67633081648017,35,0.6689326846065559,105,25.0,9.0,13.0,5.0,13-5,0.4547783640528792,0.4406203606508102,0.4259000640583622,0.4547783640528792,0.4406203606508102,0.4259000640583622,0.8667345610746143,0.8567946761207708,107.06964671390557,109.01858170632106,107.06964671390557,109.01858170632106,106.50742946651343,99.5804238636158,94.06265071419628,104.49756177086228,0.2297309835641559,2.0,0.06909258594923717,1281.0,1179.0,1214.8750000000002,1.0544294680522686,0.9704702129848748,0.0,0.7222222222222222,-2.3723431003057724,74,39,66.06695506571954
106,UNLV,MWC,18-17,115.46251920853074,73,108.79962775485397,168,0.6645278030178691,106,18.0,17.0,11.0,9.0,11-9,0.6284488238897712,0.49795111102443157,0.6699955874532341,0.6284488238897712,0.49795111102443157,0.6699955874532341,0.7590952687403097,0.8292150470855774,112.68925590248882,105.77824459902924,112.68925590248882,105.77824459902924,117.45235706920765,109.91266090825076,117.00007316070116,106.69544093061002,0.7427393690879287,8.0,0.018544892957732484,1589.0,1570.0,1396.575,1.1377835060773678,1.124178794550955,0.0,0.55,-5.769340557875603,118,124,69.81689295314143
107,Seattle,WCC,21-14,102.8411672368911,287,96.97186199552237,17,0.6627997860852377,107,21.0,14.0,8.0,10.0,8-10,0.5142719585083159,0.3674407557476955,0.596099880755015,0.5142719585083159,0.3674407557476955,0.596099880755015,0.8197392141766143,0.9075866585013721,111.4019042985247,108.53273850182357,111.4019042985247,108.53273850182357,101.58030487234436,95.65710253531618,112.95178313084209,102.88604686962397,0.745242668179903,6.0,-0.00998798066052009,1204.0,1229.0,1234.7875,0.9750665600356337,0.9953129587074699,0.0,0.4444444444444444,-5.538635051308005,113,201,67.96054502497954
108,Maryland,B10,12-21,112.03091221147278,119,105.98201185288568,111,0.654371951674369,108,12.0,21.0,4.0,16.0,4-16,0.7355364217316274,0.5293030633734171,0.8412750695040373,0.7355364217316274,0.5293030633734171,0.8412750695040373,0.5999855026174844,0.7436814161080124,117.2654822653726,103.47324738201254,117.2654822653726,103.47324738201254,111.7551146710036,107.36544151578539,111.28768287654681,108.68920252562546,0.5675103256525948,16.0,0.007981609189296468,1314.0,1552.0,1286.975,1.020998853901591,1.20592863109229,0.0,0.2,-5.1617059095414435,107,148,66.45889529820667
109,Sam Houston St.,CUSA,22-12,114.63613662405314,87,108.50906117957989,162,0.6528721357011406,109,22.0,12.0,13.0,7.0,13-7,0.4693249740085113,0.42965038605709455,0.4678518377792201,0.4693249740085113,0.42965038605709455,0.4678518377792201,0.8625103118265268,0.8317432587219649,110.27805927938438,109.21702499651998,110.27805927938438,109.21702499651998,114.20128122292711,108.33444931342765,122.89326585107614,122.01486680548327,0.5206116218891483,2.0,0.00536640352874862,1593.0,1497.0,1388.975,1.146888892888641,1.0777731780629602,0.0,0.65,-5.13440288382367,104,156,70.17745375681453
110,Pacific,WCC,18-15,110.2289555395732,146,104.69892000833953,87,0.6438042681661916,110,18.0,15.0,8.0,10.0,8-10,0.514861929229995,0.40006156232738227,0.5690152864006884,0.514861929229995,0.40006156232738227,0.5690152864006884,0.815338853196471,0.8513900941668824,110.5375135353665,107.60584095850145,110.5375135353665,107.60584095850145,110.24308915419508,104.07726620778169,108.54151729510797,104.68784762010692,0.6024590165011178,6.0,-0.0372262237719706,1278.0,1260.0,1181.95,1.081264012860104,1.0660349422564406,0.0,0.4444444444444444,-6.9276801340920136,137,262,64.4788506303906
111,Illinois Chicago,MVC,19-16,110.09138945722322,150,104.85520103465478,90,0.6365451904178376,111,19.0,16.0,12.0,8.0,12-8,0.4979384007399781,0.3726809228451302,0.5399199392757772,0.4979384007399781,0.3726809228451302,0.5399199392757772,0.8575784905258997,0.8920878371373426,109.76019951321175,108.7551227155306,109.76019951321175,108.7551227155306,109.7349368689879,101.43068941927228,0.0,0.0,0.0,0.0,-0.06020408420079282,1461.0,1354.0,1340.9875000000004,1.089495614239506,1.0097036698701514,0.0,0.6,-8.426809471438329,171,318,66.46071875066951
112,St. Thomas,Sum,24-10,112.99378843921852,108,107.62155391450212,144,0.636495785380005,112,24.0,10.0,12.0,4.0,12-4,0.35057540079086835,0.36953161262615825,0.3123251035761919,0.35057540079086835,0.36953161262615825,0.3123251035761919,0.9099511935377705,0.8877949300675602,107.01020937781225,112.26929610074978,107.01020937781225,112.26929610074978,115.4047270610126,110.24377235560047,106.73064001304975,113.63824160718774,0.3271319218884066,1.0,-0.02522886955451631,1371.0,1181.0,1118.2,1.226077624754069,1.0561616884278304,0.0,0.75,-5.03102042914723,102,237,68.46724676317763
113,UC Irvine,BW,23-12,103.9585899825238,273,99.30193938753945,25,0.6287870524074564,113,23.0,12.0,15.0,5.0,15-5,0.4448551457912283,0.4307999268690684,0.435632886587622,0.4448551457912283,0.4307999268690684,0.435632886587622,0.8991345562128819,0.8979595462406135,108.08873908203195,109.4796560978522,108.08873908203195,109.4796560978522,105.21298477340753,98.98728104477289,0.0,0.0,0.0,0.0,-0.007417386691612848,1537.0,1379.0,1440.6750000000002,1.0668610200079822,0.9571902059798357,0.0,0.75,-5.934104292569637,123,191,68.29283677336906
114,Utah,B12,10-22,115.0523677000047,79,109.90006275958194,193,0.6287559638319874,114,10.0,22.0,2.0,16.0,2-16,0.719641963825893,0.5331490586263057,0.8450741250632456,0.719641963825893,0.5331490586263057,0.8450741250632456,0.6686211328617551,0.8374649688672118,115.46165290873272,104.05192651879544,115.46165290873272,104.05192651879544,114.69735445133496,110.09167608123761,114.36991635960298,106.43911338649347,0.6956031492577366,12.0,-0.06551872488626359,1259.0,1438.0,1191.5749999999998,1.0565847722552086,1.2068061179531295,0.0,0.1111111111111111,-8.713333083466733,175,330,66.35327709393415
115,UT Rio Grande Valley,Slnd,19-14,111.67683207995525,123,106.7287245498703,129,0.6274208040475712,115,19.0,14.0,14.0,8.0,14-8,0.4238331107984075,0.48841926897688315,0.38604990819626117,0.4238331107984075,0.48841926897688315,0.38604990819626117,0.8614890519392207,0.7574601899274597,107.87346123762049,109.08533777751556,107.87346123762049,109.08533777751556,111.30580456755465,108.07171467119001,108.2206933498701,102.50298704316765,0.6511794336781791,3.0,-0.08159347892228053,1626.0,1515.0,1446.725,1.1239178143738444,1.0471927975254454,0.0,0.6363636363636364,-7.9170515495456515,156,345,66.48687916672111
116,Liberty,CUSA,26-8,118.01671507411359,55,112.93181126722641,259,0.6239818383385063,116,26.0,8.0,17.0,3.0,17-3,0.4446876679909134,0.36474469507921525,0.4589865156386546,0.4446876679909134,0.36474469507921525,0.4589865156386546,0.8781507005475352,0.8762055156528992,108.27398785468716,108.88012593471962,108.27398785468716,108.88012593471962,118.8066718187043,112.86225565529787,73.43371478145312,108.32772511435101,0.011307170748688143,1.0,0.11868776083826027,1550.0,1458.0,1308.0625,1.184958669788332,1.1146256390654117,0.0,0.85,-1.9812615250940517,72,6,64.00009711405494
117,Rutgers,B10,14-20,110.66759117527954,139,105.92340745778831,109,0.6233683361400095,117,14.0,20.0,6.0,14.0,6-14,0.684965787695293,0.39996547030155905,0.8229611687233309,0.684965787695293,0.39996547030155905,0.8229611687233309,0.6584101603366578,0.851631006059288,115.1179440258045,104.64668085700427,115.1179440258045,104.64668085700427,114.1291683464211,106.83002586182393,112.51365991537503,110.06132489143394,0.5630192442553557,14.0,0.015947281407617864,1430.0,1599.0,1352.1375,1.0575847500716458,1.1825720387164766,0.0,0.3,-5.152239369505622,105,129,66.97085386958507
118,George Mason,A10,23-10,111.06834290122134,132,106.48459893284164,123,0.6188503787182251,118,23.0,10.0,11.0,7.0,11-7,0.5087275981669487,0.33976333791032653,0.6271310707238367,0.5087275981669487,0.33976333791032653,0.6271310707238367,0.8610745561993595,0.9239863795317729,110.13646799592473,109.21666107918679,110.13646799592473,109.21666107918679,111.48823218938122,107.45332747566752,108.8534713755333,104.65791784934427,0.6111179927981343,2.0,0.09539916801152426,1247.0,1225.0,1137.5249999999999,1.0962396430847674,1.0768994088042023,0.0,0.6111111111111112,-2.6779140741652174,77,12,63.71083152183783
119,North Dakota St.,Sum,27-8,111.09317681434771,130,106.58310948485403,125,0.6169467321187493,119,27.0,8.0,14.0,2.0,14-2,0.34965457508343556,0.36224552901345924,0.3147251037583465,0.34965457508343556,0.36224552901345924,0.3147251037583465,0.9121236408043781,0.9144605799894653,106.69152718570847,111.90468979285511,106.69152718570847,111.90468979285511,113.82795120322574,109.46764953144515,105.31519147972466,111.41973816759304,0.34344299000560524,1.0,0.05248528416872167,1312.0,1136.0,1088.4375000000002,1.205397645707723,1.0436979615274187,0.0,0.875,-3.3597666989195782,83,61,66.64742899853634
120,Hawaii,BW,24-9,106.79281110993381,212,102.63308345408853,62,0.6122780929287377,120,24.0,9.0,14.0,6.0,14-6,0.4054672724272468,0.26532615006070936,0.4372536456629342,0.4054672724272468,0.26532615006070936,0.4372536456629342,0.8957178676122484,0.9360158182093381,106.68321850451944,109.99863731340767,106.68321850451944,109.99863731340767,107.56282637750184,104.0730159331911,107.00416930795022,108.64030188246076,0.45648327957113827,1.0,0.048033312492969604,1578.0,1475.0,1461.9624999999996,1.0793710508990486,1.0089178073993008,0.0,0.7,-3.805072659606138,91,73,69.7091069653515
121,Duquesne,A10,18-15,111.14288333765845,128,106.84349781355505,130,0.6115166971160885,121,18.0,15.0,9.0,9.0,9-9,0.5184616698523508,0.34205516489092486,0.6273211398231879,0.5184616698523508,0.34205516489092486,0.6273211398231879,0.825295469942326,0.8712837045657468,110.2277008553972,107.93736483916017,110.2277008553972,107.93736483916017,111.12215734091475,106.83250635891574,115.28129829828052,110.25951943246844,0.625319985771573,4.0,-0.020647828732292206,1329.0,1357.0,1241.7249999999997,1.0702852886106025,1.0928345648191027,0.0,0.5,-7.2073915792586645,144,230,68.91628968129767
122,Wright St.,Horz,23-12,113.27161240061,105,109.15789528165627,179,0.6047798245064447,122,23.0,12.0,15.0,5.0,15-5,0.415536409102645,0.4228867976537833,0.39306817957069456,0.415536409102645,0.4228867976537833,0.39306817957069456,0.8915945762620833,0.8750028223198377,110.11496925316163,112.48396803188544,110.11496925316163,112.48396803188544,114.81388641880987,110.32554548446532,130.1323977902343,109.16554565225739,0.8829222717415148,1.0,-0.003827179828686522,1630.0,1527.0,1375.1875,1.1852929146025541,1.1103940371767487,0.0,0.75,-6.339672517649077,130,183,67.01263054599997
123,Florida Atlantic,Amer,18-15,109.95865021557037,153,105.97458890217246,110,0.6045375807210289,123,18.0,15.0,9.0,9.0,9-9,0.5124101646391043,0.4664134919175391,0.5412436001916192,0.5124101646391043,0.4664134919175391,0.5412436001916192,0.8483707569174708,0.8554263517914003,109.91864885850327,107.9771742809616,109.91864885850327,107.9771742809616,109.04927397693294,104.30115908681364,115.27414324081005,108.92166730799266,0.6574312796376912,2.0,-0.026009555039598675,1385.0,1363.0,1294.1249999999998,1.0702211919250462,1.0532212885154064,0.0,0.5,-8.036924879234103,157,240,69.84984709040403
124,UC San Diego,BW,23-11,106.48293851900608,224,102.73645717788008,65,0.6015443079263318,124,23.0,11.0,12.0,8.0,12-8,0.43100740033344775,0.4180731230069614,0.4383065633066048,0.43100740033344775,0.4180731230069614,0.4383065633066048,0.8984540163300915,0.8910961590436405,107.29827679356939,109.20280488079818,107.29827679356939,109.20280488079818,103.68620461363727,102.35799455079413,0.0,0.0,0.0,0.0,0.02850095589121371,1435.0,1398.0,1392.3374999999999,1.0306409185991185,1.0040669018826256,0.0,0.6,-5.923783826278295,122,102,67.27258112893556
125,UNC Wilmington,CAA,27-7,110.58472774094028,140,106.96481355898035,132,0.59453467371774,125,27.0,7.0,15.0,3.0,15-3,0.3724728603173425,0.28484468809495245,0.3912641180461385,0.3724728603173425,0.28484468809495245,0.3912641180461385,0.9206454776749984,0.945546205250687,106.65945737198506,111.34948587917083,106.65945737198506,111.34948587917083,109.9483803093134,105.92393363367134,0.0,0.0,0.0,0.0,0.09611451554027794,1349.0,1224.0,1190.8,1.1328518642929124,1.0278804165267048,0.0,0.8333333333333334,-2.647767675074353,75,11,64.97658952554897
126,Toledo,MAC,19-15,114.87231660275799,83,111.40653500335615,224,0.5871764666637207,126,19.0,15.0,11.0,7.0,11-7,0.452243514813418,0.46608992360471524,0.41923043594361614,0.452243514813418,0.46608992360471524,0.41923043594361614,0.8695374314144174,0.8436792168138145,109.68261860958283,110.22160295406648,109.68261860958283,110.22160295406648,115.06622989122631,112.86517597637355,107.58080423552221,115.1414772844251,0.3140887115642795,1.0,-0.05141553966207146,1459.0,1373.0,1239.5000000000002,1.1770875352964902,1.107704719645018,0.0,0.6111111111111112,-8.850061166047704,179,303,67.95565893533691
127,San Francisco,WCC,17-16,113.2783368625966,104,109.93727716894162,194,0.5852313768060903,127,17.0,16.0,8.0,10.0,8-10,0.5575745986258889,0.46468850282589036,0.6354077143883506,0.5575745986258889,0.46468850282589036,0.6354077143883506,0.7961621136841935,0.847489983542635,110.6674237400988,106.83712815523424,110.6674237400988,106.83712815523424,110.59598484808178,109.48738434790498,108.26938794997818,107.06091753841017,0.5322255870575208,7.0,0.007156093848254885,1305.0,1372.0,1224.1125,1.0660784854333243,1.1208120168693645,0.0,0.4444444444444444,-7.149275142223987,142,150,66.00531251367427
128,Southern Illinois,MVC,16-16,102.78270020592926,288,99.82420098552251,28,0.5831878357501559,128,16.0,16.0,10.0,10.0,10-10,0.502019997591494,0.4330946524741322,0.5451551682815547,0.502019997591494,0.4330946524741322,0.5451551682815547,0.8543933167343012,0.856395430232778,109.18207588998176,108.80424825935371,109.18207588998176,108.80424825935371,100.3944890773784,96.83786096653071,0.0,0.0,0.0,0.0,-0.05697260769365531,1386.0,1351.0,1387.9750000000001,0.9985770637079198,0.973360471190043,0.0,0.5,-9.40077428411888,196,313,69.06362187171032
129,Memphis,Amer,13-19,108.36756757778532,182,105.25216947669966,97,0.583085416553562,129,13.0,19.0,8.0,10.0,8-10,0.6149151811247958,0.6961688081426777,0.5663287877660235,0.6149151811247958,0.6961688081426777,0.5663287877660235,0.7693899585866499,0.6791771017879982,112.48263725294484,106.46428362111429,112.48263725294484,106.46428362111429,106.67698505560355,105.05617487016066,108.69887422941588,104.98191737197523,0.5987172483758786,6.0,-0.05053318727432132,1358.0,1367.0,1291.7375,1.0512971869284589,1.0582645467829184,0.0,0.4444444444444444,-9.369501210573516,195,301,70.0162983639366
130,Fresno St.,MWC,13-19,107.39928016736386,200,104.34709786786527,80,0.582137092521569,130,13.0,19.0,7.0,13.0,7-13,0.5821257433057502,0.4121478661232757,0.6692955334738584,0.5821257433057502,0.4121478661232757,0.6692955334738584,0.7893236038325095,0.8752976069625856,112.27519326068312,107.47676009331079,112.27519326068312,107.47676009331079,107.05601728969366,102.7647061087571,94.28550607688958,99.5489128508871,0.348713545403252,6.0,-0.0827185024022895,1427.0,1477.0,1372.4749999999997,1.0397274995901566,1.0761580356654952,0.0,0.35,-10.08461461613382,211,348,68.33523864998311
131,Montana St.,BSky,18-14,110.97856395330962,135,108.02318630673103,151,0.5769825249670939,131,18.0,14.0,12.0,6.0,12-6,0.4377397377936024,0.45811781945385704,0.4172207499923932,0.4377397377936024,0.45811781945385704,0.4172207499923932,0.8688001729664856,0.809987678125551,110.19949006083824,110.64292865000704,110.19949006083824,110.64292865000704,111.78243781902998,108.36918503803336,104.8418531022528,92.19338188480872,0.8143450182304657,2.0,-0.04463003391631393,1394.0,1307.0,1217.4625,1.1450044662566607,1.0735443596825363,0.0,0.6666666666666666,-8.191432623315979,162,282,65.96132621463386
132,UAB,Amer,20-12,109.04469105981106,169,106.20976783604827,116,0.5751585902353129,132,20.0,12.0,11.0,7.0,11-7,0.48090699090628336,0.3807496397220203,0.5528058881478249,0.48090699090628336,0.3807496397220203,0.5528058881478249,0.863534775470658,0.8956858476888567,108.85935665458722,109.25390729860179,108.85935665458722,109.25390729860179,107.4288401970741,105.5164683187451,110.41489000615728,97.93451816668619,0.7988911071492892,3.0,0.04209147937548796,1375.0,1363.0,1291.2749999999999,1.0648390157015355,1.0555458752008675,0.0,0.6111111111111112,-5.901332536185565,120,80,69.35796402364846
133,Washington St.,WCC,12-20,113.96998606829044,93,111.01191958014036,218,0.5750344576335044,133,12.0,20.0,7.0,11.0,7-11,0.5868246757198226,0.5664057754902371,0.6105081384739761,0.5868246757198226,0.5664057754902371,0.6105081384739761,0.801114884281545,0.829077805509181,110.88250662416638,105.74187966023331,110.88250662416638,105.74187966023331,115.86255869743066,111.2964792228891,117.01784494232865,114.97270283143658,0.5505182045473743,5.0,-0.10253044529583755,1377.0,1401.0,1236.9250000000002,1.1132445378660791,1.1326474927744203,0.0,0.3888888888888889,-11.43861507923717,234,357,67.9814596098883
134,UC Santa Barbara,BW,18-14,113.29544438521657,103,110.57685483831116,213,0.5693779966351096,134,18.0,14.0,11.0,9.0,11-9,0.4296342517965279,0.40274530258532715,0.4414585026615382,0.4296342517965279,0.40274530258532715,0.4414585026615382,0.8975051419789927,0.8940784380763234,106.74421255451585,108.62483321235155,106.74421255451585,108.62483321235155,114.7183689083377,110.28193345886477,0.0,0.0,0.0,0.0,-0.061312061659000716,1571.0,1480.0,1379.8999999999996,1.138488296253352,1.0725414885136606,0.0,0.55,-9.192164853516934,190,323,64.40170067829973
135,Murray St.,MVC,20-13,115.03504372877117,80,112.57821349189406,251,0.5617503692929215,135,20.0,13.0,12.0,8.0,12-8,0.5203824138761115,0.4353985348564166,0.5472546348794731,0.5203824138761115,0.4353985348564166,0.5472546348794731,0.8451988823661994,0.8603459243316416,109.29335026656805,108.93632311659425,109.29335026656805,108.93632311659425,115.49041510513152,112.82177489002235,115.39673261799503,111.16131871062093,0.6058798960336804,1.0,0.07540736381583835,1593.0,1602.0,1416.7999999999997,1.1243647656691138,1.1307171089779788,0.0,0.6,-5.345357224563469,110,28,71.92423772498407
136,North Texas,Amer,19-14,103.6105530066888,279,101.5414983212747,44,0.5577347451164755,136,19.0,14.0,9.0,9.0,9-9,0.493140591267756,0.41830747540216456,0.524250468709506,0.493140591267756,0.41830747540216456,0.524250468709506,0.8483105721805104,0.856437187549574,110.04187699901533,108.79710504930217,110.04187699901533,108.79710504930217,103.78043132078511,102.34554322224186,92.55198940816321,96.88989619662782,0.37127424848376395,3.0,0.02321389224759174,1254.0,1238.0,1206.0999999999997,1.039714783185474,1.0264488848354203,0.0,0.5,-7.094910687762129,140,110,65.0513021090656
137,Kennesaw St.,CUSA,21-14,111.02763389113328,134,109.03198209779323,175,0.551958134122296,137,21.0,14.0,10.0,10.0,10-10,0.4400384860183711,0.3042696874027493,0.47484745082778357,0.4400384860183711,0.3042696874027493,0.47484745082778357,0.8766757992141846,0.8937453950750359,109.0409722347075,109.36910697407107,109.0409722347075,109.36910697407107,109.26714630778558,109.28668427419696,105.97931014957078,99.00439212396367,0.6863082915891285,2.0,0.0024117737513433823,1535.0,1522.0,1394.6499999999996,1.1006345678127132,1.0913132327107162,0.0,0.5,-7.718423383251755,154,162,71.19659039548074
138,Bradley,MVC,21-13,111.13026168173272,129,109.15376014080684,177,0.5514110052167172,138,21.0,13.0,13.0,7.0,13-7,0.4967284093352954,0.3599710035514941,0.5482666583492656,0.4967284093352954,0.3599710035514941,0.5482666583492656,0.8706312286990981,0.9242962798711504,108.55482011461389,108.33224968815598,108.55482011461389,108.33224968815598,111.88006965695233,109.36827098393584,0.0,0.0,0.0,0.0,0.06528115030412118,1562.0,1529.0,1406.2499999999998,1.1107555555555557,1.087288888888889,0.0,0.65,-5.912148418449598,121,46,67.32390634826211
139,Northern Colorado,BSky,20-12,112.29141503545571,113,110.38549623587008,204,0.5490578152407022,139,20.0,12.0,10.0,8.0,10-8,0.3988061335627032,0.36276441189452846,0.42025840028485095,0.3988061335627032,0.36276441189452846,0.42025840028485095,0.8913563238194329,0.8657755513218235,108.85579322533974,111.14171225372527,108.85579322533974,111.14171225372527,110.73980340721829,109.72936938967855,146.25811669393485,127.04297827417122,0.834760199051604,1.0,-0.0032411301136775483,1422.0,1364.0,1258.175,1.1302084368231764,1.084109921115902,0.0,0.5555555555555556,-7.138680252574689,141,182,68.53269284438316
140,Penn St.,B10,12-20,113.88051073531977,94,111.97058842764704,236,0.5484736257514833,140,12.0,20.0,3.0,17.0,3-17,0.6856391156360945,0.3728806045088095,0.8523693126751336,0.6856391156360945,0.3728806045088095,0.8523693126751336,0.6676916293710542,0.9260760363604112,116.03904463387786,105.02600208545779,116.03904463387786,105.02600208545779,113.58835170568136,112.63662813632912,113.93697312400273,109.14819683675414,0.62100048832623,13.0,0.020453849666833723,1408.0,1686.0,1350.3375,1.0427022873911151,1.2485767447027132,0.0,0.15,-6.953000337263475,138,118,67.61492207879579
141,Temple,Amer,16-16,112.27377120165497,115,110.48510314730133,209,0.5460404896306335,141,16.0,16.0,8.0,10.0,8-10,0.47122741360344506,0.43100938780277154,0.49286764517594034,0.47122741360344506,0.43100938780277154,0.49286764517594034,0.8663700215175917,0.8714605344634574,107.71063450832361,108.71161246951365,107.71063450832361,108.71161246951365,110.35080254247778,107.94817945689897,115.6404854072269,106.87843541346237,0.7122078968084595,2.0,-0.06949625661662906,1296.0,1273.0,1181.125,1.0972589692030903,1.0777860091014921,0.0,0.4444444444444444,-10.019152915169693,209,338,64.94425993244542
142,Boston College,ACC,11-20,103.68228791005976,278,102.08809720503399,51,0.5444310802776652,142,11.0,20.0,4.0,14.0,4-14,0.6152161393313635,0.3715194363955994,0.79121931367386,0.6152161393313635,0.3715194363955994,0.79121931367386,0.7496261498652633,0.9155112233518211,112.94498444152012,106.97983347508013,112.94498444152012,106.97983347508013,104.16891551971032,101.1766543870929,104.29617487180035,100.71412700377792,0.599146232571337,9.0,-0.07218280957154238,1172.0,1324.0,1202.7625,0.9744234626536826,1.1007992018374366,0.0,0.2222222222222222,-10.077145336306808,210,341,66.02948474717155
143,Central Arkansas,ASun,22-12,109.83725642657998,155,108.17894020836256,156,0.5436263678035754,143,22.0,12.0,15.0,3.0,15-3,0.35856902679650327,0.47039263117825586,0.28080292726551165,0.35856902679650327,0.47039263117825586,0.28080292726551165,0.874075774090629,0.7571350038709814,109.54787292645482,114.25677792845637,109.54787292645482,114.25677792845637,112.46166268485922,110.83448329547338,97.73416763395815,107.67602257143571,0.2471127700771725,4.0,-0.01206184290454515,1505.0,1343.0,1241.5375000000001,1.212206638945662,1.0817232665143017,0.0,0.8333333333333334,-6.475704480056743,133,209,67.98192713853432
144,Idaho,BSky,21-15,108.03481581136522,192,106.4581586268892,122,0.5421664567661776,144,21.0,15.0,9.0,9.0,9-9,0.42681336742860837,0.38260072789534266,0.42100765563653897,0.42681336742860837,0.38260072789534266,0.42100765563653897,0.8831360103424324,0.8920745852347033,109.60717015202329,110.8047610735185,109.60717015202329,110.8047610735185,108.72785279802594,109.7528166112814,87.66421799753877,101.99749865962667,0.1491229506041824,1.0,-0.008900532544382833,1394.0,1360.0,1249.6125000000002,1.1155458192039531,1.0883373845892226,0.0,0.5,-8.938973160000108,181,197,67.54205264742957
145,Robert Morris,Horz,22-11,110.36080405003966,145,108.77217595808096,167,0.5415896563725158,145,22.0,11.0,13.0,7.0,13-7,0.39447591864690373,0.38028908085887897,0.3992573280081311,0.39447591864690373,0.38028908085887897,0.3992573280081311,0.9024670266884818,0.8726472956530902,109.57268379508955,112.95039127233997,109.57268379508955,112.95039127233997,110.91964404963542,111.12938989663371,111.09312364063234,126.2214152204692,0.18721765089524214,1.0,0.0316103722910438,1585.0,1496.0,1359.35,1.1659984551440028,1.1005259866848127,0.0,0.65,-6.413623462054995,131,97,64.63037910949141
146,Penn,Ivy,18-12,107.80802161692708,195,106.30407961717339,118,0.5403015441624097,146,18.0,12.0,9.0,5.0,9-5,0.48368852959637704,0.48296744751127696,0.4322391467195278,0.48368852959637704,0.48296744751127696,0.4322391467195278,0.8523693808517876,0.8503909907848699,109.68162801538061,109.09534101972449,109.68162801538061,109.09534101972449,105.44544439316246,104.7305307946608,115.95912875165499,120.9327057289513,0.38155360517888476,2.0,0.05414934893060319,1037.0,989.0,959.0375,1.0812924416407075,1.0312422611211762,0.0,0.6428571428571429,-5.784676147584028,119,59,69.06694274407307
147,Arkansas St.,SB,20-12,110.15806987056799,149,108.81801926447875,169,0.5351302790060286,147,20.0,12.0,11.0,7.0,11-7,0.3930924191788678,0.4569473979440763,0.34868139849667634,0.3930924191788678,0.4569473979440763,0.34868139849667634,0.894044543297471,0.8366312094954794,107.44889908245536,110.6971735556407,107.44889908245536,110.6971735556407,110.39445758983607,110.32225902314434,105.6067267900595,109.72340498504762,0.3917964340162397,2.0,-0.0019550300654817,1496.0,1401.0,1316.1624999999997,1.1366377631941347,1.064458226092903,0.0,0.6111111111111112,-7.262089429477931,145,177,72.2297239136637
148,St. Bonaventure,A10,17-17,113.47193215531809,97,112.25160151751501,242,0.5310465728351436,148,17.0,17.0,4.0,14.0,4-14,0.5220481210069574,0.3902270220495336,0.604588176820817,0.5220481210069574,0.3902270220495336,0.604588176820817,0.8464347211745792,0.9003214416402657,109.19538273621376,107.49505112089089,109.19538273621376,107.49505112089089,113.75732441446429,115.75175031734378,121.00767669831713,112.18825814991004,0.7048018730605067,2.0,-0.01021922478108317,1352.0,1421.0,1222.25,1.1061566782573122,1.1626099406831663,0.0,0.2222222222222222,-9.722030971585859,204,202,67.22869756287352
149,Navy,Pat,26-8,107.24476405515256,203,106.11812404002194,115,0.5303252789981681,149,26.0,8.0,17.0,1.0,17-1,0.2657979000936055,0.2912387327159683,0.22470272769526436,0.2657979000936055,0.2912387327159683,0.22470272769526436,0.9286542600963938,0.8980113982181277,104.11457749872997,114.55877375277367,104.11457749872997,114.55877375277367,107.66769197394915,102.43756341694579,94.88752898188237,94.40900745585381,0.5145313265517771,1.0,0.021534938770908507,1369.0,1124.0,1174.9,1.16520554940846,0.9566771640139585,0.0,0.9444444444444444,-4.135837364406745,93,114,65.20246933961413
150,Rhode Island,A10,16-16,104.44202271322163,262,103.41411982473275,70,0.5284048661694077,150,16.0,16.0,7.0,11.0,7-11,0.5195519553807946,0.4110877169523428,0.5927780863687456,0.5195519553807946,0.4110877169523428,0.5927780863687456,0.8472340065864927,0.8808775701592173,109.1910773348016,108.55793182996125,109.1910773348016,108.55793182996125,102.16185106929686,102.19441499108177,0.0,0.0,0.0,0.0,-0.007687010622662416,1198.0,1240.0,1199.3125,0.9989056230131846,1.0339256865912763,0.0,0.3888888888888889,-9.12029864976636,187,193,65.90654402758747
151,Troy,SB,22-12,110.20668837960831,147,109.18023481883752,180,0.5268769980879062,151,22.0,12.0,12.0,6.0,12-6,0.4197151375562763,0.4764935346694962,0.35472598807403544,0.4197151375562763,0.4764935346694962,0.35472598807403544,0.8790784337962428,0.8349536308141747,107.88086357851527,110.24369580448298,107.88086357851527,110.24369580448298,109.95571790524504,110.0014874114748,118.42469658501818,111.28896925562387,0.6714371183828388,2.0,0.058804811574873606,1347.0,1252.0,1184.6249999999998,1.1370686926242484,1.05687453835602,0.0,0.6666666666666666,-5.984682021787875,126,54,65.00908258159734
152,Middle Tennessee,CUSA,17-15,110.17958483742936,148,109.23601064494376,181,0.5247072961868366,152,17.0,15.0,11.0,9.0,11-9,0.4766938940808812,0.5002220385695746,0.4645394279772336,0.4766938940808812,0.5002220385695746,0.4645394279772336,0.8474115450483339,0.7530598986838296,110.50106169520436,108.10735793319664,110.50106169520436,108.10735793319664,109.40642955260655,107.78915678870135,110.53953421141618,94.3429350531117,0.8608087783308142,2.0,-0.011580360702129533,1495.0,1462.0,1363.3500000000001,1.0965636116917885,1.0723585286243444,0.0,0.55,-8.565244449533958,174,206,65.6402592434364
153,Bowling Green,MAC,18-14,106.20592077873576,229,105.30244033100189,98,0.5245421475363319,153,18.0,14.0,9.0,9.0,9-9,0.39104251800408607,0.3036010089437301,0.4432983885094217,0.39104251800408607,0.3036010089437301,0.4432983885094217,0.9045140721025928,0.9189942657371213,108.11825030630384,111.47658759879772,108.11825030630384,111.47658759879772,107.4715608473147,106.38443617465568,0.0,0.0,0.0,0.0,-0.0653394926819093,1388.0,1343.0,1264.5625000000002,1.0976128107547074,1.062027381011219,0.0,0.5,-9.545113518048334,200,329,68.30989878641279
154,Cornell,Ivy,15-13,120.12260545389002,38,119.1349713527358,343,0.523717812392413,154,15.0,13.0,8.0,6.0,8-6,0.41965008543626237,0.38175533764560543,0.4345567160224895,0.41965008543626237,0.38175533764560543,0.4345567160224895,0.8738719125412288,0.8531755738023789,107.82517678927631,109.58558097178992,107.82517678927631,109.58558097178992,119.95436625828792,118.45850030400247,138.94313502105973,116.37722026490529,0.8847418233924083,1.0,-0.04461793521024482,1177.0,1135.0,978.0749999999999,1.2033841985532807,1.1604427063364262,0.0,0.5714285714285714,-8.128572976463385,160,281,71.46415733670773
155,Loyola Marymount,WCC,15-17,106.56886754061986,218,105.91411547676975,108,0.5177108826348668,155,15.0,17.0,6.0,12.0,6-12,0.5073800629588529,0.37514115995321756,0.6097265797368012,0.5073800629588529,0.37514115995321756,0.6097265797368012,0.844545068340645,0.9188385392328032,109.9795545577812,108.7115456864423,109.9795545577812,108.7115456864423,108.24182518587678,107.81965639821885,107.60689784516028,112.48754402945002,0.37516678923564434,4.0,-0.0481320108487584,1286.0,1381.0,1236.025,1.0404320300964784,1.1172913169232013,0.0,0.3333333333333333,-10.228934584992428,214,292,67.2752129856047
156,William & Mary,CAA,20-12,110.71121914632513,138,110.07513884354086,197,0.5165596019188164,156,20.0,12.0,10.0,8.0,10-8,0.40558355530078116,0.412496713164221,0.3896389211814893,0.40558355530078116,0.412496713164221,0.3896389211814893,0.8847922438641143,0.8380528380193265,107.86544444818828,110.42847852738645,107.86544444818828,110.42847852738645,111.79964165282782,111.8959934463845,95.44300005068062,97.92513341785691,0.4267187374109853,1.0,0.028026339138096046,1485.0,1421.0,1298.3000000000002,1.1438034352614956,1.0945082030347375,0.0,0.5555555555555556,-6.893744268344123,136,103,72.72306466081278
157,Austin Peay,ASun,22-9,108.95751138120625,170,108.44147839176892,161,0.5136452266583424,157,22.0,9.0,15.0,3.0,15-3,0.33178945463436954,0.4206533923772882,0.2776899635067529,0.33178945463436954,0.4206533923772882,0.2776899635067529,0.9116263883210042,0.8412847258358571,108.23012218463495,114.88497802554663,108.23012218463495,114.88497802554663,111.35860738739251,110.02173438909767,118.81228735597158,106.89551897058065,0.7712651436495351,1.0,0.04782026670407713,1505.0,1368.0,1263.2,1.191418619379354,1.0829639012032932,0.0,0.8333333333333334,-5.099731690983084,103,74,69.26376610185858
158,Eastern Washington,BSky,14-19,113.33024273722754,101,112.8679125064189,257,0.511750374600985,158,14.0,19.0,11.0,7.0,11-7,0.48871684128548387,0.579382473994782,0.4243134916004453,0.48871684128548387,0.579382473994782,0.4243134916004453,0.8497615184683598,0.7616685676549696,109.58159605242774,109.46102295578001,109.58159605242774,109.46102295578001,114.33840638268147,110.18776050734228,115.98175261147006,110.63441305719036,0.6324680304959569,2.0,-0.08236722667850799,1414.0,1321.0,1211.0,1.1676300578034682,1.0908340214698595,0.0,0.6111111111111112,-12.151798288232069,246,346,67.85252418016655
159,Harvard,Ivy,17-12,105.44260304765575,243,105.11640062392375,92,0.508907085314503,159,17.0,12.0,10.0,4.0,10-4,0.40605273543555637,0.3658901789850866,0.4366260912555429,0.40605273543555637,0.3658901789850866,0.4366260912555429,0.8833729563434478,0.8685397846838343,107.77434769558995,111.3673770904813,107.77434769558995,111.3673770904813,108.30020763389793,103.78380630080862,108.89736015229713,106.4945064394017,0.5637984584318129,1.0,0.00046451145103953984,988.0,915.0,889.45,1.1107988082522906,1.0287256169542975,0.0,0.7142857142857143,-7.312835716645923,146,168,63.187091959462705
160,Western Kentucky,CUSA,18-14,108.83127695030547,172,108.53346636824816,163,0.5078774055130746,160,18.0,14.0,11.0,9.0,11-9,0.4633743706795917,0.4237427573082732,0.48074256986377517,0.4633743706795917,0.4237427573082732,0.48074256986377517,0.8739747253344119,0.845961908947044,110.08157804906925,110.0270592876432,110.08157804906925,110.0270592876432,107.26444208860849,108.46784897794926,107.20306952488478,92.75485103023257,0.8408807742412052,2.0,0.01835898056102503,1521.0,1495.0,1392.5375000000001,1.0922506575226878,1.0735797061120436,0.0,0.55,-8.305201940417344,165,125,69.95221945888545
161,Richmond,A10,15-17,110.82711714920305,137,110.54964538299484,211,0.5072065061797129,161,15.0,17.0,5.0,13.0,5-13,0.4886414715602188,0.3120519377603378,0.6278190772461748,0.4886414715602188,0.3120519377603378,0.6278190772461748,0.8572102865880163,0.9320313487467788,108.90847723895628,109.22714386363532,108.90847723895628,109.22714386363532,111.70740967317074,112.89754809716841,108.97102792138764,115.70792056238577,0.3340662246633313,2.0,-0.05905544196392787,1310.0,1374.0,1202.4625,1.0894310633387734,1.1426551763568509,0.0,0.2777777777777778,-10.661560273468277,222,316,67.65109259154418
162,Siena,MAAC,23-12,108.37848740051169,181,108.11972788073997,153,0.5068719931748057,162,23.0,12.0,13.0,7.0,13-7,0.3265359762851325,0.3314882097181659,0.28460618893793843,0.3265359762851325,0.3314882097181659,0.28460618893793843,0.9077817350224588,0.8940872427254739,103.96656414655853,111.46369702092262,103.96656414655853,111.46369702092262,109.70183973060378,111.27347376671533,110.19208748027071,100.3553382781205,0.7456111007501013,2.0,-0.009940729146544314,1448.0,1327.0,1282.1625000000001,1.1293420295789338,1.0349702163337329,0.0,0.65,-7.52946119331671,150,200,64.62944136252524
163,Merrimack,MAAC,23-11,106.52689941034373,220,106.38862467609692,120,0.5037341807491644,163,23.0,11.0,17.0,3.0,17-3,0.37932611839357877,0.5159406264432257,0.30195120193570657,0.37932611839357877,0.5159406264432257,0.30195120193570657,0.8910398477095631,0.7849645832721458,105.50564790226645,110.4316359812525,105.50564790226645,110.4316359812525,110.30203211289722,106.47914671774126,88.61194780914194,109.85301405730222,0.0779105995563066,2.0,0.06777269846412937,1448.0,1284.0,1283.2875000000001,1.1283519865969238,1.0005552146342889,0.0,0.85,-5.972735703337533,125,43,63.57472280622058
164,Valparaiso,MVC,18-15,107.6204186490836,198,107.72415749236137,145,0.49723005657546404,164,18.0,15.0,11.0,9.0,11-9,0.48796639804764674,0.36949692375431115,0.5535665971172357,0.48796639804764674,0.36949692375431115,0.5535665971172357,0.8506812967459961,0.8502713411697488,108.75146760885357,108.9397822371722,108.75146760885357,108.9397822371722,109.79517236556467,107.37862278435583,89.19044623182712,126.64791679463575,0.017424062321095623,1.0,0.031268477525533966,1428.0,1437.0,1325.3375,1.0774614013411676,1.084252124458864,0.0,0.55,-8.202527101129109,163,99,65.20503076070592
165,Monmouth,CAA,19-15,106.90699372642216,210,107.06465270963784,134,0.49576337502215406,165,19.0,15.0,11.0,7.0,11-7,0.42083229967942326,0.38669244216126825,0.42717566737708723,0.42083229967942326,0.38669244216126825,0.42717566737708723,0.8934197954724313,0.8878629701001941,106.88126045821208,109.64533083981496,106.88126045821208,109.64533083981496,105.91021254494225,105.47652959378398,104.44345587664915,99.28145232319763,0.6417347058710333,1.0,-0.01125639628197983,1312.0,1267.0,1224.4874999999997,1.0714686756704337,1.0347186067640546,0.0,0.6111111111111112,-9.777115633705442,205,205,66.96603560066816
166,Oregon St.,WCC,17-16,109.3510044191701,163,109.51451771020825,187,0.4957043098605506,166,17.0,16.0,9.0,9.0,9-9,0.575243795222462,0.49250840176272237,0.6144164654406985,0.575243795222462,0.49250840176272237,0.6144164654406985,0.8118145471262854,0.8817434136928356,110.55329370452705,106.72578875520952,110.55329370452705,106.72578875520952,108.48650672555861,111.23353603216931,108.41036077613194,116.51378499914051,0.3038590568623885,5.0,0.07841613325702618,1261.0,1359.0,1198.7625000000003,1.0519181238986035,1.1336690962555132,0.0,0.5,-7.657872224070719,152,22,65.28956954163228
167,Georgia Tech,ACC,11-20,106.69873272263375,213,106.94864588896866,131,0.4932743631201667,167,11.0,20.0,2.0,16.0,2-16,0.6096444498977655,0.34500645906627014,0.8007718877205122,0.6096444498977655,0.34500645906627014,0.8007718877205122,0.7392105708449438,0.9112229454452525,112.01018522550117,106.08911989502019,112.01018522550117,106.08911989502019,107.68888974390359,107.58736761916077,111.17675963626674,103.57227252511034,0.6931302752128011,10.0,-0.05384244040578651,1292.0,1486.0,1285.8874999999998,1.0047535262610456,1.1556220898017908,0.0,0.1111111111111111,-9.819254190365704,207,308,70.9755256034808
168,Kent St.,MAC,24-10,110.07591182905497,151,110.40850164980623,206,0.4913272730543266,168,24.0,10.0,14.0,4.0,14-4,0.4306591702665736,0.38010397268429574,0.43455281136498863,0.4306591702665736,0.38010397268429574,0.43455281136498863,0.8795069363164053,0.8804449375650696,109.68058080446852,111.23978629453367,109.68058080446852,111.23978629453367,111.11942067828184,111.12632993801047,91.85924345885037,104.01974178333167,0.1931427011665073,1.0,0.14014305070950217,1466.0,1414.0,1296.8874999999998,1.1303987431446445,1.0903027440699369,0.0,0.7777777777777778,-3.7548432193701182,87,2,70.60524864358966
169,Winthrop,BSth,23-11,110.83562247994169,136,111.21794073906928,221,0.49010128503745554,169,23.0,11.0,13.0,3.0,13-3,0.36511674684255946,0.397830998115275,0.32059002341962317,0.36511674684255946,0.397830998115275,0.32059002341962317,0.8727527226870258,0.8078983400970885,107.16661864065885,110.97739647896958,107.16661864065885,110.97739647896958,109.02994107832959,110.01362815520146,112.75906511407526,104.21294822322521,0.7122619822387063,3.0,0.05600996740419972,1288.0,1192.0,1141.575,1.1282657731642687,1.0441714298228324,0.0,0.8125,-5.407714270133438,111,55,69.98775950108119
170,Portland St.,BSky,20-11,102.97139283496347,286,103.3315883963003,68,0.48996210189190204,170,20.0,11.0,13.0,5.0,13-5,0.40263354659330947,0.3660766555230591,0.4266811180638576,0.40263354659330947,0.3660766555230591,0.4266811180638576,0.8954628122355622,0.8712548501094021,109.48908166482225,111.90406573773537,109.48908166482225,111.90406573773537,103.8765835609595,101.98073713190726,0.0,0.0,0.0,0.0,0.06608251377917962,1337.0,1251.0,1237.35,1.0805350143451733,1.011031640198812,0.0,0.7222222222222222,-6.323065053426837,129,44,67.84144716841502
171,UC Davis,BW,19-14,106.83145523595331,211,107.24374996341186,138,0.4889276759416843,171,19.0,14.0,11.0,9.0,11-9,0.44736028209481815,0.434800350089531,0.4493292421802339,0.44736028209481815,0.434800350089531,0.4493292421802339,0.8839966455040794,0.860236704389886,107.55914352785469,108.69992783650618,107.55914352785469,108.69992783650618,107.13557453297854,106.87344128670591,0.0,0.0,0.0,0.0,0.034175613487655854,1525.0,1506.0,1438.575,1.060076812123108,1.0468692977425578,0.0,0.55,-8.484417000703353,172,91,68.91725845025313
172,Charlotte,Amer,17-17,113.30075615967341,102,113.74416373122213,273,0.4887724059669736,172,17.0,17.0,9.0,9.0,9-9,0.5059531684504011,0.45362607735104743,0.5255032002814226,0.5059531684504011,0.45362607735104743,0.5255032002814226,0.8484817009730582,0.8713521212657487,109.38302391082088,108.51076185974841,109.38302391082088,108.51076185974841,113.8343626138384,114.53015292247869,107.05193669506248,111.5620954824781,0.38353438796189654,5.0,0.007517066013833895,1334.0,1372.0,1189.475,1.1215031841778937,1.153450051493306,0.0,0.5,-9.844705943103602,208,149,63.417805127700845
173,FIU,CUSA,15-17,108.11295321869642,191,108.69197533675765,166,0.4846482335884027,173,15.0,17.0,8.0,12.0,8-12,0.44029685440093413,0.36826212906777217,0.47996147758260854,0.44029685440093413,0.36826212906777217,0.47996147758260854,0.8671015689553538,0.8265184437140949,109.40885546550334,109.42787792027173,109.40885546550334,109.42787792027173,106.9910436648066,108.03585997943416,111.33732020029949,112.90635542456646,0.4598531482528826,2.0,-0.08530332098795812,1545.0,1558.0,1442.5125000000003,1.0710479111966098,1.0800599648183289,0.0,0.4,-11.227181488670656,230,350,71.6870040617158
174,Towson,CAA,19-15,104.5606838084914,260,105.12423001304586,94,0.48455126311447,174,19.0,15.0,9.0,9.0,9-9,0.43579183308174196,0.4569293683753053,0.41649981735346786,0.43579183308174196,0.4569293683753053,0.41649981735346786,0.8626280919933265,0.7926897306279901,108.86131800347057,109.81628869782907,108.86131800347057,109.81628869782907,101.94591847495893,105.49741710750206,94.79140548255062,103.75592159389976,0.2613104439719087,3.0,0.006516930757199613,1203.0,1194.0,1158.6249999999998,1.038299708706441,1.0305318804617545,0.0,0.5,-8.794601366190822,177,152,63.468315510543434
175,Massachusetts,MAC,17-16,110.01153473227677,152,110.70220328729576,215,0.48201451464763057,175,17.0,16.0,7.0,11.0,7-11,0.41249268640482456,0.35340409539493234,0.42838769034483287,0.41249268640482456,0.35340409539493234,0.42838769034483287,0.9022793689931029,0.924264881415952,107.86012148225257,111.04112401374724,107.86012148225257,111.04112401374724,110.29516483441667,113.62246581403805,0.0,0.0,0.0,0.0,-0.06460655555349248,1429.0,1458.0,1289.5875,1.1081062742931362,1.1305940853179794,0.0,0.3888888888888889,-11.314411020968748,232,328,70.25075656652574
176,Montana,BSky,18-16,107.13467373630081,205,107.83757972137201,148,0.48120771437932663,176,19.0,15.0,10.0,8.0,10-8,0.4277775738282662,0.4050666828999451,0.42763245883150286,0.4277775738282662,0.4050666828999451,0.42763245883150286,0.8729164072577573,0.8234232453724759,110.03480363015565,110.28072064930889,110.03480363015565,110.28072064930889,106.38985072586445,106.47006355539735,106.14873242949558,109.4227533864518,0.41354188244280965,2.0,-0.02945222978693418,1339.0,1324.0,1241.6500000000003,1.078403736962912,1.0663230378931259,0.0,0.5555555555555556,-10.093483735782833,212,248,69.57151393132689
177,Cal St. Northridge,BW,20-14,108.82080059059527,174,109.56436469848461,188,0.48043215778268733,177,20.0,14.0,12.0,8.0,12-8,0.4486521784629537,0.41838666486771653,0.45016013646057723,0.4486521784629537,0.41838666486771653,0.45016013646057723,0.8845449037354575,0.8724883993629264,107.23664401781721,108.3593119151844,107.23664401781721,108.3593119151844,107.94055312381317,107.42767381912722,0.0,0.0,0.0,0.0,0.055959153758284974,1639.0,1604.0,1530.1374999999996,1.0711455669833596,1.0482718056383824,0.0,0.6,-8.337303499038772,166,56,73.51123441800686
178,Fordham,A10,17-15,103.60616823067436,280,104.42559998632692,82,0.47736626051785724,178,17.0,15.0,8.0,10.0,8-10,0.42594188259735727,0.14863366938160671,0.6086475729820465,0.42594188259735727,0.14863366938160671,0.6086475729820465,0.8670660850874243,0.9792755599995414,108.05890323727255,109.62095607070876,108.05890323727255,109.62095607070876,104.62637995406983,104.04976969088601,101.92771708483757,110.16009800004437,0.2904468849507706,2.0,-0.03827408380538588,1192.0,1232.0,1167.3125,1.0211490067998072,1.0554157519944316,0.0,0.4444444444444444,-9.183372019461007,188,265,64.27701698764339
179,Howard,MEAC,24-11,106.4881853033497,223,107.34516765946702,139,0.47697183942857513,179,24.0,11.0,11.0,3.0,11-3,0.2501098543067523,0.3466035735424468,0.08855491567271637,0.2501098543067523,0.3466035735424468,0.08855491567271637,0.9018911374319748,0.8649533297508931,102.67457073169402,113.42540077178604,102.67457073169402,113.42540077178604,104.53906473617394,104.9566889290333,117.37179175794017,114.52354898983256,0.5701616087671468,2.0,-0.047276711120001425,1131.0,886.0,983.2875,1.1502231036192365,0.9010589476628148,0.0,0.7857142857142857,-6.777137423455057,134,291,69.0677260228615
180,Northern Kentucky,Horz,20-14,109.31617372242117,165,110.20231253688831,202,0.4768052848988973,180,20.0,14.0,10.0,10.0,10-10,0.38109693003181266,0.29267149494783734,0.40559381247122744,0.38109693003181266,0.29267149494783734,0.40559381247122744,0.9028267494877085,0.8925920010631242,110.37542675957982,113.7093185019317,110.37542675957982,113.7093185019317,108.40100081101563,109.33710923455544,100.65325030756803,115.60996538426765,0.16893159958182177,1.0,-0.008158705029304603,1625.0,1560.0,1436.1499999999999,1.131497406259792,1.0862375100094002,0.0,0.5,-9.344754874360133,194,196,70.06297904039181
181,Furman,SC,22-13,108.34275251707108,185,109.31140343090702,183,0.47443227569163887,181,22.0,13.0,10.0,8.0,10-8,0.343354847364917,0.3696762152916287,0.2883094115492712,0.343354847364917,0.3696762152916287,0.2883094115492712,0.9122916213768059,0.9058091261109312,108.1851307645793,113.862805702797,108.1851307645793,113.862805702797,104.66887731960405,107.46742812912072,126.39288840849815,110.1058930058703,0.8301168304885802,1.0,-0.008962283714540997,1335.0,1265.0,1199.7875000000001,1.1126970401008511,1.0543533750768364,0.0,0.5555555555555556,-8.492285755911178,173,198,65.96949893045431
182,Oakland,Horz,16-16,114.25169834072616,91,115.31685360214433,300,0.4733461716379155,182,16.0,16.0,12.0,8.0,12-8,0.49510674241814995,0.6655912249948641,0.4059321611373169,0.49510674241814995,0.6655912249948641,0.4059321611373169,0.8034950104320894,0.5908802386838006,111.76102079102984,109.36648278982379,111.76102079102984,109.36648278982379,113.62677654568763,115.28755959100104,115.45600446810056,108.27084780792535,0.676758872190748,5.0,0.01995052040378148,1662.0,1606.0,1407.6000000000001,1.1807331628303495,1.140949133276499,0.0,0.6,-8.150394474086239,161,121,70.06655204295427
183,Green Bay,Horz,18-15,113.40781610248689,99,114.4659247823181,289,0.47332561359650704,183,18.0,15.0,12.0,8.0,12-8,0.4341279903783341,0.4993705650424149,0.40593417204165627,0.4341279903783341,0.4993705650424149,0.40593417204165627,0.880291407614777,0.809248041681667,110.16018210426358,111.58891192466552,110.16018210426358,111.58891192466552,113.78342464836699,112.74424014142953,100.214033927119,128.70113583962768,0.05329605667711956,1.0,0.0069826405438475625,1526.0,1482.0,1308.0749999999998,1.1665997744777632,1.1329625594862682,0.0,0.6,-9.467791470720519,197,151,63.02275445676652
184,Texas A&M Corpus Chris,Slnd,18-15,104.40167105700388,264,105.56795878119455,102,0.468104354485162,184,18.0,15.0,13.0,9.0,13-9,0.41710578462512893,0.42269518110830673,0.4002307244984633,0.41710578462512893,0.42269518110830673,0.4002307244984633,0.8633587278504979,0.7770833614539127,108.43533193191143,109.07277182176625,108.43533193191143,109.07277182176625,104.67888700467711,105.02310338265615,85.35836147860721,90.7335568520551,0.33130429856372234,2.0,-0.006978207388703028,1538.0,1487.0,1457.7624999999998,1.0550415448332635,1.0200564220852164,0.0,0.5909090909090909,-8.891537189729734,180,190,65.98756554766904
185,Detroit Mercy,Horz,17-15,109.19924017569552,168,110.57000899227558,212,0.46419638993173146,185,17.0,15.0,12.0,8.0,12-8,0.4303678873407291,0.4729621794038255,0.40682722028989604,0.4303678873407291,0.4729621794038255,0.40682722028989604,0.8765333711408896,0.7862605422308339,109.98489085933993,111.55505768242087,109.98489085933993,111.55505768242087,110.03241075840575,111.667619609993,96.26727787827326,105.48573850654849,0.25890955051391584,1.0,-0.003173619668736416,1584.0,1568.0,1391.1375,1.1386365474297113,1.1271351681627444,0.0,0.6,-9.508415054326091,199,181,68.86748538210624
186,Louisiana Tech,CUSA,20-14,103.69907000188958,277,105.11922740077412,93,0.46097362681765275,186,20.0,14.0,11.0,9.0,11-9,0.41158468401872234,0.270447867390089,0.4751450457842342,0.41158468401872234,0.270447867390089,0.4751450457842342,0.9014793223825317,0.9255415705564972,108.44955461354478,110.67496930555835,108.44955461354478,110.67496930555835,103.0785699178964,106.03709147687,0.0,0.0,0.0,0.0,0.033493783754804496,1380.0,1394.0,1323.5000000000002,1.0426898375519453,1.0532678503966753,0.0,0.55,-9.081466074848779,186,93,64.00774658629085
187,South Alabama,SB,21-12,107.81233605056272,194,109.33156411847055,184,0.4598565675155134,187,21.0,12.0,11.0,7.0,11-7,0.3663384176813767,0.3257360301273927,0.36623383996963255,0.3663384176813767,0.3257360301273927,0.36623383996963255,0.9087905575996015,0.9229967527935786,106.61403402755317,111.74800091814645,106.61403402755317,111.74800091814645,105.24000575112008,108.1871700877758,113.20558113555293,101.0136702561515,0.7875835168968389,1.0,0.04178672758685198,1323.0,1272.0,1213.225,1.0904819798471017,1.0484452595355356,0.0,0.6111111111111112,-7.345641804336786,148,81,64.64578523488674
188,UMBC,AE,24-9,108.59104267321896,177,110.17032605748494,199,0.45858395686393394,188,24.0,9.0,14.0,2.0,14-2,0.23440834652216264,0.3316602735707774,0.15440425006194397,0.23440834652216264,0.3316602735707774,0.15440425006194397,0.9295942594836014,0.861312706928113,101.6793382529083,114.42250912759452,101.6793382529083,114.42250912759452,107.60598305169816,107.27928160851442,105.23262524167363,116.79924904169354,0.23160732542511778,1.0,-0.012490951447831966,1213.0,1015.0,1051.8125000000002,1.153247370610256,0.965000891318557,0.0,0.875,-4.967325173695463,101,211,66.1211784163997
189,Youngstown St.,Horz,15-17,106.58009275473736,217,108.15407991349059,155,0.4579516769058814,189,15.0,17.0,8.0,12.0,8-12,0.39095121431796664,0.34066320890708296,0.4074381834800029,0.39095121431796664,0.34066320890708296,0.4074381834800029,0.8989445591037349,0.8822624251077316,109.7411959007479,112.91442053550489,109.7411959007479,112.91442053550489,107.17633169497563,109.86536622193027,138.61797311295928,110.09184568514424,0.9339911369714409,1.0,-0.10024513194419671,1531.0,1515.0,1372.5375000000001,1.1154522189739806,1.103794978279282,0.0,0.4,-12.330186045925629,250,356,67.31669009812167
190,Appalachian St.,SB,19-13,105.67821313364168,238,107.44693442360156,140,0.4524241373523474,190,19.0,13.0,11.0,7.0,11-7,0.35620274253392664,0.35829892649711237,0.3525486574247821,0.35620274253392664,0.35829892649711237,0.3525486574247821,0.9119825030659321,0.8857302973107201,107.18575892329608,112.26991608561644,107.18575892329608,112.26991608561644,105.99034133371796,104.9949998651431,103.11849692769754,99.63334848682483,0.5975798621193172,1.0,-0.002583121856392867,1269.0,1164.0,1150.375,1.1031185482994676,1.0118439639248071,0.0,0.6111111111111112,-8.983204554349962,182,178,63.05358915081548
191,New Mexico St.,CUSA,16-16,108.41233317582846,180,110.2478010311712,203,0.45188183278081706,191,16.0,16.0,8.0,12.0,8-12,0.4369139366044961,0.35256100921510347,0.46876942091180807,0.4369139366044961,0.35256100921510347,0.46876942091180807,0.8977765113027176,0.9082494564351699,108.63729894378307,109.31365923896463,108.63729894378307,109.31365923896463,109.70119403280657,112.38597623160362,0.0,0.0,0.0,0.0,-0.025013914506072155,1508.0,1528.0,1368.675,1.101795532175279,1.1164082050158,0.0,0.4,-11.169478448743812,229,236,66.66251668387872
192,East Tennessee St.,SC,23-11,108.26003757377566,187,110.12319827984388,198,0.451098868087488,192,23.0,11.0,13.0,5.0,13-5,0.3209317087134329,0.36146640629767535,0.2908458730199618,0.3209317087134329,0.36146640629767535,0.2908458730199618,0.9208744293069969,0.8813165465762667,106.90014287391782,114.46354223302232,106.90014287391782,114.46354223302232,107.99525670851017,108.3270601770587,109.36753336139208,110.25974293008545,0.47665816252373844,1.0,0.032648158809422956,1404.0,1259.0,1206.025,1.1641549719118591,1.0439252917642667,0.0,0.7222222222222222,-7.1987711647904575,143,95,66.09757086559817
193,Charleston,CAA,21-11,107.1530787075424,204,109.03192740727029,174,0.45019164131008177,193,21.0,11.0,14.0,4.0,14-4,0.4278205233936105,0.4385127974241544,0.4169466177168589,0.4278205233936105,0.4385127974241544,0.4169466177168589,0.8923994667175612,0.872742827787759,108.43465812255353,111.23042812354916,108.43465812255353,111.23042812354916,107.4177500936903,105.91900948506716,122.09754029802482,108.72421365942088,0.791512347978035,1.0,0.12173444689685942,1377.0,1299.0,1251.2250000000001,1.100521488940838,1.0381825810705507,0.0,0.7777777777777778,-6.04286838605063,127,4,67.7935031909695
194,UT Arlington,WAC,18-14,101.18014566083009,311,102.95935760312662,67,0.45005080663413255,194,18.0,14.0,9.0,9.0,9-9,0.4629537717582754,0.45926644351131124,0.46228039522157643,0.4629537717582754,0.45926644351131124,0.46228039522157643,0.869017340107132,0.8444753920367978,108.38584267939486,108.49409881201662,108.38584267939486,108.49409881201662,102.25727982096541,104.77671870237572,85.2916851941001,93.87356704989286,0.24926679643067384,1.0,0.07327924334318592,1234.0,1233.0,1210.3125,1.0195713916860314,1.0187451587916343,0.0,0.5,-8.071331394742755,158,35,64.87585169543347
195,Campbell,CAA,16-18,110.45816228337495,143,112.4880543539928,246,0.44783616099182016,195,16.0,18.0,8.0,10.0,8-10,0.4705260466942372,0.5210526933360083,0.43144827504146316,0.4705260466942372,0.5210526933360083,0.43144827504146316,0.8412002817212679,0.75001039582951,109.10374301887414,108.52809728070626,109.10374301887414,108.52809728070626,111.99701498478171,112.43109672203974,105.8170099808363,105.92081947857761,0.49718095563509895,3.0,-0.01603679147495629,1395.0,1375.0,1238.9624999999999,1.125942068464542,1.109799529848563,0.0,0.4444444444444444,-10.802820652150404,226,218,69.90720544939614
196,Utah Tech,WAC,19-15,111.17591806722146,127,113.33454648502365,266,0.44493728990094394,196,19.0,15.0,11.0,7.0,11-7,0.4459733560312122,0.4184735637566583,0.46300818052883763,0.4459733560312122,0.4184735637566583,0.46300818052883763,0.8498053735184421,0.7978477881878456,106.86656059221004,106.8478851040532,106.86656059221004,106.8478851040532,112.34982847245072,112.72911111364189,111.94599981896789,105.77464434825836,0.6574872361372183,2.0,0.049015125672990933,1362.0,1353.0,1242.425,1.0962432339980281,1.0889993359760146,0.0,0.6111111111111112,-8.20809093425973,164,69,66.49978190760463
197,Queens,ASun,21-14,115.29915322210806,76,117.58791670987998,323,0.44372783812005,197,21.0,14.0,13.0,5.0,13-5,0.40307898437281375,0.5245408071814196,0.27937945565702893,0.40307898437281375,0.5245408071814196,0.27937945565702893,0.842123321963764,0.7204230412038133,109.82705963500075,113.11052418257572,109.82705963500075,113.11052418257572,114.32731540800324,115.98398984744492,111.7279102783261,122.29320000780258,0.26132729323950354,5.0,0.04817649114797662,1554.0,1424.0,1264.5625,1.228883507141798,1.1260811545494984,0.0,0.7222222222222222,-6.800269648154133,135,72,69.55687154919374
198,New Orleans,Slnd,15-18,108.85149887096821,171,111.13624892462362,220,0.4405618517069944,198,15.0,18.0,12.0,10.0,12-10,0.4877588426342347,0.7277736850081796,0.4026808347207465,0.4877588426342347,0.7277736850081796,0.4026808347207465,0.8230684373928513,0.6115740406746353,108.30627162671476,107.93932933748435,108.30627162671476,107.93932933748435,110.34294379117263,112.71917086480644,105.51513381511083,100.00380593591355,0.6495201592560778,3.0,0.001215342763471794,1694.0,1676.0,1536.1375000000003,1.1027658656858514,1.0910481646336996,0.0,0.5454545454545454,-10.34759937423716,217,166,69.83795797237764
199,Missouri St.,CUSA,16-18,109.56932636298812,159,111.91556103253436,233,0.4393863694721095,199,16.0,18.0,8.0,12.0,8-12,0.4363659422344703,0.3468179675866266,0.4725920346935263,0.4363659422344703,0.3468179675866266,0.4725920346935263,0.8917608629873812,0.8974017810330099,108.50477765058709,109.29046231912396,108.50477765058709,109.29046231912396,110.59154541899375,110.47172574756777,116.24783870904241,129.52498662714328,0.22378954584512048,1.0,-0.049525886751887405,1514.0,1499.0,1366.4250000000002,1.1080008050203998,1.0970232541120075,0.0,0.4,-12.664615775270569,258,296,65.32892797370351
200,Columbia,Ivy,16-12,108.23294397755895,188,110.62622418022673,214,0.4374492072724756,200,16.0,12.0,5.0,9.0,5-9,0.39326336685966246,0.339914177533173,0.446612556186152,0.39326336685966246,0.339914177533173,0.446612556186152,0.8847378256838988,0.8750300694251371,108.23487510088997,111.07071350775473,108.23487510088997,111.07071350775473,106.5982446488235,114.52352400370282,110.1383023055284,115.79065077524663,0.3599594849224402,1.0,0.01567013761233582,1008.0,1067.0,936.4625000000001,1.0763912062682701,1.1393942629843692,0.0,0.35714285714285715,-7.6051420474596245,151,130,66.89028686613462
201,Tulane,Amer,18-15,107.84610188712719,193,110.39769692104512,205,0.4331731103786395,201,18.0,15.0,8.0,10.0,8-10,0.5033029773828359,0.40418427859734035,0.5712636005215653,0.5033029773828359,0.40418427859734035,0.5712636005215653,0.8686170101072657,0.9047141663068184,108.59125588514814,107.60619589414428,108.59125588514814,107.60619589414428,106.56926449736848,108.3167722099609,110.50237968751141,113.7676814672605,0.4170497193859863,2.0,0.08840292114691645,1294.0,1372.0,1246.675,1.0379609761966833,1.100527402891692,0.0,0.4444444444444444,-8.82859316977724,178,18,66.91725033356374
202,Marist,MAAC,19-12,100.09145599501592,328,102.50771767493278,59,0.4318472760417259,202,19.0,12.0,12.0,8.0,12-8,0.3130408420751117,0.3109623793768841,0.29969887590505756,0.3130408420751117,0.3109623793768841,0.29969887590505756,0.9357185937667073,0.922880757090391,104.16660587393024,112.3534184462355,104.16660587393024,112.3534184462355,98.70113085004277,101.90113410308516,0.0,0.0,0.0,0.0,-0.019814922659312395,1360.0,1275.0,1324.9,1.0264925654766397,0.9623367801343496,0.0,0.6,-9.009672392097743,183,227,66.29420207811484
203,Drexel,CAA,17-16,103.00976675653308,285,105.51627337456975,101,0.4313179619719257,203,17.0,16.0,10.0,8.0,10-8,0.3925722378895341,0.3370281689715648,0.4355233441823612,0.3925722378895341,0.3370281689715648,0.4355233441823612,0.9092347187161867,0.922283593145506,106.34984401059349,110.68804245806044,106.34984401059349,110.68804245806044,101.46277792488813,101.79716435793583,0.0,0.0,0.0,0.0,-0.03826792783861632,1174.0,1169.0,1150.8,1.0201598887730274,1.0158150851581509,0.0,0.5555555555555556,-11.594910709626394,239,264,64.26052080403134
204,Jacksonville St.,CUSA,15-17,105.55106192454548,240,108.27080256063624,157,0.4273753253368733,204,15.0,17.0,10.0,10.0,10-10,0.405187188038983,0.26829174944238654,0.47814494703210525,0.405187188038983,0.26829174944238654,0.47814494703210525,0.9081520331287708,0.9420033615118694,108.0987872914481,110.45321249680194,108.0987872914481,110.45321249680194,107.862981465495,107.08745231361743,0.0,0.0,0.0,0.0,-0.06870534617266677,1441.0,1424.0,1333.6750000000002,1.080473128760755,1.0677263951112526,0.0,0.5,-12.63527246195568,257,335,65.15734103295034
205,Portland,WCC,15-19,106.0769012164094,231,108.86463678579753,170,0.425968049207673,205,15.0,19.0,6.0,12.0,6-12,0.5415001246364857,0.43520970407780096,0.6273937827137228,0.5415001246364857,0.43520970407780096,0.6273937827137228,0.8172370579242272,0.8737053002023681,111.15692646905975,107.30971288945116,111.15692646905975,107.30971288945116,107.38426670535641,109.19491757460037,115.93059195035205,107.97231032992187,0.6937784621981452,5.0,0.02725887204636679,1252.0,1386.0,1222.8875,1.023806359947256,1.1333830789831443,0.0,0.3333333333333333,-10.66026439706264,221,106,68.57670059477978
206,Cal St. Fullerton,BW,18-16,107.57211911340713,199,110.47166652688864,208,0.42412261813156327,206,18.0,16.0,12.0,8.0,12-8,0.4806870593973957,0.5107282271193877,0.4556707762717448,0.4806870593973957,0.5107282271193877,0.4556707762717448,0.8653727637066663,0.816634922079031,108.85454356626298,108.44216000502698,108.85454356626298,108.44216000502698,107.90919618384756,110.21542825521722,90.7830168668776,122.80437812776609,0.03004990735374569,1.0,0.07538722378388696,1599.0,1573.0,1480.1624999999997,1.0802867928352464,1.0627211539273562,0.0,0.6,-9.503080016376336,198,29,72.92222772125896
207,Mercer,SC,19-13,111.07261091503074,131,114.07909362808886,282,0.42381285727371454,207,19.0,13.0,11.0,7.0,11-7,0.3461003946607535,0.4146319902871377,0.2938139964300612,0.3461003946607535,0.4146319902871377,0.2938139964300612,0.8909440036974338,0.8131666204742758,108.27214754986215,113.50518943935896,108.27214754986215,113.50518943935896,112.18795653844262,115.30161385515675,102.85443579957138,99.07367456460352,0.6060375399910044,3.0,3.130362153580535e-05,1485.0,1384.0,1235.3000000000002,1.2021371326803203,1.1203756172589652,0.0,0.6111111111111112,-8.34095872624486,169,171,69.00057069203991
208,James Madison,SB,18-15,109.46799980079876,161,112.62424615546117,252,0.41899881978759634,208,18.0,15.0,9.0,9.0,9-9,0.3845337522632885,0.40337456116648635,0.3780254854500682,0.3845337522632885,0.40337456116648635,0.3780254854500682,0.8968413456190709,0.8535140898696892,106.69487126117843,111.22184352375209,106.69487126117843,111.22184352375209,106.8863905293423,110.77772870045142,117.2821061690442,121.32759928433997,0.4037198496083869,1.0,-0.0006666821616305718,1320.0,1289.0,1205.1750000000002,1.0952766195780694,1.0695542141182814,0.0,0.5,-10.235145836265666,215,173,66.02857833060762
209,Weber St.,BSky,16-16,111.0524507373909,133,114.38210403967727,288,0.41587429517769636,209,16.0,16.0,10.0,8.0,10-8,0.4230922474692434,0.4001482095594776,0.4347374900149164,0.4230922474692434,0.4001482095594776,0.4347374900149164,0.8831047833730208,0.8539334961336474,108.10497647516986,110.53491412653861,108.10497647516986,110.53491412653861,111.65212195130682,114.81650057634604,112.2129851594985,100.79783901671524,0.7744726167349121,1.0,-0.013633473428812382,1433.0,1428.0,1259.4125000000001,1.1378321241054856,1.1338620189969528,0.0,0.5555555555555556,-10.727358269201686,223,213,68.60915735977244
210,Indiana St.,MVC,11-21,105.83044896064109,235,109.01103535282571,172,0.4156820267460899,210,11.0,21.0,4.0,16.0,4-16,0.4792972180899981,0.32812196070804533,0.5615469677264876,0.4792972180899981,0.32812196070804533,0.5615469677264876,0.8532626382745618,0.8678804630206155,108.497248920527,107.6815594351821,108.497248920527,107.6815594351821,107.19413541889239,110.57393325862408,104.15876510836716,104.81331596761542,0.48199734252855353,1.0,-0.11200142982722527,1463.0,1561.0,1401.5500000000002,1.0438443152224322,1.1137669009311117,0.0,0.2,-14.595310200091657,293,361,68.3050498911133
211,Rice,Amer,13-18,109.23073643934679,167,112.68844468424402,253,0.4113492365024069,211,13.0,18.0,7.0,11.0,7-11,0.4727012840144724,0.3985888778541764,0.5262269106857973,0.4727012840144724,0.3985888778541764,0.5262269106857973,0.8585253465211882,0.8679950122848891,109.04930981445841,108.53223223915012,109.04930981445841,108.53223223915012,110.5914548899128,113.41006440945542,101.4726924641602,118.95346604746176,0.13849573165979814,2.0,-0.045954178467310036,1301.0,1372.0,1196.1124999999997,1.0876903301319902,1.147049295112291,0.0,0.3888888888888889,-11.985259215660104,245,288,65.66015085435805
212,San Jose St.,MWC,9-24,113.38069572476917,100,117.00830875276733,312,0.41043226060204385,212,9.0,24.0,3.0,17.0,3-17,0.6296287971489845,0.49899426655337265,0.681982636346412,0.6296287971489845,0.49899426655337265,0.681982636346412,0.7640315201996942,0.8222507858942983,112.8446743977831,105.8953445951915,112.8446743977831,105.8953445951915,111.93804175289685,118.3415646835392,111.39553242110179,113.77973657743004,0.4394146400256177,5.0,-0.0508146335211499,1382.0,1612.0,1305.4875,1.0586083742663182,1.2347877708518848,0.0,0.15,-13.693077430468245,281,302,65.05833398467105
213,La Salle,A10,9-23,106.39930562285055,227,109.86082384177035,192,0.4089819161650041,213,9.0,23.0,5.0,13.0,5-13,0.5902808455728723,0.5318524314903411,0.635769937559305,0.5902808455728723,0.5318524314903411,0.635769937559305,0.8012931138625581,0.7973304284322382,111.05383869169823,105.9100444334688,111.05383869169823,105.9100444334688,107.34292636096394,108.59439795322174,95.38290386216468,104.66665224589555,0.25575814169585737,3.0,-0.059090855394470676,1206.0,1341.0,1191.5625,1.0121164437450827,1.1254130605822188,0.0,0.2777777777777778,-14.428345491934074,288,317,65.84201943160606
214,Quinnipiac,MAAC,19-13,104.37945082462988,265,107.81750184478405,146,0.4078929908532835,214,19.0,13.0,12.0,8.0,12-8,0.35275180911336856,0.4606873043122166,0.28943251340130804,0.35275180911336856,0.4606873043122166,0.28943251340130804,0.8926065511839777,0.7972723947902587,104.59759506393996,110.7341737033434,104.59759506393996,110.7341737033434,102.85505207949878,107.38504433702212,117.34153322167992,114.06896527614026,0.5806114066972766,2.0,0.017357703014969972,1473.0,1397.0,1382.3999999999999,1.0655381944444446,1.0105613425925928,0.0,0.6,-8.34048809526317,168,127,70.16232749631082
215,Marshall,SB,19-13,112.17776988802387,116,116.04440980422628,305,0.4037863092234839,215,19.0,13.0,11.0,7.0,11-7,0.4026790310652635,0.44701911121060584,0.3728946933799975,0.4026790310652635,0.44701911121060584,0.3728946933799975,0.8976500567947613,0.8592059151364084,107.77580355950235,111.21066276503214,107.77580355950235,111.21066276503214,113.83170680948732,116.93445467819654,114.14244381688341,122.87893601237083,0.2998204507964155,1.0,0.07329656963193254,1468.0,1422.0,1259.1374999999998,1.1658774359432549,1.1293444917651965,0.0,0.6111111111111112,-8.374282716673749,170,34,69.4789589265353
216,Tennessee St.,OVC,23-10,108.19400947678477,189,112.15813476731694,240,0.3979980390151315,216,23.0,10.0,15.0,5.0,15-5,0.29328431920635867,0.3988778132150735,0.20950872079589428,0.29328431920635867,0.3988778132150735,0.20950872079589428,0.8999177173665082,0.8202893197886914,103.65870842341842,111.41992723725642,103.65870842341842,111.41992723725642,109.16088036471754,115.6365018051957,99.43821598001843,112.13242379069962,0.20074313041813985,2.0,0.07105959505058901,1621.0,1474.0,1411.7375000000002,1.1482304606911695,1.0441034540769796,0.0,0.75,-5.523036059003822,112,38,70.45371102671477
217,Drake,MVC,14-20,109.56737170510019,160,113.60254276319314,269,0.39749538010486785,217,14.0,20.0,6.0,14.0,6-14,0.49980381314845806,0.34182066845835657,0.5633296983319428,0.49980381314845806,0.34182066845835657,0.5633296983319428,0.8676021378934456,0.9270134480697378,108.68091165257417,107.9064021719787,108.68091165257417,107.9064021719787,107.34699748299977,114.0520926270239,0.0,0.0,0.0,0.0,-0.01825790122913823,1444.0,1577.0,1378.1625,1.047771942713577,1.1442772532266696,0.0,0.3,-13.53408420757036,277,224,67.14951886569585
218,Western Carolina,SC,15-16,109.64016938723532,158,113.72554415976128,271,0.3963448196571519,218,15.0,16.0,10.0,8.0,10-8,0.3797448698317888,0.504971389555977,0.2968052196825188,0.3797448698317888,0.504971389555977,0.2968052196825188,0.8629408021896027,0.7200053259728594,108.86195851681249,112.63084487705565,108.86195851681249,112.63084487705565,112.10052451707332,115.13297566487273,100.73064484916496,114.56360093821202,0.1854544979420678,4.0,-0.05777094220329526,1438.0,1360.0,1209.3875,1.1890316379158872,1.1245361805045941,0.0,0.5555555555555556,-10.525341726681187,219,315,67.95744280193479
219,Southern Miss,SB,19-16,105.17199345753913,250,109.15512945206324,178,0.39472588297718114,219,19.0,16.0,9.0,9.0,9-9,0.3963009232751614,0.4206508894407852,0.36889802138888705,0.3963009232751614,0.4206508894407852,0.36889802138888705,0.89498593129988,0.8450235537127451,107.1740494132429,110.48244889365122,107.1740494132429,110.48244889365122,100.42765246622095,107.52138587730903,102.87258912428702,99.93010247463887,0.5826673853114419,1.0,0.029135241624979713,1318.0,1326.0,1275.8249999999998,1.0330570415221525,1.0393274939744872,0.0,0.5,-10.796300758155477,225,100,69.16542394726314
220,Buffalo,MAC,17-15,111.4433096829771,125,115.80232649057888,304,0.39144572912641357,220,17.0,15.0,7.0,11.0,7-11,0.39893526231753973,0.30990190888546354,0.4429331995055113,0.39893526231753973,0.30990190888546354,0.4429331995055113,0.8972184239595801,0.9290759271654915,107.42288427312764,110.87001820777611,107.42288427312764,110.87001820777611,112.68607558918649,116.4359881077194,0.0,0.0,0.0,0.0,0.012863602999497514,1414.0,1436.0,1242.3999999999999,1.138119768190599,1.1558274307791372,0.0,0.3888888888888889,-10.260497688275526,216,137,66.56280705013799
221,Cal Poly,BW,14-19,109.44995820870867,162,113.75738042083144,275,0.39081071157757497,221,14.0,19.0,10.0,10.0,10-10,0.4787973905537683,0.5016706933081181,0.4589360630379543,0.4787973905537683,0.5016706933081181,0.4589360630379543,0.8595588633063896,0.8050670503517513,107.965842885597,107.49134050036297,107.965842885597,107.49134050036297,110.13276366423354,115.72405000531026,125.96955834966965,115.19182055088885,0.7366400484817228,1.0,-0.006519607392924565,1661.0,1689.0,1509.1125000000002,1.1006469033952073,1.1192008548070471,0.0,0.5,-12.52484500053082,255,187,74.14504659547485
222,San Diego,WCC,12-21,108.47171644979099,179,113.01201677923413,261,0.3842485001072245,222,12.0,21.0,5.0,13.0,5-13,0.5151257258058717,0.38914007948287466,0.5977676249850711,0.5151257258058717,0.38914007948287466,0.5977676249850711,0.8332444054887078,0.8905403606290003,109.59951546491565,107.11770720551485,109.59951546491565,107.11770720551485,109.02852407714708,111.7845360174352,104.46802021775002,112.00080767577579,0.3098782668252157,5.0,-0.042086518887250624,1341.0,1459.0,1270.9875000000002,1.0550851208214085,1.1479263171352982,0.0,0.2777777777777778,-13.52637818578372,276,277,68.20489560500005
223,Bethune Cookman,SWAC,17-15,104.46740897056821,261,109.02862894846865,173,0.3795505028860274,223,17.0,15.0,14.0,4.0,14-4,0.3816576692479686,0.6319265795272577,0.20756064256130494,0.3816576692479686,0.6319265795272577,0.20756064256130494,0.8324730796933826,0.6357241524016373,106.62606607566934,110.45600319471765,106.62606607566934,110.45600319471765,104.26826209295606,106.68209282326245,100.23498690637545,113.68209339407167,0.1903528778135308,6.0,-0.0027881244717145037,1420.0,1278.0,1302.975,1.089813695581266,0.9808323260231394,0.0,0.7777777777777778,-8.338659231960635,167,179,69.08072362822159
224,South Dakota St.,Sum,14-18,107.65669809559994,197,112.5028786439569,248,0.37604704610612316,224,14.0,18.0,7.0,9.0,7-9,0.39672820569919626,0.43676082038757913,0.3442121557043972,0.39672820569919626,0.43676082038757913,0.3442121557043972,0.878796163550362,0.8325949875030597,107.83195828632907,110.41275995923989,107.83195828632907,110.41275995923989,107.67266905969194,114.06893856737977,111.72036192225895,106.21556115077257,0.6413149771562732,1.0,-0.07342845071788673,1225.0,1186.0,1078.8625000000002,1.135455166900323,1.0993059819949251,0.0,0.4375,-12.74926902150231,260,342,67.06530368658593
225,Ohio,MAC,15-17,108.52835566569377,178,113.54253677551142,268,0.37299028179773486,225,15.0,17.0,9.0,9.0,9-9,0.44030333207856026,0.4416638875314322,0.4364860453068493,0.44030333207856026,0.4416638875314322,0.4364860453068493,0.8736274369697208,0.8395954457324094,108.75764431728265,109.82894931975225,108.75764431728265,109.82894931975225,107.60686864681065,112.43359935607886,111.27879593116923,117.12261231394862,0.35695609497251424,2.0,0.0014511946203436543,1401.0,1424.0,1276.375,1.097639800215454,1.1156595828028597,0.0,0.5,-11.461303283886782,235,165,68.96901235956581
226,Tarleton St.,WAC,14-18,103.53882698094019,282,108.41372655888058,160,0.37072861575254884,226,14.0,18.0,5.0,13.0,5-13,0.434283445897357,0.3879325058237905,0.47514241192145434,0.434283445897357,0.3879325058237905,0.47514241192145434,0.8596002145213999,0.8212323140040156,107.36563349756031,107.29130465467486,107.36563349756031,107.29130465467486,102.40432731897707,108.45525689132656,108.76285717033291,109.34720710522294,0.48459971398174506,3.0,-0.04025830480516657,1259.0,1344.0,1261.175,0.9982754177651794,1.0656728844133447,0.0,0.2777777777777778,-11.912842778854108,244,273,69.58568942337764
227,Stony Brook,CAA,17-15,105.37770149032049,244,110.4585051037806,207,0.3678335745407437,227,17.0,15.0,9.0,9.0,9-9,0.39922045835921904,0.3545462739163697,0.428784274752005,0.39922045835921904,0.3545462739163697,0.428784274752005,0.9038670807300235,0.9060196649559403,106.4838409913077,109.879108058683,106.4838409913077,109.879108058683,105.22623887736911,109.59830699186568,0.0,0.0,0.0,0.0,0.03498391107645471,1277.0,1302.0,1203.9499999999998,1.060675277212509,1.0814402591469747,0.0,0.5,-10.492032405618342,218,90,66.2327007372889
228,Texas St.,SB,19-13,104.80846668104904,254,110.03605176774879,196,0.3636064116577382,228,19.0,13.0,11.0,7.0,11-7,0.3402777163190205,0.27729269992640837,0.3827419966771241,0.3402777163190205,0.27729269992640837,0.3827419966771241,0.9298656858204747,0.9410707702862098,105.56709738898063,111.83628844914782,105.56709738898063,111.83628844914782,104.58341891896394,110.78957888103159,0.0,0.0,0.0,0.0,0.04089999577364478,1316.0,1326.0,1226.1749999999997,1.0732562643994539,1.0814117071380516,0.0,0.6111111111111112,-9.614019842505114,202,83,66.22004202887291
229,Georgia Southern,SB,21-16,110.5147921954777,142,116.08069120854536,306,0.3623760675097215,229,21.0,16.0,8.0,10.0,8-10,0.35534099210134823,0.30896995723932624,0.3617825527224053,0.35534099210134823,0.30896995723932624,0.3617825527224053,0.9240425092968945,0.9156693848290541,105.98855456939161,111.3380042994831,105.98855456939161,111.3380042994831,107.65201873970902,116.01994395985513,94.85370236860386,104.04810265729684,0.2565548965754065,1.0,0.04212765527919815,1419.0,1453.0,1290.3500000000001,1.0997016313403338,1.1260510714147323,0.0,0.4444444444444444,-11.832180563377335,242,79,70.17416673424607
230,Samford,SC,18-14,108.11326741791146,190,113.7589275326805,276,0.3576969716303575,230,18.0,14.0,11.0,7.0,11-7,0.35396918575062836,0.4180145404046372,0.301021813502584,0.35396918575062836,0.4180145404046372,0.301021813502584,0.8993546417265706,0.8386012879990108,108.03867653998468,113.76789797112798,108.03867653998468,113.76789797112798,108.96043359604535,113.48340026107378,102.77657579804576,97.45166900555162,0.6483536896731994,2.0,0.027824271808715606,1440.0,1337.0,1226.2875000000001,1.1742760160239747,1.0902826621000377,0.0,0.6111111111111112,-9.568025573090942,201,104,67.39398797027516
231,Coastal Carolina,SB,19-13,101.93192932872836,298,107.54614258124712,143,0.35056201769421574,231,19.0,13.0,11.0,7.0,11-7,0.37951940193296174,0.4109611478536657,0.3577638817914735,0.37951940193296174,0.4109611478536657,0.3577638817914735,0.907782538508314,0.8709356573659129,106.91448798878223,111.7429946384034,106.91448798878223,111.7429946384034,102.68267911277024,107.24347390956613,97.95852532705231,120.73003022331302,0.0828950720797898,1.0,0.1060741233913991,1286.0,1287.0,1223.7,1.0509111710386532,1.0517283647952929,0.0,0.6111111111111112,-8.72008954362304,176,8,67.14935556149561
232,Lipscomb,ASun,19-13,105.18576533799589,249,111.09650460798903,219,0.347800962393253,232,19.0,13.0,12.0,6.0,12-6,0.36532643722497193,0.4631645694010035,0.29574511095338385,0.36532643722497193,0.4631645694010035,0.29574511095338385,0.8693715817986986,0.7588924504061146,109.516760908954,113.56071201952601,109.516760908954,113.56071201952601,106.26809137182119,112.4119805784411,103.62753825516765,108.2040768135886,0.3782498732711986,3.0,0.07950727986297301,1434.0,1362.0,1247.2,1.1497754971135343,1.09204618345093,0.0,0.6666666666666666,-7.663799421960569,153,20,69.53117751292417
233,Florida Gulf Coast,ASun,16-18,105.71208707725499,237,111.7341325844762,230,0.34589459184106885,233,16.0,18.0,8.0,10.0,8-10,0.35876390160839383,0.4365298415027272,0.3054639953792695,0.35876390160839383,0.4365298415027272,0.3054639953792695,0.8947900432120688,0.8198817024559356,108.48111890604775,113.32481927605868,108.48111890604775,113.32481927605868,103.78182132574595,113.32293479397462,109.39816622128592,112.88901499884209,0.4106625854068283,3.0,-0.05716129548757598,1341.0,1368.0,1229.7749999999999,1.0904433737878882,1.1123986095017382,0.0,0.4444444444444444,-13.208382852455474,269,314,67.69047452317474
234,Saint Peter's,MAAC,17-12,103.73742145035257,276,109.75488186189942,190,0.34333978403154736,234,17.0,12.0,14.0,6.0,14-6,0.3424870359491188,0.4185679833643159,0.31302694942702364,0.3424870359491188,0.4185679833643159,0.31302694942702364,0.9038777563676506,0.8135500002822302,104.4697144440328,111.33930737854436,104.4697144440328,111.33930737854436,105.21786653206527,106.67819676882218,98.53979290909712,112.82749661753324,0.17406380332389654,2.0,0.048710559751022564,1412.0,1312.0,1308.875,1.0787890363862096,1.002387546557158,0.0,0.7,-8.111356088259445,159,70,65.5323735764244
235,Old Dominion,SB,12-21,106.54463950412799,219,112.75237084370687,255,0.34270914310015,235,12.0,21.0,7.0,11.0,7-11,0.42145614100669065,0.5238143697576733,0.3685747255967635,0.42145614100669065,0.5238143697576733,0.3685747255967635,0.8757093093750963,0.7936866023693245,108.21056904458248,111.38915775547727,108.21056904458248,111.38915775547727,106.09623798891276,111.5696049341526,125.74245460877911,118.93584389094401,0.6547519252655596,1.0,-0.08265165192579937,1393.0,1398.0,1287.0749999999998,1.0822990113241266,1.0861837888234953,0.0,0.3888888888888889,-15.242694509666173,307,347,68.96638441973333
236,Iona,MAAC,18-14,104.71053180554051,256,110.81575551121395,217,0.3426073421084568,236,18.0,14.0,10.0,10.0,10-10,0.33840341412608654,0.442803183622857,0.28570382029295655,0.33840341412608654,0.442803183622857,0.28570382029295655,0.9135670302482668,0.851071748925575,104.44265085005053,111.92532164598873,104.44265085005053,111.92532164598873,101.10054206037204,109.87615374152844,106.2943742878711,100.95731316032558,0.6439196669762147,1.0,0.025824720778668264,1386.0,1387.0,1345.1749999999997,1.0303492110691919,1.031092608768376,0.0,0.5,-10.159538521681258,213,108,69.21317786220183
237,LIU,NEC,24-11,104.06631470899902,269,110.18089946323116,201,0.3415049096821813,237,24.0,11.0,15.0,3.0,15-3,0.32560428931793756,0.5260505804410133,0.17309084937656627,0.32560428931793756,0.5260505804410133,0.17309084937656627,0.8827515532052096,0.7878706374930419,105.04879296082993,112.27913828917744,105.04879296082993,112.27913828917744,101.61233283082538,108.21741544461003,101.85419184210852,105.64638194275247,0.39642467745227733,3.0,0.13151225704281744,1301.0,1161.0,1192.2375,1.091225531825664,0.9737992639889285,0.0,0.8333333333333334,-5.659533913936721,115,3,67.88397960298826
238,Denver,Sum,15-17,115.10929031905259,78,122.09723209536742,356,0.33676134878364705,238,15.0,17.0,8.0,8.0,8-8,0.41593585504058084,0.4965350859074569,0.3490411324112397,0.41593585504058084,0.4965350859074569,0.3490411324112397,0.8561881671502707,0.7776276501604478,108.93091176147604,110.4969784309328,108.93091176147604,110.4969784309328,116.1919915887367,121.14528154784038,112.2502924260514,109.50814804742714,0.5706295109463112,3.0,0.0029346430286671388,1321.0,1288.0,1101.05,1.1997638617683122,1.1697924708233052,0.0,0.5,-10.88257497511392,227,160,68.0809932596265
239,Eastern Michigan,MAC,10-21,101.78421762871645,300,108.0395828328944,152,0.33494798597766756,239,10.0,21.0,4.0,14.0,4-14,0.47029632322726966,0.49120604187882994,0.45519485975669827,0.47029632322726966,0.49120604187882994,0.45519485975669827,0.8460762181281792,0.7887574154132497,109.56009324613095,109.91090108311383,109.56009324613095,109.91090108311383,101.89815537940297,109.16104575356549,104.96540330688207,90.2290401072645,0.8506507310411687,2.0,-0.07671710019801836,1276.0,1364.0,1243.075,1.0264867365203225,1.0972789252458621,0.0,0.2222222222222222,-14.547099699444143,292,344,66.55608067170223
240,Radford,BSth,16-16,106.65548314686279,215,113.25233255278465,265,0.33399596836291057,240,16.0,16.0,9.0,7.0,9-7,0.33329263655301883,0.33135858365080045,0.33972280859972115,0.33329263655301883,0.33135858365080045,0.33972280859972115,0.9002203604973421,0.8710829001073425,105.83283560872964,112.92145185678729,105.83283560872964,112.92145185678729,108.35149492075789,111.6458541805774,98.21936096995472,99.15084726455136,0.47288935844759383,2.0,-0.06077247905177485,1282.0,1251.0,1160.55,1.1046486579638966,1.0779371849554091,0.0,0.5625,-11.630926195505085,240,321,70.74517777310585
241,Boston University,Pat,17-17,112.16637404381976,117,119.378059323857,345,0.32814432762923434,241,17.0,17.0,10.0,8.0,10-8,0.30177592589272273,0.35732665663320035,0.24672150404634458,0.30177592589272273,0.35732665663320035,0.24672150404634458,0.9308519047045438,0.9017152593011056,104.19081903157131,112.86842565413882,104.19081903157131,112.86842565413882,112.05433635129488,116.46230647616186,0.0,0.0,0.0,0.0,-0.052557488825533905,1388.0,1311.0,1185.5750000000003,1.1707399363178201,1.1057925479197854,0.0,0.5555555555555556,-13.537213358908316,278,305,63.19448374487784
242,Charleston Southern,BSth,15-17,105.46374463042764,241,112.24463340937118,241,0.3281410306063098,242,15.0,17.0,6.0,10.0,6-10,0.32710997072955605,0.30202094112836897,0.3404439788351861,0.32710997072955605,0.30202094112836897,0.3404439788351861,0.9148566204107925,0.9064380156174605,105.6546913702444,112.28074326169012,105.6546913702444,112.28074326169012,104.92861824972182,114.08751448044434,98.70035158728797,109.27370660462503,0.23679644227109234,1.0,-0.06782846760475925,1314.0,1334.0,1219.4999999999998,1.0774907749077494,1.0938909389093894,0.0,0.375,-13.08409814610123,267,332,71.63213498566489
243,American,Pat,16-16,105.66932704025794,239,112.52746698748003,250,0.3266995262839962,243,16.0,16.0,9.0,9.0,9-9,0.33096206611635837,0.44229639401809473,0.2468797431724381,0.33096206611635837,0.44229639401809473,0.2468797431724381,0.8949738264674133,0.8097339526622332,105.93442798375321,112.61323384778218,105.93442798375321,112.61323384778218,103.82602194697711,111.09498764057281,116.20505967784808,129.43869268698614,0.22438618586288303,2.0,-0.049664262010936766,1282.0,1233.0,1169.4875000000002,1.0962066717258627,1.0543079767847026,0.0,0.5,-11.505793563431777,236,299,66.8137017103862
244,Fairfield,MAAC,21-13,105.83455478249218,234,112.86700367364926,256,0.3230411869563493,244,21.0,13.0,11.0,9.0,11-9,0.30331663217034766,0.2996654847527005,0.30102749702992676,0.30331663217034766,0.2996654847527005,0.30102749702992676,0.9323186135987175,0.9155434831428338,103.24226899546603,112.03546389622447,103.24226899546603,112.03546389622447,105.5210649192151,114.22994992782208,102.81851956864725,114.44679249357701,0.22580322782006304,1.0,0.06357652191915197,1439.0,1427.0,1328.7500000000002,1.082972718720602,1.0739416745061146,0.0,0.55,-9.617438311804507,203,47,67.12239311437472
245,Colgate,Pat,18-15,107.78624787808815,196,114.9578579632086,295,0.32283391226225033,245,18.0,15.0,11.0,7.0,11-7,0.3402160409721152,0.488009917568269,0.24730322077136652,0.3402160409721152,0.488009917568269,0.24730322077136652,0.873797329874644,0.7468023762957419,107.19561391123487,112.3089723600808,107.19561391123487,112.3089723600808,105.96316791315047,116.137288503492,114.25634491997737,104.51429270774759,0.7359237035316188,3.0,0.015169152940249897,1382.0,1348.0,1231.4750000000001,1.1222314703911975,1.0946223025233965,0.0,0.6111111111111112,-9.8151455933551,206,132,66.94409921249151
246,Nebraska Omaha,Sum,16-17,106.14719250820177,230,113.24885389838079,264,0.3219662356788223,246,16.0,17.0,8.0,8.0,8-8,0.3757089223043123,0.3937108502549904,0.3508637774401081,0.3757089223043123,0.3937108502549904,0.3508637774401081,0.900968869409629,0.8769741668818937,108.14204946360692,111.62282349290727,108.14204946360692,111.62282349290727,107.28681561604981,112.7870326565987,0.0,0.0,0.0,0.0,8.076269638013223e-05,1222.0,1223.0,1103.15,1.10773693514028,1.1086434301772197,0.0,0.5,-12.293136188861673,249,170,67.15389251513297
247,Central Michigan,MAC,10-21,106.66123246109512,214,113.80007932826379,277,0.3219045963873837,247,10.0,21.0,6.0,12.0,6-12,0.42611999121564115,0.43525570643530703,0.41952197466810465,0.42611999121564115,0.43525570643530703,0.41952197466810465,0.8640993788980357,0.822560462941679,108.13178353286276,109.7815008348444,108.13178353286276,109.7815008348444,105.57957431705772,110.84721727968379,104.93877777512468,121.84210299334174,0.15219192942488335,2.0,-0.11192462826387112,1326.0,1360.0,1244.85,1.0651885769369804,1.0925011045507491,0.0,0.3333333333333333,-15.304269592043086,309,360,67.14297098584923
248,Nicholls St.,Slnd,14-19,105.09350350423347,252,112.1577758593101,239,0.3212255234701128,248,14.0,19.0,12.0,10.0,12-10,0.45553197175867866,0.566262313481407,0.4133338929288005,0.45553197175867866,0.566262313481407,0.4133338929288005,0.860236450951964,0.7629380723835527,107.81679042476927,108.93523508313298,107.81679042476927,108.93523508313298,106.12451498889631,110.93039121264061,84.32582015121096,95.93189291461695,0.18498535615577588,1.0,0.031405737274178,1581.0,1612.0,1491.2125,1.0602110698508762,1.0809995222008935,0.0,0.5454545454545454,-12.588791398204549,256,98,68.3006431391373
249,Southern,SWAC,17-17,106.51506266278831,221,113.74047362424253,272,0.319781021526078,249,17.0,17.0,11.0,7.0,11-7,0.3573640555833248,0.5613314447693415,0.22841989436429216,0.3573640555833248,0.5613314447693415,0.22841989436429216,0.855631667087815,0.6822724052401814,106.32600692045196,110.09521585135978,106.32600692045196,110.09521585135978,105.46829833436101,112.51545747505298,106.87134506367259,111.50047005688735,0.3804507651120249,5.0,-0.008069984127007324,1405.0,1346.0,1292.1374999999998,1.0873455804819534,1.0416848052161634,0.0,0.6111111111111112,-10.795318017845611,224,195,69.90764684707517
250,Vermont,AE,22-12,105.32556074531817,246,112.52561400438188,249,0.318551926924533,250,22.0,12.0,12.0,4.0,12-4,0.2676373469072073,0.3755779030660953,0.17158650552910426,0.2676373469072073,0.3755779030660953,0.17158650552910426,0.9475871905238622,0.922853980757664,103.17821149371734,113.80111920659715,103.17821149371734,113.80111920659715,102.26277757843184,111.84722964449193,0.0,0.0,0.0,0.0,0.05499632371773622,1135.0,1031.0,1029.2499999999998,1.1027447170269615,1.0017002671848436,0.0,0.75,-9.279645633687833,192,57,64.76012012000542
251,Southeast Missouri St.,OVC,20-13,101.29560533164585,308,108.29683109112725,158,0.31678680377261326,251,20.0,13.0,14.0,6.0,14-6,0.28283652528907277,0.40564972336558486,0.21749497619299513,0.28283652528907277,0.40564972336558486,0.21749497619299513,0.912741070861421,0.8111980719918063,103.99629298106063,112.49488180207592,103.99629298106063,112.49488180207592,101.46128723539664,108.29209545108014,110.027874999415,109.00280694377385,0.5268843603909127,3.0,0.020746508555753884,1468.0,1367.0,1382.9375,1.0615085641975868,0.9884756180232296,0.0,0.7,-9.184693614786918,189,116,69.0149074309163
252,Long Beach St.,BW,10-22,104.1872004693812,266,111.42954854247455,226,0.3158656350509912,252,10.0,22.0,6.0,14.0,6-14,0.475077406440427,0.4896926927130689,0.4663082346768418,0.475077406440427,0.4896926927130689,0.4663082346768418,0.857400452523625,0.8023522964075419,108.2947165185671,107.70391004383005,108.2947165185671,107.70391004383005,103.76829045883449,109.59813835130691,84.70311635219132,103.62308958235035,0.08960320027313232,2.0,-0.06799431147965718,1498.0,1558.0,1453.5875,1.0305537162365526,1.0718309011325426,0.0,0.3,-15.762251221564641,315,333,68.48199298733725
253,UNC Asheville,BSth,15-17,104.16344838078457,267,111.42681679553675,225,0.31536017427829094,253,15.0,17.0,8.0,8.0,8-8,0.3815646106985303,0.40846016663595447,0.34201958750235056,0.3815646106985303,0.40846016663595447,0.34201958750235056,0.8978319758832601,0.8739647470808352,107.75081929547699,111.31508365852919,107.75081929547699,111.31508365852919,104.78434400368432,112.88832750528792,101.57277920142852,94.8396135577698,0.6875664133221197,1.0,-0.012221880692015519,1161.0,1158.0,1069.3125,1.085744345081536,1.082938804138173,0.0,0.5,-12.381779358453304,252,210,64.85073314247862
254,Princeton,Ivy,9-20,105.11138094359515,251,112.48958883161924,247,0.3142851188717651,254,9.0,20.0,5.0,9.0,5-9,0.45896007809086004,0.4543532342888511,0.46389598216444095,0.45896007809086004,0.4543532342888511,0.46389598216444095,0.8692303075152398,0.8503050616526706,108.842888328124,109.63900115086415,108.842888328124,109.63900115086415,108.32349530734136,114.17183275061814,99.61713067148321,94.68594135684522,0.6419502840088503,1.0,-0.07645529850346106,962.0,1004.0,881.0125,1.0919254834636285,1.1395979058185894,0.0,0.35714285714285715,-14.717068968479376,296,343,63.93252936451648
255,East Carolina,Amer,11-20,104.02342353127418,270,111.44813613245832,227,0.3115576449222889,255,11.0,20.0,6.0,12.0,6-12,0.4835634482489639,0.41343057585333803,0.5342149672013602,0.4835634482489639,0.41343057585333803,0.5342149672013602,0.8459657078494468,0.8463641248924373,109.70255304411221,109.61443416183185,109.70255304411221,109.61443416183185,106.99999611986257,112.02756530420086,92.09713217729733,107.25511796391096,0.14776811160477368,3.0,-0.03219754713748563,1345.0,1410.0,1259.5,1.0678840809845176,1.1194918618499405,0.0,0.3333333333333333,-13.54852906986602,279,254,68.68218382386303
256,Lamar,Slnd,12-19,102.76305267878082,289,110.17071984092766,200,0.30992696872056613,256,12.0,19.0,7.0,15.0,7-15,0.4030459990317848,0.37542013118877243,0.41434749042210794,0.4030459990317848,0.37542013118877243,0.41434749042210794,0.8817229781235038,0.8478111046801479,106.90289287930312,109.76534857378202,106.90289287930312,109.76534857378202,102.9587332061145,110.21618172061899,112.80044848629365,110.40490028985788,0.56140266416069,2.0,-0.06309279295483439,1486.0,1525.0,1426.1,1.042002664609775,1.0693499754575415,0.0,0.3181818181818182,-13.92103599632505,283,325,65.4418666391329
257,UC Riverside,BW,10-22,103.75496261911971,275,111.25894860087045,223,0.30937856019991433,257,10.0,22.0,5.0,15.0,5-15,0.47491126896608493,0.4881824286785182,0.4669485731386249,0.47491126896608493,0.4881824286785182,0.4669485731386249,0.8478128381255026,0.7770453755351645,108.73230001079692,108.15972445189043,108.73230001079692,108.15972445189043,102.46290039158703,111.35972805451857,99.72142705131634,108.04177692885986,0.2846360319885119,3.0,-0.061020928613565784,1443.0,1554.0,1420.7375000000002,1.0156696786000228,1.093798115415409,0.0,0.25,-15.360742489090653,311,322,68.52703720894931
258,Elon,CAA,14-18,108.36717802176999,183,116.54540345592994,310,0.30223232521940163,258,14.0,18.0,6.0,12.0,6-12,0.40412366077855955,0.3662163845657436,0.4252546968654324,0.40412366077855955,0.3662163845657436,0.4252546968654324,0.8900061526263947,0.8741244115356926,107.92552131613566,111.04602179349678,107.92552131613566,111.04602179349678,105.9650185699009,117.8413129157335,121.45885811478374,109.93454550712711,0.7588600814291927,2.0,0.0003958046885992328,1322.0,1413.0,1226.6375,1.0777430169874962,1.1519295635426114,0.0,0.3333333333333333,-13.056934612076901,266,169,66.89389302710956
259,Abilene Christian,WAC,14-19,99.87238497876267,330,107.44712305927152,141,0.3013842784918306,259,14.0,19.0,5.0,13.0,5-13,0.4421212957025179,0.3867278848693129,0.485937463855095,0.4421212957025179,0.3867278848693129,0.485937463855095,0.8577816392288622,0.8260519904877914,108.29679624989835,108.07831612205,108.29679624989835,108.07831612205,98.90145882699092,108.34103728488267,103.3802186071771,102.7730035853242,0.5169299402829765,2.0,0.020201437201545103,1221.0,1325.0,1253.525,0.9740531700604295,1.0570192058395325,0.0,0.2777777777777778,-12.725770878093186,259,119,67.50944308652397
260,Pepperdine,WCC,9-23,105.82248331900138,236,113.91727017902511,280,0.2999241615399113,260,9.0,23.0,4.0,14.0,4-14,0.5253042669574964,0.3788792175372358,0.6365743703070085,0.5253042669574964,0.3788792175372358,0.6365743703070085,0.814487194174041,0.8928765304946182,110.30463836959055,106.68865515895986,110.30463836959055,106.68865515895986,105.86942769762516,115.42505192073548,96.31158060759186,106.76260725731935,0.23420448946645522,6.0,-0.055386639867567866,1276.0,1509.0,1274.3374999999999,1.0013045994487333,1.184144702639607,0.0,0.2222222222222222,-15.23870143312311,306,311,68.47416136954389
261,SIU Edwardsville,OVC,19-13,99.03937380995296,340,106.7221373866521,127,0.29751112996394696,261,19.0,13.0,12.0,8.0,12-8,0.22682905457729816,0.24760722259511014,0.21939873789526843,0.22682905457729816,0.24760722259511014,0.21939873789526843,0.9445468627088511,0.9073217542285735,102.21273144573034,113.6873901879172,102.21273144573034,113.6873901879172,98.5993729969637,104.91801708212411,117.00419530339484,117.11916212227857,0.4971764789209148,1.0,-0.027421546390027918,1339.0,1266.0,1309.6874999999995,1.0223812932474354,0.9666428060128851,0.0,0.6,-10.542375827808394,220,245,64.46717116201933
262,Purdue Fort Wayne,Horz,17-15,105.26248307803532,248,113.500644953922,267,0.2959744173428237,262,17.0,15.0,11.0,9.0,11-9,0.4320324695900148,0.43728113801254376,0.42335197234886446,0.4320324695900148,0.43728113801254376,0.42335197234886446,0.863538174933961,0.7840368417026472,110.89669287816318,111.68022617388588,110.89669287816318,111.68022617388588,104.6158505554143,113.49182567970358,101.14113921390484,114.27868954940952,0.19711625658278012,3.0,0.12097646812179152,1507.0,1566.0,1379.95,1.0920685532084495,1.1348237254973006,0.0,0.55,-9.048768896452907,185,5,67.776499126179
263,Tennessee Martin,OVC,22-11,98.18569183957652,343,105.88304516923608,107,0.2956793093858429,263,22.0,11.0,13.0,7.0,13-7,0.2695298023573976,0.35981934273666144,0.21957985643468506,0.2695298023573976,0.35981934273666144,0.21957985643468506,0.9345007499204778,0.8784405391334602,102.66841354427824,112.30950137780104,102.66841354427824,112.30950137780104,97.5727048996616,104.25587824153715,104.30041114344114,102.72863226431356,0.5435446457162156,1.0,0.08794693209726889,1347.0,1234.0,1307.6125000000002,1.0301216912502746,0.9437046525633548,0.0,0.65,-7.8812516622588245,155,19,64.37006024588256
264,Idaho St.,BSky,13-20,108.73144763871538,176,117.37094574922499,319,0.2933288943547072,264,13.0,20.0,5.0,13.0,5-13,0.4358989859952471,0.4339133503097612,0.4481328860439437,0.4358989859952471,0.4339133503097612,0.4481328860439437,0.8743333433573885,0.8290179392639612,108.88696205772824,109.81174687152249,108.88696205772824,109.81174687152249,107.25038125031341,120.37107560221456,97.01689169607403,97.96732214662772,0.4720013161441987,2.0,-0.009511360346633413,1325.0,1451.0,1217.7624999999998,1.088061095656994,1.1915295470175837,0.0,0.2777777777777778,-14.216374726500977,285,199,65.29800348669434
265,Wofford,SC,19-13,108.33440332953936,186,117.02585320126397,313,0.2916302985592592,265,19.0,13.0,11.0,7.0,11-7,0.31879281442304447,0.3381154625463534,0.3082601862461995,0.31879281442304447,0.3381154625463534,0.3082601862461995,0.9167205711909766,0.8797020238756004,107.81469548824383,115.52848780067421,107.81469548824383,115.52848780067421,111.67520140701748,119.40011925233729,92.99017871719445,110.67039589066708,0.11902258827841615,1.0,0.07639732479891292,1468.0,1439.0,1235.5,1.1881829218939701,1.1647106434641845,0.0,0.6111111111111112,-9.225998416365178,191,25,67.87739836891623
266,Longwood,BSth,16-16,103.54622302228366,281,111.93944720977656,234,0.28980947113397565,266,16.0,16.0,8.0,8.0,8-8,0.30107861378886075,0.25308984376607757,0.3451754881535759,0.30107861378886075,0.25308984376607757,0.3451754881535759,0.924686654207267,0.9254416182263525,104.39563402215772,112.95937198526661,104.39563402215772,112.95937198526661,104.8219970049773,109.09470826821243,0.0,0.0,0.0,0.0,-0.046088590600893875,1239.0,1189.0,1140.2250000000001,1.0866276392817207,1.0427766449604243,0.0,0.5,-12.514305358289823,254,289,68.59054681479068
267,Milwaukee,Horz,12-20,106.60952787283543,216,115.25717015394446,298,0.2896839369438545,267,12.0,20.0,8.0,12.0,8-12,0.4628659270698935,0.5266740812645758,0.42397418930289,0.4628659270698935,0.5266740812645758,0.42397418930289,0.8426340613688201,0.7230600866670736,110.98789412621973,111.28291616578755,110.98789412621973,111.28291616578755,105.96586383072822,114.36816773795951,105.69737737725993,104.88505090584053,0.5221663259092792,3.0,0.005888664708386726,1506.0,1552.0,1361.8625000000002,1.1058385115971692,1.139615783531744,0.0,0.4,-13.346511563146302,272,154,67.69282550240406
268,Mount St. Mary's,MAAC,15-17,99.71352956174093,332,107.93875671611357,149,0.28668885273908745,268,15.0,17.0,11.0,9.0,11-9,0.3585524711439071,0.4641222800020344,0.29307310016410254,0.3585524711439071,0.4641222800020344,0.29307310016410254,0.8884576016996115,0.7862797068663532,105.01569391309195,110.961532763877,105.01569391309195,110.961532763877,98.92127702357092,107.43611882424973,96.0507766258509,101.01246814147932,0.35911202569742656,3.0,0.0007778113251137309,1365.0,1344.0,1334.4875000000002,1.0228645828454743,1.0071282046478516,0.0,0.55,-12.183096072572956,247,167,67.85459432784998
269,UTEP,CUSA,11-20,101.42748047392027,307,109.8366779723074,191,0.2857776648303668,269,11.0,20.0,7.0,13.0,7-13,0.4556301795202486,0.4112673462568825,0.48002973781509983,0.4556301795202486,0.4112673462568825,0.48002973781509983,0.8781500135838864,0.858327712883873,109.11430080136368,108.8396733003366,109.11430080136368,108.8396733003366,101.15958601673603,110.42382076370902,84.6076380193906,93.04675520029743,0.2509800826240886,1.0,-0.02350875479360709,1353.0,1461.0,1328.5500000000002,1.0184035226374617,1.0996951563734898,0.0,0.35,-14.638822259829054,294,234,65.28937168818862
270,Incarnate Word,Slnd,12-19,109.25077062829264,166,118.31053670622342,334,0.28573894800182326,270,12.0,19.0,7.0,15.0,7-15,0.4099201412106519,0.39378380227371157,0.41652137077576384,0.4099201412106519,0.39378380227371157,0.41652137077576384,0.8704537010066357,0.8102455970586974,107.23704953264529,109.01867924768523,107.23704953264529,109.01867924768523,106.94622200433761,117.29804133137412,108.45567932683365,98.03012673789256,0.7617445244007842,2.0,-0.049518782604962064,1525.0,1626.0,1430.8250000000003,1.0658186710464241,1.1364073174567118,0.0,0.3181818181818182,-13.512093105395849,274,295,65.52170715462246
271,Southern Utah,WAC,10-22,106.33772296761424,228,115.221136258335,297,0.28441198309867505,271,10.0,22.0,6.0,12.0,6-12,0.4732058485225663,0.45187788619534436,0.48989576809084284,0.4732058485225663,0.45187788619534436,0.48989576809084284,0.854422892085924,0.8091229926182871,107.94635066089246,106.60696300925048,107.94635066089246,106.60696300925048,109.4482480164503,114.9129777600974,99.16808820055519,128.19515488773334,0.04961938287444147,2.0,-0.039519088782828504,1369.0,1422.0,1278.2375000000002,1.0710059750242031,1.1124693181040297,0.0,0.3333333333333333,-15.595760819651318,312,269,70.44841504083625
272,Lindenwood,OVC,18-15,100.38007374680612,324,108.93137118993567,171,0.2808650061492507,272,18.0,15.0,11.0,9.0,11-9,0.2716305064544163,0.3697378101059377,0.22104594570147898,0.2716305064544163,0.3697378101059377,0.22104594570147898,0.9090399652321115,0.8010687213088569,103.11314013035404,112.3394741123323,103.11314013035404,112.3394741123323,101.35484451563272,111.0357479457117,89.3178432827454,103.54783788506698,0.15445574280524133,3.0,-0.02388745654630653,1522.0,1489.0,1451.725,1.0484079284988548,1.0256763505484854,0.0,0.55,-11.096218485349665,228,235,72.46207754256082
273,Dartmouth,Ivy,11-16,104.74027763627473,255,113.70207670111894,270,0.28006763424015724,273,11.0,16.0,5.0,9.0,5-9,0.4125234142498336,0.35199437058022,0.468728954800189,0.4125234142498336,0.35199437058022,0.468728954800189,0.8737251796232414,0.8579525113747877,108.57191871575326,110.44449936353243,108.57191871575326,110.44449936353243,106.28614485410877,114.01882476380767,110.54699444530043,110.64471137174027,0.49745981646339993,1.0,-0.007744404297777896,1027.0,1113.0,966.3249999999999,1.0627894341965696,1.1517864072646367,0.0,0.35714285714285715,-11.401067300723579,233,194,69.59334646531941
274,Loyola Chicago,A10,9-24,103.52958446090469,283,112.4343406170878,245,0.27910850858438613,274,9.0,24.0,4.0,14.0,4-14,0.5702819276727991,0.4385365630709235,0.6632782705101516,0.5702819276727991,0.4385365630709235,0.6632782705101516,0.8165693528120274,0.8719903562183138,110.43784655616587,107.52882884182168,110.43784655616587,107.52882884182168,102.57664388178209,108.94464156417601,122.53481831972665,110.54497170161821,0.7656998357849788,3.0,-0.010459767561858013,1168.0,1371.0,1209.6625000000001,0.9655585752224276,1.1333739782790653,0.0,0.2222222222222222,-15.718009763908649,314,203,65.8300007416729
275,North Dakota,Sum,18-17,106.51353727508861,222,115.76743574896912,302,0.2772629541868379,275,18.0,17.0,10.0,6.0,10-6,0.38751907933138086,0.39192303712459076,0.35638720728736095,0.38751907933138086,0.39192303712459076,0.35638720728736095,0.8783836887482674,0.8353311116190477,107.82391621153556,111.51196521965745,107.82391621153556,111.51196521965745,111.5763026361245,119.83790659038146,101.85212170360934,99.31147852900526,0.5721183839909145,2.0,0.06257715848218909,1275.0,1298.0,1105.7,1.1531156733291128,1.1739169756715202,0.0,0.625,-11.304211447259135,231,48,67.37599284708246
276,Delaware,CUSA,10-21,106.03479833348972,232,115.29267174003775,299,0.2763528905810375,276,11.0,20.0,6.0,14.0,6-14,0.44120889360111676,0.3494816605448681,0.49165887178205364,0.44120889360111676,0.3494816605448681,0.49165887178205364,0.8838254198327669,0.8815683169572601,107.89315461247917,109.88555588644364,107.89315461247917,109.88555588644364,105.6723737591022,114.88516430790506,127.5021049532478,114.22560176969432,0.7798015551594207,1.0,-0.054488235742366053,1346.0,1483.0,1281.4625,1.05036237892252,1.1572714769257781,0.0,0.3,-15.887207996669076,316,310,63.21418500595901
277,Sacramento St.,BSky,10-21,105.26707626848352,247,114.67575739760287,292,0.2720015169764062,277,10.0,21.0,6.0,12.0,6-12,0.46891299186908325,0.4904586826668906,0.450479561072602,0.46891299186908325,0.4904586826668906,0.450479561072602,0.8551413307724454,0.7865048602748228,110.19237762795001,109.15933698448819,110.19237762795001,109.15933698448819,107.8376654602227,116.95543365235702,106.20741261422293,111.5291025671776,0.3630260636130892,2.0,-0.032904074561784846,1444.0,1520.0,1308.8500000000001,1.103258585781411,1.1613248271383274,0.0,0.3333333333333333,-14.811031306674424,300,255,71.71119038089353
278,Ball St.,MAC,12-19,99.18379456312414,337,108.31440001401992,159,0.2664459448199878,278,12.0,19.0,7.0,11.0,7-11,0.37864460652176274,0.3003413924034677,0.4351969278294202,0.37864460652176274,0.3003413924034677,0.4351969278294202,0.896830348435125,0.900944845835318,107.91808913753631,111.89286832549664,107.91808913753631,111.89286832549664,100.63837113615836,109.58860340286908,89.5392344532807,104.97498329214935,0.13835513308979303,1.0,-0.0413252894113067,1213.0,1293.0,1180.1375,1.027846331465613,1.0956350425268242,0.0,0.3888888888888889,-14.534986674111085,291,274,63.724697838828064
279,South Dakota,Sum,16-16,104.42897680568461,263,114.27127972166758,284,0.26196451121647923,279,16.0,16.0,8.0,8.0,8-8,0.3534133367221902,0.3503145994290258,0.3582838467549406,0.3534133367221902,0.3503145994290258,0.3582838467549406,0.9011212979525244,0.8764330824601012,107.00366888154758,112.42241815256934,107.00366888154758,112.42241815256934,103.82487429634965,113.54151975458444,105.73152151959916,117.43731294878843,0.23014039697434316,1.0,0.020692582935294024,1232.0,1259.0,1137.575,1.0830055161198162,1.1067402149308836,0.0,0.5,-11.550963991164583,238,117,70.00976045425787
280,Prairie View A&M,SWAC,19-18,101.66410141679097,303,111.24863012798139,222,0.26190831599588305,280,19.0,18.0,9.0,9.0,9-9,0.3132379745329647,0.4307962029972275,0.20760404380941322,0.3132379745329647,0.4307962029972275,0.20760404380941322,0.8867708989535132,0.8017166492679515,104.97147482875259,111.56840309543877,104.97147482875259,111.56840309543877,99.78793209351566,112.78323771315759,101.16352706079692,120.3140791444847,0.11986336772484983,3.0,-0.003953563552831163,1385.0,1366.0,1318.0625000000002,1.050784769311015,1.036369671392669,0.0,0.5,-12.44964215921177,253,184,70.57127668080466
281,Presbyterian,BSth,15-18,102.61478936460796,291,112.41505548427097,244,0.2594206773219305,281,15.0,18.0,7.0,9.0,7-9,0.34937444524294115,0.3414804904866903,0.3489407551418874,0.34937444524294115,0.3414804904866903,0.3489407551418874,0.902330941204033,0.8788399490361474,106.82215260666966,111.95720819237103,106.82215260666966,111.95720819237103,105.32013673906619,114.50661097816842,78.74720187945644,107.83116087884846,0.02621840922943738,1.0,-0.000935594052988431,1186.0,1198.0,1089.3875,1.0886851556493902,1.0997005197874952,0.0,0.4375,-13.519088065575186,275,174,64.25736847411294
282,Western Michigan,MAC,10-21,107.25178995015547,202,117.53353639644618,322,0.25869520596675216,282,11.0,20.0,4.0,14.0,4-14,0.4365018963289146,0.3791758552438627,0.4779040371125631,0.4365018963289146,0.3791758552438627,0.4779040371125631,0.8628006401500671,0.8447439445116423,108.55082771331142,109.40794353223137,108.55082771331142,109.40794353223137,108.02974370004476,118.74135369847134,86.34058345803268,115.92901543649862,0.032647310321072945,2.0,-0.05000151686971721,1345.0,1456.0,1235.1750000000002,1.0889145262817008,1.1787803347703765,0.0,0.2222222222222222,-15.248604253736339,308,300,67.91861815114835
283,UNC Greensboro,SC,15-19,108.35301491510553,184,118.82178777899553,341,0.25718569599025437,283,15.0,19.0,9.0,9.0,9-9,0.34125116034115976,0.3961801124635205,0.31205389773356507,0.34125116034115976,0.3961801124635205,0.31205389773356507,0.9174586073224288,0.8781488729411974,107.75539847100534,114.32904187497738,107.75539847100534,114.32904187497738,108.84065989508454,121.40286460043068,103.95206064749814,119.49862706611171,0.16758882436940092,1.0,-0.017907825987777515,1420.0,1485.0,1241.7624999999998,1.143535901591488,1.195880854833352,0.0,0.5,-14.958221839439666,301,221,67.74720499890574
284,Mercyhurst,NEC,17-17,101.65088893295454,304,111.62268199933342,229,0.2542315189042572,284,17.0,17.0,10.0,8.0,10-8,0.2709150919864422,0.40852613123575277,0.1826789958072597,0.2709150919864422,0.40852613123575277,0.1826789958072597,0.9179971721150443,0.8338240161172542,102.9263869518454,113.29910071631222,102.9263869518454,113.29910071631222,103.1009849865676,112.7100676173079,76.3264447797004,108.14593677170173,0.017857473954720333,1.0,-0.04498879076374318,1296.0,1230.0,1186.0375000000001,1.092714184838169,1.037066703202892,0.0,0.5555555555555556,-13.127020700230831,268,283,64.64785438263533
285,Jacksonville,ASun,12-20,103.8885197542217,274,114.28880035641036,285,0.25026168915305297,285,12.0,20.0,7.0,11.0,7-11,0.3831020961545527,0.48486448444707264,0.31799228856073536,0.3831020961545527,0.48486448444707264,0.31799228856073536,0.8777499399221956,0.7888994232179021,108.93064390860664,112.9380360811234,108.93064390860664,112.9380360811234,104.34861091542739,111.52415260485444,104.59941289556122,117.62033172497156,0.20599699548031405,3.0,-0.040224515319356835,1272.0,1283.0,1158.075,1.098374457612849,1.1078729788657902,0.0,0.3888888888888889,-14.683571382751841,295,272,63.59483149685343
286,Brown,Ivy,9-18,98.23251921174221,342,108.12204543511749,154,0.2491560845008273,286,9.0,18.0,3.0,11.0,3-11,0.3764428034601425,0.2723380658282559,0.47311148840403716,0.3764428034601425,0.2723380658282559,0.47311148840403716,0.9067654456341493,0.9276040339440708,107.42708610082427,111.83664639034946,107.42708610082427,111.83664639034946,98.67386256146013,108.9203136771964,0.0,0.0,0.0,0.0,-0.08905139697178466,945.0,1061.0,955.2625,0.9892568796534983,1.1106894701718113,0.0,0.21428571428571427,-14.34282918534757,287,354,66.75201425826631
287,Louisiana,SB,11-22,101.58977987066797,306,111.95278761613922,235,0.24655990845153608,287,11.0,22.0,7.0,11.0,7-11,0.40888789224929395,0.4562022095029683,0.385984331786293,0.40888789224929395,0.4562022095029683,0.385984331786293,0.8888131040982569,0.8381663529171823,106.6696449804805,110.66627637847894,106.6696449804805,110.66627637847894,102.25420797544379,110.7557507502439,72.96415124315632,100.12176523582889,0.025610296722564086,1.0,-0.038525076002338676,1179.0,1254.0,1148.8624999999997,1.0262324690726699,1.0915144327541375,0.0,0.3888888888888889,-16.844271060257558,329,266,63.348616848662616
288,Lehigh,Pat,18-17,102.25954761146036,295,112.70172021374779,254,0.2463544212884644,288,18.0,17.0,11.0,7.0,11-7,0.30979568867760293,0.41093651112238005,0.25571751366211976,0.30979568867760293,0.41093651112238005,0.25571751366211976,0.9111741905934877,0.8331035698121737,105.50585108421575,113.19998235558609,105.50585108421575,113.19998235558609,103.47646918045962,113.35033405738785,86.71543704828915,103.03661992419006,0.12097768266756431,2.0,0.022283060102386176,1357.0,1355.0,1247.1875,1.088048108243548,1.0864445001252818,0.0,0.6111111111111112,-11.875626662227123,243,113,66.74819663459321
289,Sacred Heart,MAAC,14-19,107.29067738583532,201,118.37760796826589,336,0.24399782623247654,289,14.0,19.0,9.0,11.0,9-11,0.33763634821878796,0.393708609513471,0.29824316317499416,0.33763634821878796,0.393708609513471,0.29824316317499416,0.9148796277321454,0.86357523898335,104.25213237376096,111.1568472557936,104.25213237376096,111.1568472557936,109.62750370863367,120.5094358491031,102.99037072927959,126.46623828267666,0.08616321116004325,1.0,-0.010882829904677871,1513.0,1530.0,1355.8875000000003,1.1158742889804647,1.1284122023397956,0.0,0.45,-14.968238637554625,302,204,68.45830931131415
290,West Georgia,ASun,15-17,102.49651720021384,293,113.21621106272235,263,0.2416029750600993,290,15.0,17.0,8.0,10.0,8-10,0.3399610596032543,0.40407204757874937,0.3015075849712343,0.3399610596032543,0.40407204757874937,0.3015075849712343,0.8894369108846968,0.7976781686701493,108.99784650375452,114.97173766254922,108.99784650375452,114.97173766254922,103.3034110041927,114.7708460951347,100.486145549674,105.17149161725932,0.37189805883815624,3.0,0.011743748825828348,1379.0,1423.0,1249.3,1.1038181381573682,1.1390378612022733,0.0,0.4444444444444444,-12.3509372592874,251,141,69.13570238989749
291,Morehead St.,OVC,20-13,106.45454210773366,225,117.63899904454954,324,0.2406938475707828,291,20.0,13.0,15.0,5.0,15-5,0.29417809606852224,0.4083999274679621,0.22503465627037889,0.29417809606852224,0.4083999274679621,0.22503465627037889,0.9117804692154415,0.8152094913917328,103.5380176824846,111.75444980051216,103.5380176824846,111.75444980051216,108.7752804729324,118.08396382277765,108.66872012040542,127.07495340002896,0.1419191576433052,2.0,0.1045025583420861,1475.0,1422.0,1314.6125000000002,1.1220036322490465,1.0816875695309454,0.0,0.75,-9.018737700609982,184,9,65.37756484552627
292,Arkansas Pine Bluff,SWAC,13-19,105.08450006387761,253,116.1451644042383,307,0.24032940192571225,292,13.0,19.0,10.0,8.0,10-8,0.3805093902512306,0.6325239508255691,0.20187267254482194,0.3805093902512306,0.6325239508255691,0.20187267254482194,0.8519723575664668,0.683991208870582,106.62312049870629,110.80798932266075,106.62312049870629,110.80798932266075,105.52231659832621,115.91390733436278,100.850463769366,116.71818847166604,0.15703979720014813,5.0,-0.02016143086908151,1366.0,1332.0,1247.2749999999999,1.0951875087691167,1.0679280832214229,0.0,0.5555555555555556,-12.82500579819818,261,229,69.36314044668877
293,Florida A&M,SWAC,15-16,99.11702216739482,338,109.60478171962839,189,0.23927329141051176,293,15.0,16.0,11.0,7.0,11-7,0.3214835782666198,0.4992346287525017,0.22295766655882224,0.3214835782666198,0.4992346287525017,0.22295766655882224,0.8970668698461489,0.7755858837795905,104.88099144517103,111.72895473604737,104.88099144517103,111.72895473604737,101.20884274313656,109.88343150232453,93.70562095565266,108.2556866555701,0.15977759590550045,4.0,0.011216406396063083,1305.0,1269.0,1238.1999999999998,1.0539492812146667,1.0248748182846068,0.0,0.6111111111111112,-11.714112031213542,241,144,68.05032582541148
294,Northeastern,CAA,7-24,107.12526990695795,206,118.51363232499799,338,0.23833408327774294,294,7.0,24.0,2.0,16.0,2-16,0.44236074934421765,0.4582702626262485,0.44609429643959686,0.44236074934421765,0.4582702626262485,0.44609429643959686,0.8896164130617609,0.8603545506546498,107.65711613641358,110.07096959343889,107.65711613641358,110.07096959343889,108.07478494860113,122.238521089556,0.0,0.0,0.0,0.0,-0.08567177098716786,1348.0,1518.0,1254.8500000000001,1.0742319799179183,1.2097063394031158,0.0,0.1111111111111111,-19.033410871894905,351,351,69.80563098502103
295,IU Indy,Horz,7-25,106.43365577670716,226,117.75473910642845,325,0.2382233733244052,295,7.0,25.0,3.0,17.0,3-17,0.40917587658714055,0.3871474592161503,0.4290819375272868,0.40917587658714055,0.3871474592161503,0.4290819375272868,0.8823597370324918,0.8315053645368848,109.38076102951166,111.83656385125552,109.38076102951166,111.83656385125552,105.73420438288068,116.46104744681209,121.32467412566189,118.21973042067097,0.5739876964451548,2.0,-0.14721596686446142,1552.0,1694.0,1435.0875,1.0814671579259103,1.1804158283031523,0.0,0.15,-19.78697348880659,355,365,73.74288779498501
296,East Texas A&M,Slnd,11-21,101.07620335289583,313,111.8578364266518,231,0.23765642462551453,296,11.0,21.0,6.0,16.0,6-16,0.4349448387242866,0.46592891892993726,0.4208611659035362,0.4349448387242866,0.46592891892993726,0.4208611659035362,0.8532315270889659,0.7632249704563292,107.8896966440496,108.91200515929624,107.8896966440496,108.91200515929624,100.25254876206553,111.65641730653276,94.42578632814242,107.16064506524563,0.18924537684712284,3.0,-0.01524250795464932,1455.0,1633.0,1474.825,0.9865577271879714,1.1072500127133726,0.0,0.2727272727272727,-14.756191572940383,299,217,68.4721706466421
297,Southeastern Louisiana,Slnd,9-22,99.79858790342607,331,110.52193988311296,210,0.23618860928727844,297,9.0,22.0,6.0,16.0,6-16,0.4448347833325626,0.5031120671903858,0.4209940762998167,0.4448347833325626,0.5031120671903858,0.4209940762998167,0.8694494821405361,0.8091526690597179,107.41609185183799,109.27992839252119,107.41609185183799,109.27992839252119,99.71971818863354,110.74744376504765,0.0,0.0,0.0,0.0,-0.04326255452091504,1440.0,1567.0,1442.0375,0.9985870686441928,1.0866569003926736,0.0,0.2727272727272727,-16.30458036040199,322,280,65.48849816371705
298,Bellarmine,ASun,13-19,115.35304241699777,74,127.99703535392716,365,0.2321675850496664,298,13.0,19.0,7.0,11.0,7-11,0.36790679500301005,0.4237219594313036,0.32747032611057353,0.36790679500301005,0.4237219594313036,0.32747032611057353,0.892726783916543,0.8226826056865167,108.50384275909697,113.12460656505048,108.50384275909697,113.12460656505048,115.81022076694909,129.41555174991834,119.45285634562745,123.46571003663468,0.40613188476942425,2.0,-0.006693372469517067,1466.0,1501.0,1195.6125,1.226149776788048,1.2554234754153206,0.0,0.3888888888888889,-14.274282601441636,286,189,64.66033824283517
299,USC Upstate,BSth,13-19,99.65076984166544,333,110.76561749859326,216,0.22862996251282622,299,13.0,19.0,5.0,11.0,5-11,0.35582095648892764,0.3788378727742717,0.35277072548135757,0.35582095648892764,0.3788378727742717,0.35277072548135757,0.884320657722764,0.8382928326709206,106.09613876527223,111.24379881537416,106.09613876527223,111.24379881537416,97.94965290023183,111.36695738724269,108.05556576613498,97.48795908572798,0.7655841148608137,2.0,-0.03866944535318695,1132.0,1234.0,1132.9375000000002,0.999172505102885,1.0892039499089754,0.0,0.3125,-14.040613712183356,284,267,67.65263988589022
300,Grambling St.,SWAC,14-19,96.61589644801656,349,107.52228791740231,142,0.2261847536204459,300,14.0,19.0,7.0,11.0,7-11,0.30819182874864576,0.43798529736379044,0.23873207641856523,0.30819182874864576,0.43798529736379044,0.23873207641856523,0.90199413440179,0.8078384110706741,104.21031430145429,111.7059883881334,104.21031430145429,111.7059883881334,93.75227706387547,107.35287456451388,107.47728398757012,111.67749253032163,0.3915360105123186,2.0,-0.03664839022550548,1240.0,1252.0,1260.2625,0.9839220003769056,0.9934438261870047,0.0,0.3888888888888889,-14.738673266552373,298,261,67.58437407959836
301,Eastern Kentucky,ASun,11-21,108.80076819354431,175,121.10796815451184,351,0.22576398919179427,301,11.0,21.0,7.0,11.0,7-11,0.37836153036505943,0.46032258088108047,0.3281798235529473,0.37836153036505943,0.46032258088108047,0.3281798235529473,0.8944721973517237,0.8313612507376504,108.77248613038883,112.82098315936163,108.77248613038883,112.82098315936163,111.3851606726084,121.04607368680746,95.30822637902719,105.48594929997357,0.2374322940873241,1.0,-0.04522693716473786,1464.0,1494.0,1251.8374999999999,1.1694808631311973,1.1934456349166727,0.0,0.3888888888888889,-16.326210955230977,323,285,67.32787168429468
302,Oral Roberts,Sum,10-23,102.66691314460206,290,114.3668769670096,287,0.2242448412649253,302,10.0,23.0,4.0,12.0,4-12,0.4164541115266817,0.48375694965056426,0.36297632809320673,0.4164541115266817,0.48375694965056426,0.36297632809320673,0.8816635475505925,0.8353393383352766,109.28760389514251,111.40803583222988,109.28760389514251,111.40803583222988,101.57836794713992,116.0984564296446,100.33058309072278,115.82890588734877,0.16085215349964202,2.0,-0.06962242889273662,1166.0,1272.0,1109.3500000000001,1.0510659395141297,1.1466173885608688,0.0,0.25,-17.540313014453282,338,339,67.7614835161435
303,Houston Christian,Slnd,12-20,101.91339975380315,299,113.82828237851314,278,0.21899592363977022,303,12.0,20.0,8.0,14.0,8-14,0.4028604986029631,0.35053437397755766,0.4225529426300893,0.4028604986029631,0.35053437397755766,0.4225529426300893,0.8793777507335017,0.8396526570156482,107.23690739363519,110.07163054722261,107.23690739363519,110.07163054722261,102.41736104783078,114.82059896730578,115.61387856615083,111.70520069669062,0.5976099821262589,1.0,0.011249792897691846,1457.0,1575.0,1415.8874999999996,1.0290365583423828,1.1123765129644838,0.0,0.36363636363636365,-14.730365491614815,297,142,64.16348808513114
304,Hampton,CAA,13-19,101.02729309918132,314,112.97249800803496,260,0.21667187700865093,304,13.0,19.0,7.0,11.0,7-11,0.3743794021699521,0.27974133505568266,0.43660845836314033,0.3743794021699521,0.27974133505568266,0.43660845836314033,0.8989683337950495,0.9006251607433545,106.04140425657802,110.3919540760433,106.04140425657802,110.3919540760433,99.68241544766194,110.68872262572619,93.39543945862313,116.2520221214312,0.07463655911173864,1.0,0.022969013450476583,1208.0,1295.0,1191.0875,1.0141992087063292,1.087241701386338,0.0,0.3888888888888889,-14.476750429667971,289,111,65.46432616753451
305,Stetson,ASun,12-21,105.45411677039482,242,117.95498976189262,328,0.21613859628045826,305,12.0,21.0,7.0,11.0,7-11,0.3898354457366787,0.4899749677490037,0.3197492173746964,0.3898354457366787,0.4899749677490037,0.3197492173746964,0.8824412704908373,0.7970327008543271,108.60773847428902,112.48024407611601,108.60773847428902,112.48024407611601,106.8264197990247,119.60018314706014,89.3417011067534,105.79628070384304,0.125204625930365,3.0,-0.012958140758456083,1385.0,1437.0,1230.7749999999999,1.1253072251223823,1.1675570270764357,0.0,0.3888888888888889,-15.687933153267247,313,212,66.81860939683637
306,Alabama St.,SWAC,10-22,100.1769701775884,326,112.05422108555624,237,0.21610472695779165,306,10.0,22.0,7.0,11.0,7-11,0.3671536186643958,0.571304143875286,0.23337104134788828,0.3671536186643958,0.571304143875286,0.23337104134788828,0.8701164239591594,0.7368529533009168,104.79134215702564,110.38737079535528,104.79134215702564,110.38737079535528,97.41412107858288,109.48421264956032,115.62795221928435,118.10157447804379,0.4394426699271787,4.0,-0.08663124196117761,1310.0,1308.0,1288.8749999999998,1.0163902628261081,1.0148385219668317,0.0,0.3888888888888889,-16.452560533302098,324,352,69.34684461103807
307,Chattanooga,SC,13-19,106.02021959773194,233,118.63039835824875,339,0.21544622514825063,307,13.0,19.0,7.0,11.0,7-11,0.31563287596963224,0.3302700371657711,0.3166738635127286,0.31563287596963224,0.3302700371657711,0.3166738635127286,0.9140723134884309,0.8738216112104193,107.54037550485928,114.70779218692712,107.54037550485928,114.70779218692712,104.52964321345127,116.7880890257958,114.3888758292555,114.69466643384327,0.492325249969808,2.0,-0.04960916517831926,1359.0,1393.0,1226.1000000000001,1.1083924639099583,1.1361226653617158,0.0,0.3888888888888889,-15.161781137111882,305,298,67.1197141795519
308,Northwestern St.,Slnd,10-22,100.88190484361465,319,112.88199606627788,258,0.21542779834392128,308,10.0,22.0,8.0,14.0,8-14,0.434680113789055,0.47613833831001906,0.42287695786601615,0.434680113789055,0.47613833831001906,0.42287695786601615,0.8652452726070914,0.7861698582337395,107.47320616139417,108.80834319663059,107.47320616139417,108.80834319663059,100.849655571207,111.64094668154038,110.81546004179299,118.02557142084284,0.3263143028286142,2.0,-0.02126381948617606,1452.0,1538.0,1427.4875,1.0171717790873827,1.0774174905209328,0.0,0.36363636363636365,-16.05711510214217,317,231,64.8599464060587
309,Evansville,MVC,7-25,102.52068358893587,292,114.75452847015544,293,0.21477091747088123,309,7.0,25.0,3.0,17.0,3-17,0.5445362843614434,0.4581225455792394,0.5813917935088104,0.5445362843614434,0.4581225455792394,0.5813917935088104,0.8318864804928073,0.8291185084892049,110.52513324824758,106.6223355342881,110.52513324824758,106.6223355342881,101.40743061700604,113.95543480344777,95.0792204901368,104.14425652305378,0.25975052168075685,1.0,-0.02606147594257871,1325.0,1581.0,1359.3374999999999,0.9747395330445898,1.1630665673535823,0.0,0.15,-17.617332260329945,340,241,67.05204932670544
310,Alabama A&M,SWAC,18-15,104.60865036238681,259,117.15520640101056,315,0.21372043581372685,310,18.0,15.0,10.0,8.0,10-8,0.27627468292728974,0.34907157995376803,0.22803143875761395,0.27627468292728974,0.34907157995376803,0.22803143875761395,0.9225641936567861,0.8612962922865501,103.04159526533272,111.95164040341251,103.04159526533272,111.95164040341251,107.37078115431709,118.15527947690258,84.92959879597058,121.01419191832606,0.016758002291118096,2.0,0.04118588319859218,1354.0,1324.0,1216.7624999999998,1.1127890611355957,1.0881334689390907,0.0,0.5555555555555556,-11.521771317278445,237,82,65.30343010942266
311,Texas Southern,SWAC,12-18,102.19353188024492,296,114.51337046588102,291,0.21265978360623053,311,12.0,18.0,10.0,8.0,10-8,0.33805906908862915,0.5539155030459159,0.21305450574203932,0.33805906908862915,0.5539155030459159,0.21305450574203932,0.8658179060580723,0.6954142374189876,105.36021145330257,111.15291664316241,105.36021145330257,111.15291664316241,102.89682551551363,114.19526161622576,103.51816739141945,119.94905658519488,0.15522692530523124,4.0,-0.05235352994043474,1388.0,1319.0,1273.0375000000001,1.0903056665652031,1.0361045923627543,0.0,0.5555555555555556,-12.95229258656096,262,304,68.78881567697306
312,Central Connecticut,NEC,18-12,104.6657668254064,258,117.37233160160415,320,0.2112079238964015,312,18.0,12.0,12.0,6.0,12-6,0.25283358659539784,0.36778718401053945,0.1874435168734726,0.25283358659539784,0.36778718401053945,0.1874435168734726,0.9380084443624422,0.8807733049594003,102.34853449871581,113.14914766404947,102.34853449871581,113.14914766404947,107.31311576613021,119.21104730516446,111.17221860239286,119.23093811452094,0.30900179576604087,1.0,0.09224774856769435,1284.0,1270.0,1153.6625,1.1129771488628608,1.1008418839998702,0.0,0.6666666666666666,-9.309675365567614,193,15,64.89897232112774
313,North Carolina A&T,CAA,11-19,104.68607578919199,257,117.39589540511278,321,0.21119504276938733,313,11.0,19.0,4.0,14.0,4-14,0.3772012138927373,0.2906345364518138,0.4378179129151695,0.3772012138927373,0.2906345364518138,0.4378179129151695,0.9092453855734495,0.9123339487564273,106.82279501079508,111.61371032687005,106.82279501079508,111.61371032687005,106.7990181737531,118.50063791175944,0.0,0.0,0.0,0.0,-0.0064280367445470055,1338.0,1448.0,1239.8500000000001,1.0791628019518489,1.167883211678832,0.0,0.2222222222222222,-14.986504965198138,303,186,68.58167937191533
314,Wagner,NEC,14-17,102.37414399527496,294,114.82407621670691,294,0.21084815080182,314,14.0,17.0,8.0,10.0,8-10,0.27873967875633654,0.4172172293870979,0.18748348473219384,0.27873967875633654,0.4172172293870979,0.18748348473219384,0.9138884622712156,0.8190038134345531,103.19920680943214,112.31938526092986,103.19920680943214,112.31938526092986,101.50262158285713,117.34281345095297,110.47035611161937,108.34694753737324,0.5555693897891338,2.0,-0.042572979481069806,1238.0,1261.0,1168.0125,1.0599201635256472,1.079611733607303,0.0,0.4444444444444444,-13.3159598381238,271,278,65.54068152569504
315,Le Moyne,NEC,15-17,101.2824321438674,309,113.87913430653165,279,0.20618380451537924,315,15.0,17.0,10.0,8.0,10-8,0.28034197239875225,0.4218030315953088,0.18800185607674003,0.28034197239875225,0.4218030315953088,0.18800185607674003,0.9252169299766225,0.8577299983517543,103.05783182000812,112.93387780513443,103.05783182000812,112.93387780513443,98.1732567478285,109.74392084604507,83.35018908701207,105.09372080477652,0.06502676106423586,1.0,-0.0015533040344804516,1285.0,1234.0,1233.9750000000001,1.041350108389554,1.0000202597297352,0.0,0.5555555555555556,-13.612878144859426,280,176,69.54415856658945
316,Cleveland St.,Horz,11-22,109.89932390558675,154,123.90845086136187,363,0.20104911123562788,316,11.0,22.0,6.0,14.0,6-14,0.42535770554001373,0.4108269516760585,0.4327940150386572,0.42535770554001373,0.4108269516760585,0.4327940150386572,0.8865020517864277,0.8533439412222201,109.95388311817835,111.18733881265553,109.95388311817835,111.18733881265553,110.73154395555778,123.16501717021802,88.24533170835883,110.29427796120805,0.07143453840579704,1.0,0.011887545139768474,1580.0,1722.0,1393.1874999999998,1.1340899914763807,1.2360145350141314,0.0,0.3,-16.652325793677477,327,140,69.66828041923368
317,Georgia St.,SB,10-22,99.41526658174152,334,112.40049645877654,243,0.1959549287384165,317,10.0,22.0,7.0,11.0,7-11,0.38538610862576034,0.39881835837655694,0.3833976060379575,0.38538610862576034,0.39881835837655694,0.3833976060379575,0.9019947087057674,0.8624049869399292,107.17230641152206,110.7881007150876,107.17230641152206,110.7881007150876,101.78223386626762,110.85899841459127,99.91226657012405,93.95975996876163,0.6696046302094407,1.0,-0.025724084065252395,1276.0,1318.0,1219.1125000000002,1.0466630438126094,1.0811143352233692,0.0,0.3888888888888889,-17.543182940250286,339,238,67.9969741601879
318,UMass Lowell,AE,15-18,103.12181581167938,284,117.13970076285112,314,0.18758987821279569,318,15.0,18.0,9.0,7.0,9-7,0.29922367804156597,0.41261757916209313,0.18786292364849225,0.29922367804156597,0.41261757916209313,0.18786292364849225,0.8957337343950327,0.8157614497920006,104.50536623657166,112.48870555804231,104.50536623657166,112.48870555804231,102.06950332582414,115.80179477337782,90.85320450806755,122.39172826766051,0.031468626898292724,2.0,-0.006611065619421375,1167.0,1144.0,1079.5874999999999,1.0809684254402725,1.0596639920339945,0.0,0.5625,-13.494666346252629,273,188,69.4135534623654
319,Albany,AE,11-21,104.01117090630228,271,118.15636638132801,333,0.18749472854249571,319,11.0,21.0,7.0,9.0,7-9,0.3160890102289953,0.4580936049277598,0.18787485989207323,0.3160890102289953,0.4580936049277598,0.18787485989207323,0.9168150705935478,0.859991755591589,104.54545147144172,112.31190538237787,104.54545147144172,112.31190538237787,102.69184038548427,116.72404628367967,0.0,0.0,0.0,0.0,-0.08857401850996999,1103.0,1082.0,1013.9250000000002,1.0878516655571169,1.0671400744631012,0.0,0.4375,-17.136944918314242,332,353,65.33397072118936
320,Northern Arizona,BSky,10-22,105.34855575033006,245,119.6794433408768,346,0.1874389333525102,320,10.0,22.0,4.0,14.0,4-14,0.41856098298535777,0.3710257280111945,0.459849338730374,0.41856098298535777,0.3710257280111945,0.459849338730374,0.8798404374631527,0.849650559207437,109.52065675835792,110.44394651404608,109.52065675835792,110.44394651404608,108.59728100233214,123.22985015874887,84.1488228525017,99.09563683794956,0.13236216725712166,1.0,-0.00765695398721955,1240.0,1416.0,1141.1999999999998,1.0865755345250616,1.2407991587802316,0.0,0.2222222222222222,-16.75582899262692,328,192,63.84611567676501
321,Lafayette,Pat,11-21,100.97234103121464,316,115.79449969984879,303,0.17148203206558485,321,11.0,21.0,8.0,10.0,8-10,0.33536814129007364,0.45156161683542434,0.26403900489101517,0.33536814129007364,0.45156161683542434,0.26403900489101517,0.9077001745595926,0.8399511089846681,105.60718648907654,112.56351081669293,105.60718648907654,112.56351081669293,98.43576594501202,113.09638471972949,99.79776766255173,117.14628672601337,0.13667409876828424,2.0,-0.031673213582336934,1232.0,1299.0,1195.05,1.0309192084013221,1.0869838082088616,0.0,0.4444444444444444,-16.873986681005608,330,253,66.88923845989561
322,Tennessee Tech,OVC,13-18,102.11370277707766,297,117.25872988854374,316,0.16932717074040582,322,13.0,18.0,8.0,12.0,8-12,0.2837134803438618,0.37741512066694244,0.2321775781661673,0.2837134803438618,0.37741512066694244,0.2321775781661673,0.9181600705272847,0.8410378083868248,103.11457430100891,111.59219261107798,103.11457430100891,111.59219261107798,101.39157994592364,119.43722429522582,99.3188771901364,118.33034608454933,0.11772390905785995,2.0,-0.014675193824834676,1383.0,1451.0,1322.5249999999999,1.0457269238766753,1.097143721290713,0.0,0.4,-14.518756117762539,290,216,67.09775020972721
323,Bucknell,Pat,10-23,99.05739443609795,339,114.03902638412383,281,0.1652496993352158,323,10.0,23.0,6.0,12.0,6-12,0.37402487136957746,0.5291647611181916,0.26473624279438995,0.37402487136957746,0.5291647611181916,0.26473624279438995,0.887433924782665,0.795757822067495,107.15206863818025,112.62875049470273,107.15206863818025,112.62875049470273,97.98421419247364,116.71801529756863,83.19907137389735,110.07000298135094,0.038470844127815804,2.0,-0.01806747493598926,1257.0,1373.0,1220.3625,1.030021817287896,1.1250755410789828,0.0,0.3333333333333333,-17.990286330932562,342,223,67.15653889569867
324,NJIT,AE,16-17,97.28075154122973,345,112.07169081590266,238,0.16414806605385676,324,16.0,17.0,10.0,6.0,10-6,0.3194928048535539,0.468463671786818,0.1908094660251242,0.3194928048535539,0.468463671786818,0.1908094660251242,0.8912829119536202,0.8020719193998339,103.92552797591937,112.30633838615742,103.92552797591937,112.30633838615742,101.0800649944276,113.92406106491688,96.40419958496653,120.33489131723054,0.07243442668722312,2.0,0.07684776107185609,1133.0,1125.0,1064.3000000000002,1.0645494691346422,1.0570327915061541,0.0,0.625,-12.224170156951919,248,24,68.10924513316759
325,Loyola MD,Pat,12-20,103.9590743712725,272,119.90902999922776,347,0.16226585123443815,325,12.0,20.0,8.0,10.0,8-10,0.2878566939388905,0.3114482296096947,0.2650703310409852,0.2878566939388905,0.3114482296096947,0.2650703310409852,0.9260548262418802,0.8913759878911159,104.0131873987725,113.0029053660707,104.0131873987725,113.0029053660707,102.26688039491437,116.3099757504741,74.0634976391774,106.99815611391196,0.014333463326873885,1.0,-0.035874789771681626,1345.0,1374.0,1247.9625000000003,1.0777567434918915,1.100994621232609,0.0,0.4444444444444444,-16.645455365235893,326,258,68.26973083711394
326,North Florida,ASun,7-25,107.04402188849113,208,123.72561370074773,362,0.1590249687616891,326,7.0,25.0,5.0,13.0,5-13,0.39933824920033645,0.5100540196547899,0.3281399302136748,0.39933824920033645,0.5100540196547899,0.3281399302136748,0.845421865446693,0.7121400021171639,108.88743506699826,110.75710180320192,108.88743506699826,110.75710180320192,106.95667235697488,123.05952132438054,102.08128800783392,114.90821466820977,0.20404716702696798,4.0,-0.09057869102594746,1435.0,1555.0,1280.3125,1.120820112277276,1.2145472296802537,0.0,0.2777777777777778,-18.81219524417387,348,355,70.61176043901307
327,Little Rock,OVC,12-20,101.18076885797635,310,116.95167268090387,311,0.15898508409008558,327,12.0,20.0,9.0,11.0,9-11,0.31533967153431947,0.46778282858142,0.23321966842935787,0.31533967153431947,0.46778282858142,0.23321966842935787,0.9180840612340319,0.8374894721890342,102.85264737448664,110.6147903889856,102.85264737448664,110.6147903889856,102.9374456116249,116.06590735397867,105.65305500234354,139.0031793794611,0.04089998432260614,1.0,-0.0015406339445203088,1444.0,1417.0,1346.2625,1.0725991402122543,1.0525436161224129,0.0,0.45,-16.23437372914963,320,175,66.50754272018226
328,New Haven,NEC,14-17,96.35352068084495,350,111.56037948511198,228,0.15640373121472018,328,14.0,17.0,9.0,9.0,9-9,0.28239222234079026,0.40539222863940455,0.19355888445845765,0.28239222234079026,0.40539222863940455,0.19355888445845765,0.8984649439927063,0.8003630002862334,103.65939731312517,111.89815538037077,103.65939731312517,111.89815538037077,97.38411819719104,111.90947361516784,90.13980079186123,107.99003860451468,0.11127457092597742,3.0,0.013014105678432364,1160.0,1166.0,1127.6125,1.0287221895819707,1.0340431664246361,0.0,0.5,-13.003088912608263,265,135,63.4657509992368
329,Cal St. Bakersfield,BW,8-24,101.69435265253543,302,117.94304024370878,327,0.15385953556245127,329,8.0,24.0,2.0,18.0,2-18,0.45889872428841183,0.4196312451024565,0.4824592117999852,0.45889872428841183,0.4196312451024565,0.4824592117999852,0.8707755879156406,0.8435467460155586,107.02910549583385,108.26011780241005,107.02910549583385,108.26011780241005,102.05411360970604,119.83018453452648,82.80502570052396,94.41315563563344,0.1811309134422136,1.0,-0.019855790236597226,1469.0,1739.0,1469.5125,0.9996512448856338,1.1833856466004882,0.0,0.1,-18.15666976476072,345,228,70.08753292414356
330,Norfolk St.,MEAC,15-17,101.75959509333573,301,118.10090225099864,331,0.15282008306915376,330,15.0,17.0,8.0,6.0,8-6,0.25982786088732585,0.3731956006139449,0.13436286740244086,0.25982786088732585,0.3731956006139449,0.13436286740244086,0.9098674942523076,0.8506394475879728,102.12645113177315,112.53215289427551,102.12645113177315,112.53215289427551,102.96086513379211,120.81506680309143,100.04741106255939,106.36171133924063,0.3309665095725927,2.0,-0.026005685488423136,1078.0,1038.0,975.5125,1.1050601606847683,1.0640560730897861,0.0,0.5714285714285714,-13.249550396317195,270,239,68.18001772711403
331,Eastern Illinois,OVC,13-20,97.10922818743393,346,113.16203690118829,262,0.14687554004401057,331,13.0,20.0,8.0,12.0,8-12,0.3182430237524624,0.47454387494981526,0.23444233600521644,0.3182430237524624,0.47454387494981526,0.23444233600521644,0.8824915692763569,0.7280014846668755,104.65334519158412,110.79669652874028,104.65334519158412,110.79669652874028,96.09656786817477,112.25342340074022,95.33183141630423,114.38528865177157,0.10954470835094907,3.0,0.0019868673724828256,1324.0,1393.0,1341.9125,0.9866515141635539,1.038070664070869,0.0,0.4,-15.108047139006445,304,163,65.69102889223917
332,Manhattan,MAAC,12-20,104.11634050828519,268,121.42822455203775,353,0.14568344341894246,332,12.0,20.0,8.0,12.0,8-12,0.33384211636687916,0.39727982235856013,0.2994914245363264,0.33384211636687916,0.39727982235856013,0.2994914245363264,0.9134746698315637,0.8559419195397834,103.6750572680833,111.00759096265384,103.6750572680833,111.00759096265384,103.27428610326385,120.62792540051899,105.32211442227968,127.15736257541678,0.10278806862039659,1.0,0.0329728059881067,1431.0,1517.0,1354.1500000000003,1.0567514677103715,1.12025994166082,0.0,0.4,-16.08040966396739,318,94,68.03556911013067
333,Niagara,MAAC,8-22,100.45036798936093,322,117.30322234087402,318,0.14385518272136572,333,8.0,22.0,5.0,15.0,5-15,0.33454615840300594,0.3920108710241654,0.30581380209242626,0.33454615840300594,0.3920108710241654,0.30581380209242626,0.9001165729626095,0.8114244000124176,104.67679698037819,111.30230304303622,104.67679698037819,111.30230304303622,99.9068926875374,117.53234510329419,100.73243588370079,117.79013070399257,0.1419702419732294,2.0,-0.06751588195831454,1260.0,1391.0,1240.0624999999998,1.016077818658334,1.1217176553601131,0.0,0.25,-18.023199333457942,343,331,62.30411539826708
334,Jackson St.,SWAC,12-21,101.1485119277969,312,118.32566406702054,335,0.1413909904393218,334,12.0,21.0,10.0,8.0,10-8,0.39965749426407104,0.6702081987576144,0.22280737121516614,0.39965749426407104,0.6702081987576144,0.22280737121516614,0.8198641855522788,0.5981964855915222,106.54285799331007,109.68643469393702,106.54285799331007,109.68643469393702,104.15448063115917,120.55492191798749,95.83674983796637,122.34289574579678,0.05688871638833449,6.0,0.0722868371058531,1397.0,1448.0,1296.3375,1.0776514603642955,1.1169930670060844,0.0,0.5555555555555556,-13.781188813054001,282,36,69.6695605082504
335,Holy Cross,Pat,11-22,100.9818910878152,315,118.13577101009415,332,0.1413316330679188,335,11.0,22.0,5.0,13.0,5-13,0.3201576918689637,0.40211541500194936,0.267419360557095,0.3201576918689637,0.40211541500194936,0.267419360557095,0.9149145174803314,0.8590584757475656,106.00300640783753,112.93118838761282,106.00300640783753,112.93118838761282,100.36835723292579,117.57645911559952,80.38525297876322,116.34461701806202,0.014038030499952182,1.0,-0.004316133675003608,1242.0,1319.0,1175.3500000000004,1.056706512953588,1.1222189135151228,0.0,0.2777777777777778,-18.03365748174145,344,185,65.51996082560049
336,UTSA,Amer,5-25,100.88562052913227,318,118.03418461779533,330,0.14120117007062005,336,5.0,25.0,1.0,17.0,1-17,0.502480230876531,0.4425661270025026,0.54242296679255,0.502480230876531,0.4425661270025026,0.54242296679255,0.8384994295067114,0.8294815368571077,110.15770285881777,107.86093700567584,110.15770285881777,107.86093700567584,101.2333008564114,120.88194449990203,117.94395477557512,125.23633876515218,0.33405069925696174,3.0,-0.04521611261200126,1229.0,1526.0,1235.8874999999998,0.9944270817529914,1.2347402170505004,0.0,0.05555555555555555,-18.45677180112178,347,284,68.64097059543982
337,Stonehill,NEC,12-21,92.41657180493829,362,108.64280050600988,165,0.13467624611096005,337,12.0,21.0,8.0,10.0,8-10,0.26527568188629524,0.35782795942086965,0.19599977445786826,0.26527568188629524,0.35782795942086965,0.19599977445786826,0.9194684993415193,0.8474203283124628,103.23280521570275,113.1130129097523,103.23280521570275,113.1130129097523,92.42381723090786,107.99705352443578,104.2436158278478,112.51467087189639,0.29358005676402693,1.0,-0.02917281060346011,1175.0,1199.0,1198.55,0.9803512577698053,1.0003754536731884,0.0,0.4444444444444444,-17.431673200597693,336,246,66.4351323596656
338,North Alabama,ASun,9-21,100.15439931809894,327,117.86022232450487,326,0.13330546816320743,338,9.0,21.0,4.0,14.0,4-14,0.3564340517891588,0.40740852716012077,0.3258685090604608,0.3564340517891588,0.40740852716012077,0.3258685090604608,0.9059179574817163,0.8554687697230058,108.53452546091413,113.76137776081077,108.53452546091413,113.76137776081077,99.82652774053135,120.01416871591445,107.89888318983212,120.44051831566424,0.22019041363671973,1.0,0.00244418025413623,1246.0,1428.0,1187.4375,1.0493183851781673,1.2025896099794726,0.0,0.2222222222222222,-16.979166349847283,331,161,64.891773277111
339,Chicago St.,NEC,7-25,100.36291735507808,325,118.6671915516765,340,0.12712784513706477,339,7.0,25.0,5.0,13.0,5-13,0.3828177651954224,0.6381015280998769,0.19685014836803155,0.3828177651954224,0.6381015280998769,0.19685014836803155,0.8577122258804982,0.7002954795947852,105.72524181902276,110.19286012162925,105.72524181902276,110.19286012162925,98.27198236138203,118.12571923827073,102.57420944028756,111.85192098045147,0.26977246235952906,3.0,-0.06876297099782835,1169.0,1268.0,1152.9624999999999,1.0139098192699243,1.0997755781302516,0.0,0.2777777777777778,-19.016357259840078,350,336,65.73974636757791
340,Fairleigh Dickinson,NEC,11-21,100.91621751187341,317,119.37325677686647,344,0.126574435035383,340,11.0,21.0,8.0,10.0,8-10,0.2956607726086327,0.43090654976544757,0.19691254311278905,0.2956607726086327,0.43090654976544757,0.19691254311278905,0.894008946366305,0.7873163315141183,103.90126491097213,111.35917691760339,103.90126491097213,111.35917691760339,101.3228338782365,118.20616015904771,88.9873917312722,105.44812777215161,0.12435381396318156,2.0,-0.037639044192105175,1195.0,1218.0,1123.7125,1.063439269386075,1.083907138169238,0.0,0.4444444444444444,-16.594678068542052,325,263,64.12744775580619
341,Canisius,MAAC,10-21,96.12344246284907,353,113.74906738030379,274,0.1260704600938866,341,10.0,21.0,5.0,15.0,5-15,0.3357025311221333,0.38676969668368777,0.30761559006327843,0.3357025311221333,0.38676969668368777,0.30761559006327843,0.9170954804415751,0.8678767682008303,104.50332077716001,111.82112166009011,104.50332077716001,111.82112166009011,96.27906639123395,114.07897952551225,0.0,0.0,0.0,0.0,0.010809301666851567,1279.0,1414.0,1298.0875,0.985295675368571,1.0892948279680683,0.0,0.25,-17.273773202525923,334,145,64.13479178565038
342,Army,Pat,11-21,99.9330064549622,329,118.47170761525734,337,0.12379178554860028,342,11.0,21.0,5.0,13.0,5-13,0.3141380228438697,0.3840464039150605,0.2693947034515236,0.3141380228438697,0.3840464039150605,0.2693947034515236,0.9173026126429574,0.8670355491601728,105.94451647829666,113.32854778035389,105.94451647829666,113.32854778035389,100.73164884772477,120.9035352456284,101.36243039573286,118.8119544019144,0.13863730982934008,1.0,0.010060548496475696,1288.0,1406.0,1216.425,1.0588404546108474,1.1558460242102884,0.0,0.2777777777777778,-17.296703999238858,335,146,67.2404246795746
343,Air Force,MWC,3-29,96.29986715529688,352,114.3188989249634,286,0.12211664132042435,343,3.0,29.0,0.0,20.0,0-20,0.6157944758719988,0.42561202059862635,0.7136969093348239,0.6157944758719988,0.42561202059862635,0.7136969093348239,0.7934892590504271,0.9042336680381227,112.0951122434102,106.89827870871517,112.0951122434102,106.89827870871517,95.72754048538832,115.02875874873978,101.80777543361077,123.57061200384744,0.09727709463308849,5.0,-0.029403703199873954,1196.0,1667.0,1343.0874999999996,0.8904855417089358,1.2411700652414681,0.0,0.0,-20.018416901067607,356,247,66.3823513549207
344,Alcorn St.,SWAC,9-23,97.38434410205876,344,115.68470858234397,301,0.12128318263023453,344,9.0,23.0,7.0,11.0,7-11,0.41872097262354746,0.7391461416819389,0.22507246560308541,0.41872097262354746,0.7391461416819389,0.22507246560308541,0.8362745414189755,0.6242431820451957,106.61599982366762,109.87537245405288,106.61599982366762,109.87537245405288,97.23933947743043,118.30039817388881,94.10904636895995,109.68117886496054,0.14667497023350357,4.0,0.037127397332998774,1244.0,1341.0,1226.6999999999998,1.0141028776391947,1.0931768158473956,0.0,0.3888888888888889,-16.225037725791257,319,87,68.01648375960356
345,Northern Illinois,MAC,9-21,95.9332598486645,355,114.48401865215976,290,0.11578156946818599,345,9.0,21.0,4.0,14.0,4-14,0.4341064888176105,0.4234057946431449,0.4412402849339209,0.4341064888176105,0.4234057946431449,0.4412402849339209,0.8610253866898464,0.8184743523684371,109.0126668043184,110.16118948536166,109.0126668043184,110.16118948536166,93.05305996335456,112.47987307507942,98.69350011917496,114.99433385163124,0.14704936587774736,2.0,0.06804026842359442,1159.0,1393.0,1233.875,0.9393171917738831,1.1289636308378077,0.0,0.2222222222222222,-15.329259233673541,310,41,67.56312481782915
346,Southern Indiana,OVC,7-23,96.31826645510259,351,115.0068731200686,296,0.1151339590264493,346,7.0,23.0,4.0,16.0,4-16,0.275226855333915,0.3503592845935327,0.2376606407041061,0.275226855333915,0.3503592845935327,0.2376606407041061,0.9381850746263456,0.8952359287957673,102.90595417072836,112.76827155669893,102.90595417072836,112.76827155669893,96.42072721561553,114.76812456547293,0.0,0.0,0.0,0.0,-0.11963135184375084,1324.0,1433.0,1341.875,0.9866790870982767,1.0679087098276665,0.0,0.2,-20.25667108634852,357,363,67.7677092042682
347,The Citadel,SC,11-22,100.44501435005598,323,120.83969008977425,350,0.10661200463863206,347,11.0,22.0,7.0,11.0,7-11,0.3323444134290498,0.33701385719446125,0.3288689114655188,0.3323444134290498,0.33701385719446125,0.3288689114655188,0.9238478411166533,0.9026788313788419,107.51657458868156,113.83631386982529,107.51657458868156,113.83631386982529,98.21012368483548,118.0619878905411,0.0,0.0,0.0,0.0,0.0388462417215219,1244.0,1404.0,1199.6625,1.0369583111916894,1.170329155074865,0.0,0.3888888888888889,-18.275093747275285,346,85,64.23921269858312
348,Louisiana Monroe,SB,4-28,101.61377310311467,305,122.80150804446122,359,0.10174471812080604,348,4.0,28.0,1.0,17.0,1-17,0.3928590513793478,0.37995357781096273,0.40496577719345794,0.3928590513793478,0.37995357781096273,0.40496577719345794,0.888439434985651,0.8477697401470583,106.57294953556145,110.14097898459497,106.57294953556145,110.14097898459497,100.90894784220771,121.6461055990626,124.91943685630147,128.34811470352938,0.42277604531302926,1.0,-0.11507875740069595,1288.0,1536.0,1280.9999999999998,1.0054644808743172,1.1990632318501173,0.0,0.05555555555555555,-22.99888817028184,364,362,70.32043642457025
349,Maine,AE,8-24,92.48130282754724,361,111.87134164262002,232,0.10074769656323579,349,8.0,24.0,6.0,10.0,6-10,0.30757928262695994,0.4301112102733568,0.19884304643360676,0.30757928262695994,0.4301112102733568,0.19884304643360676,0.9232957487956821,0.8753575016702814,104.02213637230552,112.9071168281696,104.02213637230552,112.9071168281696,92.87792682746921,112.1311350410884,0.0,0.0,0.0,0.0,-0.04569773565449026,1022.0,1076.0,1035.9625,0.9865221955427922,1.0386476344462274,0.0,0.375,-20.418828103071384,359,287,64.81741515094878
350,New Hampshire,AE,9-21,95.64325111984746,357,116.25953188365608,308,0.09579905012974196,350,9.0,21.0,5.0,11.0,5-11,0.32889377698916855,0.47246371271664356,0.19947443028942488,0.32889377698916855,0.47246371271664356,0.19947443028942488,0.878917151194671,0.7739936336706301,104.92706691537292,111.8254221025468,104.92706691537292,111.8254221025468,95.118118583476,118.16922728092071,106.4224443036949,108.90624776219133,0.43405752225714994,3.0,-0.017369681055863007,1110.0,1202.0,1101.4125000000001,1.0077968063736338,1.091325911046043,0.0,0.3125,-16.26921774643851,321,220,67.46596443683954
351,Saint Francis,NEC,7-24,100.84608891863348,320,122.64469083753906,358,0.09530599956618371,351,7.0,24.0,5.0,13.0,5-13,0.3361427334881523,0.5240258335382829,0.20044938345194685,0.3361427334881523,0.5240258335382829,0.20044938345194685,0.8820213444031388,0.7626951455610796,105.5774012089059,111.19854315078696,105.5774012089059,111.19854315078696,102.07947047389119,123.49232053527142,100.28404457819721,116.48168441462477,0.15163102378900936,3.0,-0.060593855711316674,1325.0,1421.0,1246.2125000000003,1.0632215613308322,1.1402549725668774,0.0,0.2777777777777778,-19.251461868911562,352,319,70.0643758835475
352,North Carolina Central,MEAC,14-18,100.45683068281076,321,122.5602862013831,357,0.09220016892532576,352,14.0,18.0,8.0,6.0,8-6,0.2946561866568747,0.4546651077224848,0.14315865271492506,0.2946561866568747,0.4546651077224848,0.14315865271492506,0.8758354668063734,0.7658653868146873,103.18962658822265,111.83181433998482,103.18962658822265,111.83181433998482,102.12954726952778,124.71652354979331,102.34052794299036,123.39702642976806,0.10417579370786355,4.0,0.028841307121348858,1010.0,1038.0,935.15,1.0800406351922152,1.1099823557718014,0.0,0.5714285714285714,-12.975101598079974,264,101,65.83842791041793
353,South Carolina St.,MEAC,10-22,95.82281552994664,356,117.29136681938198,317,0.08908619430798922,353,10.0,22.0,7.0,7.0,7-7,0.3122401831904108,0.45945659334843153,0.14361346042397152,0.3122401831904108,0.45945659334843153,0.14361346042397152,0.8846602001838481,0.7984930211351089,104.36812215826997,112.85850804217509,104.36812215826997,112.85850804217509,95.43115004573338,114.49133275075393,90.33139441705207,121.42759379957154,0.03223050917402292,3.0,-0.017254979802337034,965.0,996.0,957.5874999999999,1.007740806975864,1.0401138277180937,0.0,0.5,-17.213248517930882,333,219,68.91263020853098
354,Morgan St.,MEAC,14-16,99.20050698424092,336,121.45915163003625,354,0.08883031804954701,354,14.0,16.0,10.0,4.0,10-4,0.25538778784824345,0.3732264270069487,0.14365084583059848,0.25538778784824345,0.3732264270069487,0.14365084583059848,0.9281485900316476,0.8803811752620186,101.26381009148666,113.00465174285506,101.26381009148666,113.00465174285506,99.54657492613079,119.57837843280365,0.0,0.0,0.0,0.0,0.06246936092656352,1071.0,1072.0,1010.4499999999999,1.0599237963283685,1.0609134544015044,0.0,0.7142857142857143,-12.953736526020515,263,49,70.52636500241417
355,Bryant,AE,9-22,97.10381506968054,347,120.12963818327464,348,0.07965129342798848,355,9.0,22.0,5.0,11.0,5-11,0.3201830413445966,0.45102817372023335,0.2015393932478875,0.3201830413445966,0.45102817372023335,0.2015393932478875,0.8974854852443079,0.8186834964087562,103.88409243184681,111.13795380286534,103.88409243184681,111.13795380286534,96.46745286336284,121.23769016733809,97.11465465138946,99.08306261317722,0.4425642457314603,2.0,0.01123170793303857,1048.0,1160.0,1033.45,1.0140790555904977,1.1224539164932992,0.0,0.3125,-17.726667628143126,341,143,64.30012058756427
356,Maryland Eastern Shore,MEAC,9-23,93.6249441044827,358,116.38234242376964,309,0.0757029909489598,356,9.0,23.0,5.0,9.0,5-9,0.31549743435497213,0.46857142311025707,0.14557168125279726,0.31549743435497213,0.46857142311025707,0.14557168125279726,0.8633870508880819,0.7646300754933596,104.3974743522255,112.75067517945816,104.3974743522255,112.75067517945816,91.72790832270076,115.74681387749358,89.02696658709799,105.93825778366181,0.11919798616161896,5.0,-0.03631160330403482,906.0,926.0,910.9125000000001,0.9946070561113168,1.0165630617649883,0.0,0.35714285714285715,-17.500425381954706,337,259,63.350706923635656
357,Rider,MAAC,4-25,96.63311173311052,348,120.16206101139501,349,0.07543313845730078,357,4.0,25.0,3.0,17.0,3-17,0.4011121060586233,0.5448024395167024,0.33645145600248794,0.4011121060586233,0.5448024395167024,0.33645145600248794,0.8487589818697497,0.661770183501449,106.45485315117261,109.59903300172837,106.45485315117261,109.59903300172837,98.55315822083664,121.42877298867886,105.06098221064991,116.56902560596214,0.23230520316832892,4.0,-0.0717492448729479,1299.0,1508.0,1300.325,0.9989810239747755,1.1597100724818794,0.0,0.15,-19.408609626127923,353,340,65.75685897253356
358,Binghamton,AE,8-23,98.95208590162761,341,123.34756585265112,360,0.07349111610772602,358,8.0,23.0,4.0,12.0,4-12,0.23452828613886292,0.2688740833141741,0.20232910128700868,0.23452828613886292,0.2688740833141741,0.20232910128700868,0.9399187781619929,0.9128369309823132,102.0400188830016,113.59864207820216,102.0400188830016,113.59864207820216,99.03481961676744,121.1778571167724,0.0,0.0,0.0,0.0,-0.08305382852178606,1075.0,1171.0,1044.7250000000001,1.028978917897054,1.1208691282394887,0.0,0.25,-20.333356591777854,358,349,65.586917645134
359,VMI,SC,6-26,99.35978952521288,335,124.5613299068632,364,0.0691652560787756,359,6.0,26.0,1.0,17.0,1-17,0.33206876766900817,0.3363658832454404,0.33312546595635,0.33206876766900817,0.3363658832454404,0.33312546595635,0.9152729286341276,0.8824471856309949,108.12188340940608,114.0359058620819,108.12188340940608,114.0359058620819,97.66897798324321,123.93719378965517,98.90498913964979,109.98150420741158,0.22780378236841453,2.0,-0.0491595201922769,1218.0,1485.0,1202.3625000000002,1.013005645136138,1.2350684589713998,0.0,0.05555555555555555,-22.1362099439949,361,294,66.88644698505965
360,UMKC,Sum,4-27,93.17038780148653,359,117.98559620741295,329,0.062063454127082106,360,4.0,27.0,1.0,15.0,1-15,0.41162139357482846,0.4571495904287679,0.383495255851149,0.41162139357482846,0.4571495904287679,0.383495255851149,0.8682956954919155,0.805692865887145,109.93070430301191,111.36012943848232,109.93070430301191,111.36012943848232,94.1911482887201,119.29423007726663,86.2341203086929,103.62144527347583,0.10790692715450823,3.0,-0.06372017779187863,1086.0,1367.0,1138.875,0.9535726045439579,1.2003073208209856,0.0,0.0625,-21.45478896906129,360,327,69.79094123574782
361,Gardner Webb,BSth,4-29,95.9681197287509,354,122.02851009173031,355,0.059370908323246825,361,5.0,28.0,1.0,15.0,1-15,0.41879342261606217,0.45834164713143727,0.3741828711619481,0.41879342261606217,0.45834164713143727,0.3741828711619481,0.8631410301433272,0.8048745439100832,108.52891171387965,109.59119654666777,108.52891171387965,109.59119654666777,96.75740878220762,122.858086637675,95.34011708580881,121.84031019449561,0.05622657394997415,2.0,-0.060647248955441685,1081.0,1361.0,1122.0,0.9634581105169341,1.21301247771836,0.0,0.0625,-22.923052415448996,362,320,69.66483530728081
362,Delaware St.,MEAC,8-23,88.78339864804101,365,114.25390017874176,283,0.05212538870171542,362,9.0,22.0,2.0,12.0,2-12,0.2573861070905096,0.3807622596519519,0.14903606700084435,0.2573861070905096,0.3807622596519519,0.14903606700084435,0.9196802227165534,0.8598699156767153,102.89352411287462,113.89382468686279,102.89352411287462,113.89382468686279,88.07341918224365,116.72391606185109,71.06300294326394,116.46250998104439,0.0033984569309267504,1.0,-0.06944275487749701,852.0,986.0,918.7625,0.9273343219820138,1.0731826777866966,0.0,0.14285714285714285,-19.57057512306227,354,337,65.54638993991678
363,Coppin St.,MEAC,7-24,92.00624491968973,363,118.94959195302849,342,0.049561998661045645,363,7.0,24.0,5.0,9.0,5-9,0.3568623545922613,0.527702278710244,0.14941387530613953,0.3568623545922613,0.527702278710244,0.14941387530613953,0.878824058955069,0.8006098682427922,104.69120264825874,111.98577844745934,104.69120264825874,111.98577844745934,92.0214061809594,117.32513407697246,89.05083237176581,121.43800010524104,0.02745789534852281,3.0,0.01914795267572325,936.0,1007.0,950.8624999999998,0.9843694540482985,1.0590385045156372,0.0,0.35714285714285715,-18.88595245723594,349,123,68.62109108644987
364,Mississippi Valley St.,SWAC,3-30,91.50049310912047,364,121.20092595872686,352,0.03795311701800148,364,3.0,30.0,2.0,16.0,2-16,0.3548011061645907,0.5313155469881087,0.2246574495553536,0.3548011061645907,0.5313155469881087,0.2246574495553536,0.8808859267580698,0.767753051326373,105.67704413478857,111.42280630884298,105.67704413478857,111.42280630884298,91.12533417852372,120.05295567862589,102.52344266749375,125.59048422037489,0.0883658977382498,4.0,-0.04317324081535048,1164.0,1395.0,1239.975,0.9387286033992621,1.1250226819089095,0.0,0.1111111111111111,-24.719984693591524,365,279,67.27272803699364
365,Western Illinois,OVC,5-26,93.13602186768367,360,123.65461722942831,361,0.03698843751406238,365,5.0,26.0,1.0,19.0,1-19,0.2742732043244057,0.3262661437209796,0.24567708765629007,0.2742732043244057,0.3262661437209796,0.24567708765629007,0.9294959204200448,0.8767853885649178,103.2524899371177,111.5720006428631,103.2524899371177,111.5720006428631,91.824412480951,123.10350153334971,102.39461552542733,104.2732367080368,0.44792034656856083,1.0,-0.04004617495871832,1261.0,1562.0,1355.8874999999998,0.9300181615362633,1.1520129804279486,0.0,0.05,-22.947667816254842,363,271,66.55796063524542
